date,POSTIX_Date,Instrument,SampleID,A,gsw,Ci,Qin,VPDleaf,Tair,RHs,Tleaf,CO2s,Patm,E,Flow
20230605,2023-06-05 18:09:12,Lindsey,BNL15210,-0.726835899,3.29313629,746.0690125,0,0.758853083,31.5706,83.67877943,31.6976,400.038,99.5725,2.62E-02,500.176
20230605,2023-06-05 18:05:51,Lindsey,BNL15210,-0.278010747,10.25823673,437.9440315,20.0005,0.781487064,31.6954,83.33199468,31.8473,400.003,99.5741,8.39E-02,500.327
20230605,2023-06-05 18:02:29,Lindsey,BNL15210,-0.153636674,11.90203573,415.3339342,30.0107,0.791657354,31.6771,83.12848239,31.8279,400.054,99.5726,9.86E-02,500.177
20230605,2023-06-05 17:59:08,Lindsey,BNL15210,0.315904162,10.62756105,347.3155259,50.0042,0.800665142,31.6181,82.99645664,31.7409,399.972,99.5718,8.90E-02,500.345
20230605,2023-06-05 17:55:47,Lindsey,BNL15210,0.356875066,17.46611972,361.6740764,60.002,0.856443302,31.8022,81.94792563,31.9666,399.925,99.5743,0.156332785,500.32
20230605,2023-06-05 17:52:26,Lindsey,BNL15210,0.605181009,18.50076125,342.0440617,74.9978,0.872346994,31.7418,81.60784049,31.8962,399.96,99.5886,0.168573826,500.299
20230605,2023-06-05 17:49:05,Lindsey,BNL15210,0.838114916,23.21607367,336.4304379,99.9947,0.912122354,31.7803,80.85884331,31.9356,400.033,99.58,0.220994813,500.241
20230605,2023-06-05 17:45:44,Lindsey,BNL15210,1.071961296,25.45654526,326.8608437,124.992,0.915222378,31.6602,80.75866858,31.8064,400.081,99.5788,0.242975101,500.172
20230605,2023-06-05 17:42:23,Lindsey,BNL15210,1.901498309,29.75366244,291.791153,250.003,0.951277575,31.6627,80.56714347,31.7896,400.039,99.5803,0.294968351,500.123
20230605,2023-06-05 17:39:02,Lindsey,BNL15210,2.411287076,29.09561781,261.3898249,374.999,0.979471761,31.627,80.5742092,31.7515,400.028,99.5765,0.297063256,500.194
20230605,2023-06-05 17:35:41,Lindsey,BNL15210,2.624375704,32.14838413,262.8125429,499.999,1.067690859,31.8369,79.52279459,31.9953,400.022,99.5767,0.357740949,500.223
20230605,2023-06-05 17:32:20,Lindsey,BNL15210,2.881979566,34.75767153,260.4439764,600,1.119245191,31.8766,78.94321549,32.0186,400.036,99.5775,0.405281256,500.4
20230605,2023-06-05 17:28:59,Lindsey,BNL15210,3.135713834,43.17015872,276.3972991,749.999,1.160439162,31.8779,78.70026605,32.0426,399.987,99.5794,0.521136137,500.346
20230605,2023-06-05 17:25:38,Lindsey,BNL15210,3.203514491,44.32205085,276.1687201,1000,1.288527706,32.0834,77.53217948,32.2736,399.929,99.5841,0.594267315,500.281
20230605,2023-06-05 17:22:17,Lindsey,BNL15210,3.391940574,44.31624922,268.8156117,1250,1.386679428,32.1845,76.92462556,32.3885,399.916,99.5814,0.639744607,500.133
20230605,2023-06-05 17:18:56,Lindsey,BNL15210,3.534485224,42.98120148,259.5347571,1500,1.445446658,32.107,76.92839301,32.311,400.001,99.5813,0.647018153,500.261
20230605,2023-06-05 18:00:12,Mikeala,BNL15211,-0.924739305,49.05388377,425.6533429,0,0.688224311,31.7467,84.8759021,32.551,400.014,99.6689,0.35058735,500.095
20230605,2023-06-05 17:56:51,Mikeala,BNL15211,-0.38187383,43.46530863,409.5366491,19.9969,0.683104521,31.8487,85.23161224,32.6768,400.015,99.6716,0.308763506,500.065
20230605,2023-06-05 17:53:30,Mikeala,BNL15211,-0.176512793,44.88420359,401.5940854,30.0022,0.710046501,31.8394,84.67393416,32.6445,400.024,99.6724,0.331277091,500.034
20230605,2023-06-05 17:50:09,Mikeala,BNL15211,0.243822889,41.01439215,385.4834469,50.0021,0.748884776,31.834,83.9684158,32.6494,399.983,99.6723,0.319448987,500.018
20230605,2023-06-05 17:46:48,Mikeala,BNL15211,0.432480264,52.86428125,381.5168575,60.0077,0.806248455,31.9918,82.7832993,32.8378,399.991,99.6807,0.442319294,500.067
20230605,2023-06-05 17:43:27,Mikeala,BNL15211,0.699244246,50.58417459,372.3088816,74.9975,0.83776087,31.926,82.13819462,32.7718,400.019,99.6799,0.439833254,500.026
20230605,2023-06-05 17:40:06,Mikeala,BNL15211,1.06229394,55.69644921,363.6513176,99.9968,0.879760536,31.9153,81.27494199,32.7727,400.059,99.675,0.5079955,500.031
20230605,2023-06-05 17:36:45,Mikeala,BNL15211,1.488374376,58.2992461,353.1597723,124.993,0.895418565,31.7954,80.89895486,32.6202,400.025,99.6806,0.540705453,500.074
20230605,2023-06-05 17:33:24,Mikeala,BNL15211,2.776845506,61.71416069,321.6253271,249.993,0.937551536,31.7794,80.55190682,32.6156,399.979,99.6823,0.598932682,500.113
20230605,2023-06-05 17:30:03,Mikeala,BNL15211,3.620258976,60.22848693,297.2531552,375.004,0.974313846,31.719,80.34032727,32.5457,400.026,99.6791,0.607590097,500.068
20230605,2023-06-05 17:26:42,Mikeala,BNL15211,4.16379558,64.51298,289.6140609,499.997,1.047609315,31.8609,79.47823551,32.7032,399.979,99.6768,0.699434161,500.052
20230605,2023-06-05 17:23:21,Mikeala,BNL15211,4.524524099,65.60513316,282.2174452,599.999,1.092129181,31.8808,79.02812052,32.729,399.941,99.6811,0.741360878,500.076
20230605,2023-06-05 17:20:00,Mikeala,BNL15211,4.69413028,64.55630007,276.0115768,750.001,1.147056039,31.8915,78.63936306,32.7305,400.03,99.6834,0.76641682,500.072
20230605,2023-06-05 17:16:38,Mikeala,BNL15211,5.042481943,66.00297173,269.3742024,1000,1.273301355,32.1545,77.54373866,33.056,400.023,99.6863,0.870181348,500.112
20230605,2023-06-05 17:13:17,Mikeala,BNL15211,5.293584627,67.7754895,266.0041231,1250.01,1.374137956,32.2971,76.87325635,33.2311,399.977,99.6836,0.964515004,500.069
20230605,2023-06-05 17:09:56,Mikeala,BNL15211,5.342495057,64.65710086,258.6213233,1500,1.427410235,32.2324,77.03715201,33.2141,400.056,99.687,0.956528856,500.144
20230606,2023-06-06 17:38:14,Julia,BNL15219,-0.962642153,79.67787207,426.8025038,0,1.110124632,31.7198,75.07509626,31.8971,415.037,99.5223,0.912379462,600.013
20230606,2023-06-06 17:36:13,Julia,BNL15219,-0.343241265,78.24754917,414.4208877,14.9996,1.117919132,31.685,74.95289672,31.837,415.063,99.528,0.902390325,600.127
20230606,2023-06-06 17:34:12,Julia,BNL15219,-0.216206266,81.37878802,411.4559265,30.0027,1.135178689,31.7233,74.64343936,31.876,414.988,99.531,0.952435782,600.137
20230606,2023-06-06 17:32:11,Julia,BNL15219,0.200394588,81.12188976,403.0436368,50.0012,1.172891681,31.8168,74.03559242,31.9705,415.064,99.5325,0.98109341,600.175
20230606,2023-06-06 17:30:10,Julia,BNL15219,0.50340458,85.99858008,397.4910376,75.0074,1.185198194,31.8182,73.80714842,31.9708,415.029,99.5318,1.05001093,600.103
20230606,2023-06-06 17:28:09,Julia,BNL15219,1.116583446,82.05092317,385.0295635,99.9961,1.186255449,31.7407,73.86827787,31.86,415.014,99.5314,1.003307228,600.079
20230606,2023-06-06 17:26:08,Julia,BNL15219,1.487373514,83.98258554,378.2541375,125.002,1.210695054,31.7847,73.47833114,31.9055,414.99,99.5342,1.04771168,600.028
20230606,2023-06-06 17:24:07,Julia,BNL15219,3.401759533,82.01809386,339.7245896,249.997,1.272542319,31.8834,72.92074408,31.9981,414.972,99.5398,1.076064001,600.342
20230606,2023-06-06 17:22:06,Julia,BNL15219,4.327213452,83.8376315,323.2796797,375,1.296372214,31.8498,72.94928466,31.9487,414.955,99.5437,1.120192728,600.008
20230606,2023-06-06 17:20:05,Julia,BNL15219,5.314950711,82.79269347,302.8157714,550.003,1.348219365,31.8672,72.74845565,31.9618,414.963,99.5482,1.150876387,600.09
20230606,2023-06-06 17:18:04,Julia,BNL15219,5.52300882,81.71101894,297.2768565,599.991,1.373933727,31.8757,72.47111193,31.9674,415.002,99.5482,1.157748601,600.152
20230606,2023-06-06 17:16:03,Julia,BNL15219,6.126481203,80.56418714,283.5297646,750.003,1.417232659,31.8777,72.31956009,31.9682,415.029,99.5489,1.177895523,600.185
20230606,2023-06-06 17:14:02,Julia,BNL15219,6.692897293,81.00264644,272.5687349,999.999,1.486561163,31.9002,72.12553838,31.9691,415.012,99.5487,1.242531223,600.208
20230606,2023-06-06 17:12:01,Julia,BNL15219,6.947062043,80.41610515,266.0955743,1200,1.559572207,31.9754,71.71611545,32.0482,414.962,99.5517,1.29464753,600.113
20230606,2023-06-06 17:10:00,Julia,BNL15219,7.1815135,80.57175085,261.3261502,1400,1.631097355,32.0417,71.32496671,32.1123,414.986,99.5543,1.35699115,600.122
20230606,2023-06-06 17:07:59,Julia,BNL15219,7.440048583,79.26095972,253.4193831,1600,1.696480861,32.0855,71.08113076,32.1669,414.983,99.5553,1.38917368,599.822
20230607,2023-06-07 14:55:07,Bernie,BNL15220,-0.355921503,53.37202419,422.2026223,-0.684914827,0.568065804,25.75082779,83.95136261,26.1421299,415.3031616,99.12454224,0.309523417,450.2360229
20230607,2023-06-07 14:49:47,Bernie,BNL15220,0.367710387,54.30884427,399.1058076,49.18759155,0.588400843,25.71108246,83.64302063,26.06917381,414.0997009,99.12814331,0.326084857,450.217041
20230607,2023-06-07 14:44:27,Bernie,BNL15220,1.041395475,55.06274555,378.4435326,99.68125153,0.619894244,25.68167877,82.98754883,26.00476646,413.309082,99.13332367,0.348153578,450.2235718
20230607,2023-06-07 14:39:06,Bernie,BNL15220,1.935477775,57.08054212,352.5193409,200.3955841,0.682904277,25.67943573,82.2206192,26.02852249,412.0916138,99.13916016,0.397305051,450.217041
20230607,2023-06-07 14:33:46,Bernie,BNL15220,2.578679184,60.75871576,337.2482678,299.2825928,0.752481266,25.69156075,81.33338165,26.09138107,411.1410828,99.14082336,0.465399131,450.2767334
20230607,2023-06-07 14:28:26,Bernie,BNL15220,3.295901432,59.67106276,315.365024,400.3372192,0.803476232,25.64804268,80.5765686,25.99748421,410.2564697,99.14710236,0.488171156,450.2548828
20230607,2023-06-07 14:23:05,Bernie,BNL15220,3.629003264,59.78200877,305.4409656,501.0592651,0.857793957,25.63890457,80.1491394,26.016222,409.5042725,99.15547943,0.522138657,450.2858887
20230607,2023-06-07 14:17:44,Bernie,BNL15220,4.227221171,60.03089162,288.2954885,750.6276245,0.965276966,25.66191864,79.96764374,26.08644485,408.7014771,99.15984344,0.590244961,450.2503967
20230607,2023-06-07 14:12:23,Bernie,BNL15220,4.665664994,59.74734026,274.6016075,1000.861389,1.079751847,25.68807602,79.78425598,26.17927742,408.0440674,99.16189575,0.657557237,450.2345886
20230607,2023-06-07 14:07:02,Bernie,BNL15220,4.981392233,59.80252425,265.0586703,1251.251709,1.203477261,25.73481178,79.58828735,26.32098389,407.5997009,99.16590118,0.734015682,450.2786865
20230607,2023-06-07 14:04:11,Bernie,BNL15220,5.195111247,59.55740967,257.8497237,1500.202271,1.313818339,25.7447319,79.58243561,26.38130951,407.3288269,99.17218018,0.798519122,450.2426453
20230607,2023-06-07 13:58:49,Bernie,BNL15220,5.570843825,59.11584588,244.7321584,1999.171997,1.544209484,25.81328773,79.86740112,26.58586884,406.7241211,99.18132019,0.932967875,450.2759399
20230607,2023-06-07 17:16:45,Bernie,BNL15221,-0.869729871,42.34949671,443.0799813,-0.714549124,0.838561677,28.85626793,80.22074127,29.3148632,415.830658,99.01624298,0.366817321,450.2983704
20230607,2023-06-07 17:11:25,Bernie,BNL15221,0.314707164,42.38376485,396.1798889,49.66928864,0.923147303,28.86746979,78.66498566,29.35087967,414.4722595,99.02044678,0.404047261,450.1961365
20230607,2023-06-07 17:06:05,Bernie,BNL15221,0.937489972,40.30202277,369.7245303,100.1708832,0.942619282,28.74051666,77.93328094,29.09822273,413.5678406,99.02794647,0.392383377,450.2477112
20230607,2023-06-07 17:00:45,Bernie,BNL15221,2.019192383,40.95759724,325.7550907,199.5587463,1.058566692,28.9143734,77.49726868,29.53057671,412.140564,99.03048706,0.448040096,450.2446899
20230607,2023-06-07 16:55:24,Bernie,BNL15221,2.529126396,41.98765378,306.9211994,299.671936,1.10661904,28.78295898,76.37796021,29.26453972,411.1575623,99.03586578,0.479738905,450.2996216
20230607,2023-06-07 16:50:04,Bernie,BNL15221,2.994855316,41.72196783,287.5592894,399.5509033,1.175139488,28.78339386,76.05886841,29.34111023,410.7119141,99.03310394,0.506396145,450.2905884
20230607,2023-06-07 16:44:44,Bernie,BNL15221,3.498399861,41.32224917,266.1163023,500.0863647,1.210285728,28.71604156,75.94515991,29.23826599,410.1004944,99.04178619,0.51657623,450.269928
20230607,2023-06-07 16:39:24,Bernie,BNL15221,4.001559137,39.51399398,238.2770944,751.4969482,1.323561077,28.7466259,76.49486542,29.38419914,409.4066772,99.05180359,0.540959171,450.2576599
20230607,2023-06-07 16:34:04,Bernie,BNL15221,4.274521007,39.38605491,225.1213563,1000.535767,1.509848313,28.92325592,76.36745453,29.84623146,408.8439636,99.05060577,0.615904486,450.2006226
20230607,2023-06-07 16:28:44,Bernie,BNL15221,4.524720666,39.5586836,215.2027255,1249.946655,1.590527419,28.83973312,76.68703461,29.70770454,408.7048645,99.05521393,0.651851092,450.2518921
20230607,2023-06-07 16:23:24,Bernie,BNL15221,4.738317592,37.63677059,195.7779262,1501.133911,1.738052155,28.9162178,77.13148499,29.96032524,408.3005981,99.06650543,0.678824218,450.2604065
20230607,2023-06-07 16:18:03,Bernie,BNL15221,5.25996048,37.93910295,174.9004864,1999.689209,2.087343132,29.11592293,77.12108612,30.55539513,409.51651,99.07047272,0.823493064,450.2404785
20230607,2023-06-07 17:43:09,Julia,BNL15230,-1.046064117,75.22879865,429.9237574,0,1.174626163,32.3936,74.63865456,32.5555,415.751,99.123,0.916516238,500.04
20230607,2023-06-07 17:41:08,Julia,BNL15230,-0.565367243,74.86841803,418.9925224,14.9989,1.179138418,32.3406,74.55104889,32.4996,415.023,99.1227,0.915569298,500.1
20230607,2023-06-07 17:39:36,Julia,BNL15230,0.071465151,73.05438293,404.9364914,29.9936,1.167967363,32.2297,74.74831925,32.3457,414.555,99.1122,0.885138547,500.079
20230607,2023-06-07 17:37:35,Julia,BNL15230,0.114650275,75.98174749,403.6047415,49.9989,1.160186841,32.1757,74.8967613,32.2739,414.01,99.1147,0.913887432,500.215
20230607,2023-06-07 17:35:45,Julia,BNL15230,1.063194181,71.09064221,381.4634392,75.0092,1.165956574,32.1687,74.97186628,32.2352,413.442,99.1191,0.860082191,500.046
20230607,2023-06-07 17:33:44,Julia,BNL15230,1.370092408,73.30613619,374.6976549,100.004,1.189352869,32.264,74.6845366,32.3142,412.812,99.1254,0.904422124,500.187
20230607,2023-06-07 17:32:06,Julia,BNL15230,2.266233158,70.56138504,352.4356743,124.998,1.221120291,32.3319,74.26820915,32.4026,412.238,99.1246,0.894356195,500.099
20230607,2023-06-07 17:30:23,Julia,BNL15230,3.648585492,72.01423975,320.5029197,250.002,1.261025505,32.3364,74.02783741,32.4069,410.229,99.1253,0.94243347,500.073
20230607,2023-06-07 17:29:05,Julia,BNL15230,4.850260564,70.75669932,290.2709686,374.998,1.322663354,32.4398,73.52205243,32.5389,408.946,99.1272,0.971717173,500.244
20230607,2023-06-07 17:27:04,Julia,BNL15230,5.764394763,70.76208975,268.0868475,550.004,1.416615896,32.6118,72.68779408,32.7464,407.934,99.1265,1.041273919,500.266
20230607,2023-06-07 17:25:24,Julia,BNL15230,5.985147419,69.53993714,260.3488259,600.005,1.462561363,32.7026,72.14578914,32.8267,407.787,99.1311,1.056823573,500.075
20230607,2023-06-07 17:24:23,Julia,BNL15230,6.379150943,69.85780582,251.2048602,750,1.499148145,32.6999,72.14232285,32.8144,407.225,99.1319,1.08834473,499.779
20230607,2023-06-07 17:23:17,Julia,BNL15230,6.941829287,67.01287138,230.7878473,999.995,1.567234659,32.7042,72.09012908,32.8329,406.692,99.1342,1.092347461,500.078
20230607,2023-06-07 17:22:16,Julia,BNL15230,7.348568118,66.45424888,219.0213529,1200,1.614051534,32.6803,72.13397197,32.8034,406.303,99.1317,1.115987462,500.27
20230607,2023-06-07 17:20:15,Julia,BNL15230,7.522408876,65.16118966,210.7333621,1400,1.680605034,32.7182,71.90060029,32.8279,406.071,99.1346,1.139979773,500.137
20230607,2023-06-07 17:18:14,Julia,BNL15230,7.432964495,65.75629405,214.0764556,1600,1.732368842,32.6969,71.83194598,32.8122,405.859,99.1371,1.185890048,500.089
20230607,2023-06-07 18:15:23,Mikeala,BNL15231,-0.81586845,54.64809284,432.2984592,0,0.969115477,32.2678,79.22308535,32.6903,415.103,99.2229,0.551329218,499.992
20230607,2023-06-07 18:14:22,Mikeala,BNL15231,-0.470220325,55.23911242,421.7241418,20.0038,1.00006534,32.4171,78.82715629,32.8369,415.016,99.2276,0.57517256,500.03
20230607,2023-06-07 18:13:21,Mikeala,BNL15231,-0.291450683,55.72311737,416.3978353,30.0006,1.01849801,32.5058,78.58330541,32.9318,415.072,99.2282,0.590953533,500.001
20230607,2023-06-07 18:12:20,Mikeala,BNL15231,0.078322532,57.04739733,405.6873324,49.9932,1.032413815,32.5624,78.43794689,32.9946,415.025,99.2288,0.613189311,500.044
20230607,2023-06-07 18:11:19,Mikeala,BNL15231,0.220997928,57.4817888,401.6221074,59.9972,1.046501449,32.6373,78.27438939,33.0838,415.013,99.2299,0.626332878,500.02
20230607,2023-06-07 18:10:18,Mikeala,BNL15231,0.424028018,56.00655629,395.5861688,75.0086,1.051959235,32.6379,78.25966728,33.0541,414.975,99.2293,0.613625616,500.009
20230607,2023-06-07 18:09:17,Mikeala,BNL15231,0.722008459,57.25868685,387.4962565,99.9991,1.055487055,32.6273,78.28126975,33.052,414.974,99.2341,0.629275553,499.976
20230607,2023-06-07 18:08:16,Mikeala,BNL15231,0.910421718,57.48094322,382.4704514,125.003,1.044615913,32.563,78.55823748,32.9606,415.045,99.2366,0.625130922,499.989
20230607,2023-06-07 18:07:15,Mikeala,BNL15231,2.19969756,56.39137431,345.1153005,250.012,1.081197873,32.5952,78.48459907,32.9663,414.994,99.2396,0.635009722,500.017
20230607,2023-06-07 18:06:14,Mikeala,BNL15231,2.900121769,56.15662227,324.7365728,375.009,1.114859173,32.6069,78.43923944,32.9818,415.036,99.2375,0.652214212,500.013
20230607,2023-06-07 18:05:13,Mikeala,BNL15231,3.404101639,55.89759538,309.6791253,500.007,1.152786029,32.6393,78.33570974,32.9944,415.006,99.2414,0.671442602,500.014
20230607,2023-06-07 18:04:12,Mikeala,BNL15231,3.613218226,56.56087121,304.6757697,600.003,1.187419675,32.6946,78.19050293,33.0311,414.991,99.2421,0.699895741,499.981
20230607,2023-06-07 18:03:11,Mikeala,BNL15231,3.883171579,56.72747809,296.945548,750.002,1.251613376,32.8342,77.819887,33.1575,414.953,99.2464,0.740194808,500.068
20230607,2023-06-07 18:02:10,Mikeala,BNL15231,4.141207692,57.09921628,289.8919405,1000.01,1.355240406,33.0352,77.26926655,33.3765,415.029,99.2489,0.807235031,500.062
20230607,2023-06-07 18:01:09,Mikeala,BNL15231,4.291967058,57.54614037,285.871785,1250,1.47185239,33.2782,76.56693718,33.6757,414.986,99.2514,0.884168855,499.993
20230607,2023-06-07 18:00:07,Mikeala,BNL15231,4.420995663,56.2706063,279.0395338,1500.01,1.565374898,33.3993,76.23342345,33.8278,415.029,99.2498,0.920281734,499.999
20230608,2023-06-08 14:13:54,Bernie,BNL15232,0.300414006,68.24957434,400.0773768,50.88905334,1.117398559,27.03402138,63.29802704,26.27841377,414.8321228,98.93058014,0.773031649,450.2006226
20230608,2023-06-08 14:11:57,Bernie,BNL15232,0.911293214,67.68906652,385.1756162,99.88954163,1.181442528,27.05557442,63.2057457,26.55332184,415.0458679,98.92742157,0.811091074,450.2207947
20230608,2023-06-08 14:10:01,Bernie,BNL15232,1.912072113,68.90314598,361.6078554,199.5892029,1.228176058,27.05800056,63.08792496,26.59683228,414.9412537,98.92573547,0.858092267,450.2449951
20230608,2023-06-08 14:07:39,Bernie,BNL15232,2.763428657,68.29218558,340.7884433,299.6011353,1.292286431,27.08241272,62.88830948,26.72434616,415.1130371,98.92891693,0.895318252,450.3347473
20230608,2023-06-08 14:05:55,Bernie,BNL15232,3.510678928,69.1581469,323.6164683,400.5553589,1.341423765,27.11214066,62.78152466,26.78896713,414.9333801,98.92853546,0.941082789,450.2810974
20230608,2023-06-08 14:04:32,Bernie,BNL15232,4.021944835,69.64278199,311.8255984,500.6044312,1.406926229,27.17751884,62.66691208,26.96454048,414.8621216,98.92649841,0.994178117,450.289856
20230608,2023-06-08 14:02:44,Bernie,BNL15232,4.721780447,69.52581658,294.8732483,751.3128052,1.524732043,27.21359062,62.70613098,27.09617233,415.0485535,98.92453766,1.076414041,450.2444763
20230608,2023-06-08 14:00:22,Bernie,BNL15232,5.336977811,69.327653,279.2458087,1000.949341,1.654487296,27.26942444,62.7169838,27.28267097,414.8125,98.92346191,1.165672724,450.3057556
20230608,2023-06-08 13:58:58,Bernie,BNL15232,5.598765714,68.47575336,270.850698,1250.174316,1.777300557,27.30704498,62.79909897,27.40751076,414.7986755,98.92353821,1.238109431,450.2778931
20230608,2023-06-08 13:56:36,Bernie,BNL15232,5.843249844,68.82933045,265.4588568,1501.022705,1.911666006,27.36382866,62.90007782,27.59772491,415.2453003,98.92294312,1.339515177,450.267334
20230608,2023-06-08 13:54:42,Bernie,BNL15232,6.398219776,66.41245977,245.4096835,1999.378418,2.150610335,27.39746857,63.2153244,27.71657944,414.8120728,98.91965485,1.457477842,450.2651367
20230608,2023-06-08 16:25:12,Bernie,BNL15236,-0.655051567,91.1310225,418.5546942,-0.691187978,1.197604151,29.33831215,65.90583038,28.96809006,415.0583801,98.92618561,1.106398079,450.2605896
20230608,2023-06-08 16:23:50,Bernie,BNL15236,-0.226999463,90.16759374,410.8410751,21.01563263,1.209419685,29.32154274,65.86071014,28.96310616,415.0252686,98.92553711,1.105883638,450.2207642
20230608,2023-06-08 16:22:28,Bernie,BNL15236,-0.113558639,89.81207018,408.8835244,28.92264557,1.218128676,29.3223896,65.83781433,28.98892212,415.1684875,98.92581177,1.109625771,450.244873
20230608,2023-06-08 16:21:04,Bernie,BNL15236,0.315233685,89.39639465,400.7648113,50.96826172,1.233102456,29.32894325,65.81723785,29.02416992,414.9360962,98.9265976,1.11830361,450.2130432
20230608,2023-06-08 16:19:42,Bernie,BNL15236,0.489725135,90.19999394,397.779511,60.78255463,1.235188411,29.32785225,65.7611618,29.00882149,415.0627136,98.92823792,1.129923644,450.2064209
20230608,2023-06-08 16:18:19,Bernie,BNL15236,0.780484942,89.80426993,392.3665986,74.61672211,1.241648794,29.32527161,65.71392059,29.00220871,414.9936218,98.92895508,1.131002776,450.2249146
20230608,2023-06-08 16:16:44,Bernie,BNL15236,1.229173734,88.5100389,383.8322156,100.8409348,1.252099502,29.31826401,65.69482422,28.98902702,414.9684143,98.92764282,1.124629241,450.1870728
20230608,2023-06-08 16:15:07,Bernie,BNL15236,1.507447295,88.44174877,378.6226181,124.1532593,1.295537292,29.37403488,65.59931946,29.19579887,415.1794739,98.93161011,1.163047452,450.2380981
20230608,2023-06-08 16:13:45,Bernie,BNL15236,2.286336568,87.90628552,363.6643088,179.8318481,1.331344295,29.38559532,65.51164246,29.26281357,415.0042419,98.93240356,1.18836053,450.2426147
20230608,2023-06-08 16:12:19,Bernie,BNL15236,2.936764431,86.08977389,350.3430308,250.403656,1.367191946,29.36900139,65.42635345,29.27147484,415.0411682,98.93276215,1.19601452,450.2080383
20230608,2023-06-08 16:10:56,Bernie,BNL15236,4.176810908,84.55342758,325.0451546,375.144165,1.454395565,29.40594673,65.35849762,29.47967529,415.0437012,98.93226624,1.250856537,450.2087097
20230608,2023-06-08 16:09:31,Bernie,BNL15236,5.138054936,81.93658323,303.006201,500.6942749,1.530319914,29.41824532,65.30879211,29.59747696,414.9464111,98.93453979,1.27702141,450.1899109
20230608,2023-06-08 16:08:03,Bernie,BNL15236,5.658844498,80.86308168,290.9021564,599.7973022,1.600186029,29.43997955,65.15781403,29.73041534,414.9874573,98.93293762,1.31877037,450.2503662
20230608,2023-06-08 16:06:16,Bernie,BNL15236,6.138720672,79.61820354,278.6497181,750.4516602,1.722353428,29.49417877,65.06327057,30.04460907,414.9071045,98.93301392,1.399147435,450.225708
20230608,2023-06-08 16:04:54,Bernie,BNL15236,6.885103799,76.97697387,257.8541982,1000.260498,1.881890858,29.52623749,65.06616974,30.31361961,414.8196411,98.9311676,1.480696382,450.2140808
20230608,2023-06-08 16:03:53,Bernie,BNL15236,7.361994131,74.45669113,241.9729551,1251.308228,2.05027852,29.55465317,65.12223816,30.60385132,414.9459229,98.93241882,1.563168533,450.2047729
20230608,2023-06-08 16:02:52,Bernie,BNL15236,7.809721461,72.48655536,226.7249016,1500.549927,2.223521458,29.59680939,65.17863464,30.9055481,414.7720337,98.93039703,1.653188458,450.1964722
20230608,2023-06-08 16:01:40,Bernie,BNL15236,8.125523353,70.06826352,212.9208352,1801.479004,2.413358539,29.61676598,65.29832458,31.14070129,415.0412598,98.92794037,1.73781608,450.2022095
20230608,2023-06-08 16:00:39,Bernie,BNL15236,8.302209029,67.5590814,201.3908733,1999.101196,2.505859607,29.60191917,65.30231476,31.09887505,414.9207458,98.92908478,1.742072333,450.221405
20230608,2023-06-08 18:22:28,Bernie,BNL15238,-1.182436529,130.279294,421.0218643,-0.244208187,1.296903518,30.76172638,67.4592514,30.90967369,415.0773621,98.88239288,1.707886749,450.2644653
20230608,2023-06-08 18:20:38,Bernie,BNL15238,-0.6032984,128.7716493,413.8930274,19.77318001,1.314587847,30.77538872,67.47209167,30.9689045,415.2593384,98.88630676,1.712022718,450.2969971
20230608,2023-06-08 18:18:46,Bernie,BNL15238,-0.273433257,129.3357515,409.4394706,31.22271156,1.318550232,30.78461647,67.55596924,30.99596786,415.0301819,98.88684082,1.72454881,450.2454834
20230608,2023-06-08 18:16:24,Bernie,BNL15238,0.045639448,129.0236284,405.3382869,50.28599548,1.324120082,30.776968,67.62415314,30.9982357,415.0014648,98.88272095,1.727965609,450.2414246
20230608,2023-06-08 18:14:22,Bernie,BNL15238,0.16827464,126.2518115,403.4930564,60.38835144,1.349093596,30.73120117,67.75111389,31.08822632,414.9248047,98.8792572,1.724353843,450.2418518
20230608,2023-06-08 18:12:00,Bernie,BNL15238,0.426035133,128.7209024,400.488316,74.01567078,1.327535987,30.7520256,67.64700317,30.96048164,415.0054626,98.88903046,1.728365816,450.2046509
20230608,2023-06-08 18:09:58,Bernie,BNL15238,0.977271488,127.4231664,393.0053851,100.9717178,1.339036925,30.73604012,67.66650391,30.95783615,414.7149658,98.89359283,1.726393796,450.2296448
20230608,2023-06-08 18:07:36,Bernie,BNL15238,1.541525815,127.5667675,386.157013,124.33461,1.349836134,30.75300217,67.7270813,30.99658775,415.1615295,98.89812469,1.742324973,450.230896
20230608,2023-06-08 18:05:14,Bernie,BNL15238,2.242411437,127.2046928,376.7150367,179.5162659,1.373078458,30.76155472,67.81346893,31.03950119,414.9229431,98.89775085,1.767800163,450.2070313
20230608,2023-06-08 18:02:57,Bernie,BNL15238,3.18145381,119.7619517,361.4496982,250.4133606,1.486650683,30.79898262,67.81963348,31.46472931,414.9097595,98.90365601,1.806984821,450.1932678
20230608,2023-06-08 18:00:35,Bernie,BNL15238,4.17506481,117.5366564,346.1520776,375.5922546,1.570720963,30.82010269,67.76539612,31.64721489,414.6968079,98.89641571,1.87589213,450.246582
20230608,2023-06-08 17:58:30,Bernie,BNL15238,5.02311035,116.0855087,333.2370403,499.791687,1.655364588,30.84773636,67.66909027,31.82849503,414.8950195,98.89867401,1.954221694,450.2533264
20230608,2023-06-08 17:57:04,Bernie,BNL15238,5.670881555,113.6219081,321.9906051,600.8087158,1.731367803,30.88385773,67.65316772,32.01444626,414.854126,98.90232849,2.002830228,450.2839355
20230608,2023-06-08 17:54:42,Bernie,BNL15238,6.14623683,112.4070199,313.6727143,750.6976929,1.842635045,30.92027664,67.41310883,32.24229813,414.9257202,98.90459442,2.110576822,450.2592163
20230608,2023-06-08 17:52:47,Bernie,BNL15238,6.857795107,108.0167137,298.6925464,999.5776367,2.006080138,30.94128418,67.35666656,32.51909637,415.0936279,98.90683746,2.212719982,450.2372131
20230608,2023-06-08 17:51:14,Bernie,BNL15238,7.38294692,104.7149032,286.2930115,1250.476563,2.171331116,30.96815109,67.29627991,32.78882599,414.9094238,98.90734863,2.326059636,450.2440796
20230608,2023-06-08 17:49:48,Bernie,BNL15238,7.755284987,101.6149405,276.1552128,1501.466064,2.333662689,30.98581505,67.25654602,33.02358627,415.000885,98.90665436,2.430256968,450.2642822
20230608,2023-06-08 17:47:26,Bernie,BNL15238,7.95510569,98.40659758,268.1566511,1799.678833,2.498839506,30.94836998,67.30344391,33.1506691,415.1226501,98.90550995,2.52456458,450.2419434
20230608,2023-06-08 17:45:04,Bernie,BNL15238,8.157419466,97.0229514,262.0503376,1999.70813,2.620451426,30.9943428,67.59222412,33.35684204,414.8516846,98.91074371,2.613364278,450.2498779
20230608,2023-06-08 18:33:32,Julia,BNL15239,-0.877557384,125.7339889,419.8974195,0,0.932943334,32.3652,79.1462125,32.4891,415.053,99.0267,1.207963494,500.201
20230608,2023-06-08 18:32:31,Julia,BNL15239,-0.324763089,131.1624782,412.6075162,20.0058,0.92750156,32.3781,79.31203951,32.4673,415.012,99.0413,1.251456384,500.268
20230608,2023-06-08 18:31:30,Julia,BNL15239,-0.071927688,131.5043238,409.5796854,29.9965,0.915057098,32.3838,79.64291262,32.4711,415.026,99.0374,1.238004325,500.159
20230608,2023-06-08 18:29:37,Julia,BNL15239,0.605534036,132.4100365,401.1706785,49.9966,0.932625229,32.5347,79.50211373,32.6328,415.039,99.0365,1.270736801,500.223
20230608,2023-06-08 18:30:29,Julia,BNL15239,0.443659191,131.7341611,403.1854141,50.0053,0.926902131,32.4699,79.56882612,32.5622,415.06,99.0362,1.256466745,500.227
20230608,2023-06-08 18:29:28,Julia,BNL15239,0.626259981,132.0061932,400.83256,60.0037,0.936672493,32.547,79.48146344,32.6366,415.005,99.0348,1.272524859,500.138
20230608,2023-06-08 18:28:27,Julia,BNL15239,0.89800816,131.8886421,397.3212973,74.9978,0.966255138,32.6743,79.04316973,32.7845,415.042,99.0371,1.311832976,500.196
20230608,2023-06-08 18:27:26,Julia,BNL15239,1.563020471,132.6203157,389.1164322,99.999,0.984939154,32.7324,78.81255326,32.8431,415.029,99.033,1.34465213,500.138
20230608,2023-06-08 18:26:25,Julia,BNL15239,1.954557465,133.4743108,384.3833846,124.996,1.00196139,32.768,78.59286053,32.8695,415.044,99.0265,1.376661908,500.171
20230608,2023-06-08 18:25:23,Julia,BNL15239,3.063126662,134.0665912,370.9480814,180.002,1.017178655,32.7614,78.52136097,32.846,415.003,99.0285,1.403629952,500.151
20230608,2023-06-08 18:24:22,Julia,BNL15239,3.91720034,134.9507255,360.8832961,249.993,1.035991188,32.7738,78.46488676,32.845,415.079,99.0272,1.438951125,500.225
20230608,2023-06-08 18:23:21,Julia,BNL15239,5.6107467,133.6959999,339.6768707,374.998,1.068664002,32.7949,78.42863137,32.8496,415.028,99.0352,1.471035733,500.192
20230608,2023-06-08 18:22:20,Julia,BNL15239,6.78369455,133.6263002,325.1790923,500,1.104353407,32.8285,78.3281588,32.8976,415,99.0346,1.519724635,500.114
20230608,2023-06-08 18:21:19,Julia,BNL15239,7.309450977,134.9336869,319.5431109,600.004,1.123475373,32.8307,78.40534673,32.8755,415.011,99.0359,1.561005628,500.108
20230608,2023-06-08 18:20:18,Julia,BNL15239,8.0918556,133.742379,308.9726566,750,1.169995349,32.9366,78.31680111,32.9913,414.957,99.0387,1.6123012,500.227
20230608,2023-06-08 18:19:17,Julia,BNL15239,8.973783651,130.4855223,295.2058317,1000,1.254073174,33.0897,78.05177028,33.1786,415.017,99.0415,1.688141788,500.015
20230608,2023-06-08 18:18:16,Julia,BNL15239,9.590580206,129.1132689,285.8723176,1250,1.324653546,33.1387,77.93532878,33.238,414.974,99.0408,1.765597763,500.249
20230608,2023-06-08 18:17:15,Julia,BNL15239,10.00533214,129.3754463,280.5683796,1500,1.395565932,33.194,77.80846156,33.3162,415.024,99.042,1.864594346,500.215
20230608,2023-06-08 18:16:14,Julia,BNL15239,10.30996886,129.6518151,276.5905286,1800.01,1.47834913,33.2644,77.7371149,33.4266,415.06,99.0438,1.980404639,500.095
20230609,2023-06-09 14:34:03,Bernie,BNL15244,-0.708426035,69.31340454,424.9213823,0.009675337,0.974455184,25.27750206,65.7247467,24.86720085,414.9700928,99.20011139,0.682085884,450.291687
20230609,2023-06-09 14:32:50,Bernie,BNL15244,-0.343575442,67.791832,416.1473338,20.98198128,1.015234676,25.276577,65.7984314,25.09636116,414.8320313,99.20110321,0.695561845,450.3316345
20230609,2023-06-09 14:31:45,Bernie,BNL15244,-0.189405528,69.00107796,412.568475,31.30904579,1.014108492,25.28195,65.82814789,25.08315086,415.0105896,99.19967651,0.70689852,450.2643738
20230609,2023-06-09 14:30:44,Bernie,BNL15244,0.110506339,68.5592047,405.4784982,50.79209137,1.025658078,25.27967453,65.84295654,25.11567879,415.0608521,99.19983673,0.710525019,450.2950439
20230609,2023-06-09 14:29:36,Bernie,BNL15244,0.307900382,68.85632896,400.8445008,60.64329147,1.032599223,25.28329086,65.78377533,25.13212585,415.1089478,99.19895935,0.718379392,450.2825623
20230609,2023-06-09 14:28:35,Bernie,BNL15244,0.445355214,69.16451519,397.4106189,75.2436142,1.039514629,25.28375053,65.69169617,25.12970924,414.9065857,99.20171356,0.726331165,450.299469
20230609,2023-06-09 14:27:32,Bernie,BNL15244,0.751487702,70.05490382,390.438647,99.42366028,1.053912661,25.29523659,65.56279755,25.15852165,414.9844971,99.20412445,0.745651674,450.2652588
20230609,2023-06-09 14:26:26,Bernie,BNL15244,1.013257583,70.23018079,384.2912288,124.7678757,1.065973685,25.2868309,65.43956757,25.15397263,414.9135742,99.20861816,0.75599742,450.2348633
20230609,2023-06-09 14:24:59,Bernie,BNL15244,1.486565652,70.33719635,373.3152228,179.5613861,1.084759539,25.26945114,65.39443207,25.13888741,414.9308777,99.2123642,0.7704795,450.2677002
20230609,2023-06-09 14:23:49,Bernie,BNL15244,2.007742521,69.29029336,360.3861578,249.5054779,1.11915697,25.2759552,65.31257629,25.1910553,414.9126282,99.21546936,0.783470136,450.3352661
20230609,2023-06-09 14:22:44,Bernie,BNL15244,2.986750738,67.80956144,335.7920258,375.7553101,1.173656591,25.28783226,65.27367401,25.25559998,415.0332031,99.21729279,0.804701356,450.2863159
20230609,2023-06-09 14:21:14,Bernie,BNL15244,3.447595131,66.9629163,323.3471062,500.9659729,1.239797083,25.3113308,65.19845581,25.39382172,415.0059204,99.21527863,0.839998509,450.3365479
20230609,2023-06-09 14:19:45,Bernie,BNL15244,3.852098167,66.50443895,312.5063379,599.9638672,1.295390939,25.3538208,65.08771515,25.52382088,414.8910522,99.21337128,0.872082056,450.2819824
20230609,2023-06-09 14:18:41,Bernie,BNL15244,4.153457104,65.4941532,303.102104,750.9927368,1.375857806,25.40617371,64.96437073,25.68517685,414.8085022,99.21537018,0.912896628,450.2315979
20230609,2023-06-09 14:17:36,Bernie,BNL15244,4.590309969,63.92005419,289.0539589,1001.180786,1.497657082,25.44206619,64.89490509,25.86030006,414.9696045,99.21272278,0.971034198,450.2706604
20230609,2023-06-09 14:16:33,Bernie,BNL15244,4.924063762,64.71445523,281.5760049,1250.820068,1.617289875,25.47640419,64.96366882,26.04788208,415.1038513,99.2151947,1.062037258,450.303894
20230609,2023-06-09 14:15:32,Bernie,BNL15244,5.092842674,60.03400486,266.3433792,1500.933716,1.834432858,25.48938942,65.00785065,26.67881012,414.9790344,99.21472168,1.120673014,450.2963257
20230609,2023-06-09 14:14:18,Bernie,BNL15244,5.443295861,58.01394185,251.1777175,1800.054443,1.998208953,25.4898243,65.07589722,26.89118004,415.0658569,99.21537018,1.181524859,450.3002319
20230609,2023-06-09 17:17:33,Bernie,BNL15245,-1.214598809,96.25559602,426.050704,0.282324046,1.392963302,28.53689003,61.30168915,28.62136459,415.0460205,99.16007996,1.354200609,450.1987305
20230609,2023-06-09 17:15:32,Bernie,BNL15245,-0.723187049,98.50304341,417.4974071,20.46704674,1.381258201,28.50990677,61.61462784,28.58026695,414.9688721,99.16017151,1.373256163,450.1629028
20230609,2023-06-09 17:13:31,Bernie,BNL15245,-0.007788584,98.92276901,405.4388345,30.75224686,1.394330023,28.53992462,61.82427597,28.69747543,414.7936096,99.16466522,1.392188057,450.2119141
20230609,2023-06-09 17:11:30,Bernie,BNL15245,0.17261294,102.1190036,402.7301736,51.00934982,1.401165159,28.5576725,61.95515823,28.75713158,415.011261,99.16736603,1.442915733,450.190918
20230609,2023-06-09 17:10:29,Bernie,BNL15245,0.441262046,100.7182164,398.3124781,60.807827,1.412296184,28.57002449,61.97633362,28.80274773,415.041687,99.16760254,1.435167051,450.2667236
20230609,2023-06-09 17:08:28,Bernie,BNL15245,0.584330362,104.6833167,396.5973098,74.66176605,1.376028247,28.50153542,62.17810822,28.60000038,415.0425415,99.16667175,1.451296673,450.2133484
20230609,2023-06-09 17:06:27,Bernie,BNL15245,1.54492584,105.4057528,381.6440106,100.2434158,1.382169869,28.49990082,62.16718674,28.58848381,414.8970337,99.1669693,1.467539887,450.1206665
20230609,2023-06-09 17:04:26,Bernie,BNL15245,1.722672345,107.9863211,379.2854681,124.6690979,1.417977363,28.57175446,62.09685898,28.7914257,414.8994141,99.16777039,1.541585191,450.2405396
20230609,2023-06-09 17:03:19,Bernie,BNL15245,2.645426618,108.1863876,365.2427306,179.8609619,1.459786083,28.60847473,62.03785324,28.93325996,414.9676208,99.16888428,1.590256171,450.2517395
20230609,2023-06-09 17:01:46,Bernie,BNL15245,3.729558247,107.6151639,348.1361242,250.4252777,1.516903201,28.64385223,61.99428558,29.12517357,414.8163757,99.17159271,1.644541765,450.2055359
20230609,2023-06-09 17:00:30,Bernie,BNL15245,5.127838524,107.8042352,326.6333355,374.5480652,1.582814032,28.66719437,62.04437637,29.27721024,414.7170715,99.17233276,1.719585266,450.2737732
20230609,2023-06-09 16:59:15,Bernie,BNL15245,6.26453203,106.6763588,308.4479847,500.4480896,1.663055664,28.70244408,62.02907562,29.48090172,415.1351929,99.1724472,1.789307723,450.2929382
20230609,2023-06-09 16:58:07,Bernie,BNL15245,7.142200057,109.1998053,297.2514338,600.9852295,1.678419852,28.72768974,62.03497314,29.40942574,414.943573,99.17636871,1.847264986,450.2405396
20230609,2023-06-09 16:56:41,Bernie,BNL15245,7.946156631,109.6907605,285.2530684,750.763916,1.763407975,28.78313446,62.06875992,29.61873055,414.8856506,99.18104553,1.950190952,450.1988525
20230609,2023-06-09 16:55:40,Bernie,BNL15245,8.836178046,108.0592361,269.5354983,999.7776489,1.888434785,28.81855965,62.28970718,29.8430481,414.9760742,99.18360138,2.060018383,450.2485046
20230609,2023-06-09 16:54:22,Bernie,BNL15245,9.465234862,106.1775381,257.1384631,1249.824951,1.999145451,28.81984901,62.52716446,29.95751381,415.0858765,99.18524933,2.145475261,450.2656555
20230609,2023-06-09 16:53:06,Bernie,BNL15245,9.881314022,104.2399351,247.3012388,1501.231201,2.12499677,28.83619118,62.77321625,30.13763809,415.0066528,99.18663025,2.241986576,450.2958374
20230609,2023-06-09 16:51:50,Bernie,BNL15245,10.18421142,103.4919988,240.6854406,1799.983521,2.266172275,28.85513878,63.11869812,30.3155117,414.9667969,99.1865921,2.37649285,450.1943359
20230609,2023-06-09 16:50:49,Bernie,BNL15245,10.33232644,98.05811585,228.4291937,2000.408447,2.507738259,28.87126923,63.50356293,31.06993484,415.004364,99.18756866,2.499522079,450.1966248
20230609,2023-06-09 18:46:58,Bernie,BNL15246,-0.863345742,78.89911148,420.2867108,1.023139238,1.827300799,29.00372124,53.26037598,29.54717827,415.0458374,99.10046387,1.46211661,450.2736206
20230609,2023-06-09 18:45:33,Bernie,BNL15246,-0.35852499,78.09355958,409.8577971,19.9046936,1.855416484,28.98321533,53.41130829,29.67420578,415.0500793,99.10086823,1.470108326,450.2098083
20230609,2023-06-09 18:44:32,Bernie,BNL15246,-0.00957349,78.97271529,402.6478102,31.42083931,1.861180273,28.99228287,53.51346588,29.71573639,415.0819702,99.10391998,1.49092371,450.258728
20230609,2023-06-09 18:43:31,Bernie,BNL15246,0.413097223,79.54339442,393.8556828,50.3272934,1.872911903,29.01224899,53.54175568,29.76180649,414.9301147,99.10583496,1.510998641,450.242157
20230609,2023-06-09 18:42:30,Bernie,BNL15246,0.565816366,79.97506678,390.900645,61.33057022,1.881177767,29.02039337,53.55020523,29.79408646,415.0680847,99.10703278,1.525754882,450.2391968
20230609,2023-06-09 18:41:29,Bernie,BNL15246,0.834365866,80.53296211,385.6018129,76.35088348,1.877638981,28.99733925,53.66191101,29.76208496,415.0435486,99.10764313,1.533214498,450.2813416
20230609,2023-06-09 18:40:28,Bernie,BNL15246,1.24689744,82.11446044,378.0290242,99.18566132,1.850189375,28.99424553,53.70661163,29.59171677,415.0800781,99.10743713,1.539473805,450.2332764
20230609,2023-06-09 18:39:27,Bernie,BNL15246,1.716097918,83.10218243,369.0892586,125.1278076,1.847900166,28.99605942,53.75108719,29.54696274,414.9474487,99.11061859,1.555521174,450.2687988
20230609,2023-06-09 18:38:26,Bernie,BNL15246,2.624841418,83.74150427,351.7454912,179.9880829,1.872321633,29.01120758,53.80909729,29.59417152,415.0274048,99.11021423,1.588148604,450.2801514
20230609,2023-06-09 18:37:18,Bernie,BNL15246,3.551869157,83.16581088,333.0924981,250.5007019,1.913772714,28.99537277,54.00819016,29.70128822,414.955658,99.10947418,1.612915601,450.2744141
20230609,2023-06-09 18:36:02,Bernie,BNL15246,4.638505086,81.78615454,309.6995681,374.4125671,2.027379909,29.05130196,54.28350067,30.11616516,414.7962646,99.10798645,1.682419814,450.2524719
20230609,2023-06-09 18:34:50,Bernie,BNL15246,5.330636443,81.54682896,295.4135937,499.6947937,2.090958794,29.07434845,54.50065994,30.24266243,414.8180237,99.10596466,1.731060665,450.2336426
20230609,2023-06-09 18:33:49,Bernie,BNL15246,5.947131371,81.02049017,282.2073881,601.432373,2.162634664,29.11364937,54.62450409,30.43841171,414.9456482,99.10620117,1.779998741,450.2983704
20230609,2023-06-09 18:31:57,Bernie,BNL15246,6.433015021,80.14907459,270.4524517,751.2702026,2.298539394,29.22489166,54.6905632,30.86557388,414.9676514,99.10929871,1.873646328,450.2340393
20230609,2023-06-09 18:30:56,Bernie,BNL15246,6.911073798,83.72073522,266.5760408,1000.854004,2.298057104,29.26101112,54.89866257,30.46053123,414.8911438,99.11132813,1.954655702,450.3086853
20230609,2023-06-09 18:29:55,Bernie,BNL15246,7.35158736,83.45002549,257.1445822,1250.863159,2.41662055,29.30170631,55.20081711,30.60475159,415.034729,99.11276245,2.050655112,450.2693787
20230609,2023-06-09 18:28:54,Bernie,BNL15246,7.609438482,83.64822582,251.7924185,1500.942993,2.523683229,29.3384304,55.4876442,30.6818924,414.8939514,99.11508942,2.14797275,450.2436829
20230609,2023-06-09 18:27:53,Bernie,BNL15246,7.814336182,82.52653496,245.2272855,1800.123657,2.643744734,29.33987236,55.83929062,30.6871624,414.9092407,99.11734009,2.222488516,450.2938843
20230609,2023-06-09 18:26:52,Bernie,BNL15246,7.828793627,81.45164985,242.6715774,1999.192261,2.725089767,29.33868217,56.09994888,30.68781471,415.0447998,99.12068939,2.262967272,450.2590332
20230608,2023-06-08 18:10:22,Mikeala,BNL15248,-0.787008697,65.55689231,425.1300172,0,1.371236595,32.7881,71.2094645,33.267,415.397,99.1843,0.933501622,500.03
20230608,2023-06-08 18:09:21,Mikeala,BNL15248,-0.334806901,65.10507157,413.6849589,20.0039,1.377519433,32.7852,71.18360986,33.2552,414.953,99.1895,0.931353794,499.986
20230608,2023-06-08 18:08:20,Mikeala,BNL15248,-0.130509696,65.19860001,408.423233,30.0049,1.378179054,32.7756,71.20371922,33.2271,414.709,99.1917,0.933095287,500.037
20230608,2023-06-08 18:07:19,Mikeala,BNL15248,0.344291149,64.87463087,396.2377021,49.9932,1.387890139,32.7949,71.13819373,33.2631,414.258,99.1951,0.935076639,499.948
20230608,2023-06-08 18:06:18,Mikeala,BNL15248,0.471395196,64.8763239,392.850538,59.9985,1.401406616,32.8368,70.97186785,33.2992,414.088,99.1981,0.944245011,500.058
20230608,2023-06-08 18:05:17,Mikeala,BNL15248,0.737489746,64.41659197,385.7959295,75.0055,1.410909112,32.8444,70.87087142,33.2902,413.77,99.2025,0.943958234,499.977
20230608,2023-06-08 18:04:16,Mikeala,BNL15248,1.135941807,64.63280923,375.5334801,99.9916,1.421354391,32.8551,70.79219616,33.3066,413.354,99.2029,0.95413128,500.06
20230608,2023-06-08 18:03:15,Mikeala,BNL15248,1.495540849,64.33437904,366.004284,125.007,1.429626546,32.8522,70.74820721,33.2955,412.925,99.2043,0.955304547,500.026
20230608,2023-06-08 18:02:14,Mikeala,BNL15248,2.266046183,64.14500459,345.8834549,180,1.446193481,32.8587,70.69692926,33.2997,412.184,99.2062,0.96361527,500.049
20230608,2023-06-08 18:01:13,Mikeala,BNL15248,2.950685652,64.66730259,328.605444,249.994,1.465672234,32.8821,70.67502821,33.3271,411.466,99.2071,0.984581619,499.943
20230608,2023-06-08 18:00:12,Mikeala,BNL15248,3.800066767,63.48021538,304.6320863,375.006,1.518495706,32.9771,70.40058924,33.4271,410.495,99.208,1.001879764,500.043
20230608,2023-06-08 17:59:10,Mikeala,BNL15248,4.459869646,63.33381412,286.9833168,500.005,1.545205325,32.9679,70.47814491,33.4437,409.828,99.2049,1.017376902,500.083
20230608,2023-06-08 17:58:09,Mikeala,BNL15248,4.72566861,63.16592549,279.4584993,599.999,1.580796623,33.0211,70.35351139,33.513,409.509,99.2058,1.038315182,500.056
20230608,2023-06-08 17:57:08,Mikeala,BNL15248,5.155258669,61.76563488,264.9729283,749.996,1.632170368,33.0725,70.19609861,33.5932,409.07,99.2074,1.048852695,500.005
20230608,2023-06-08 17:56:07,Mikeala,BNL15248,5.505137056,61.04073498,253.4907497,1000,1.70133696,33.0942,70.13906258,33.647,408.659,99.2075,1.081020602,500.006
20230608,2023-06-08 17:55:06,Mikeala,BNL15248,5.683141176,60.52353071,246.8979247,1250,1.780910852,33.154,69.95312313,33.7646,408.395,99.2075,1.122599862,500.027
20230608,2023-06-08 17:54:05,Mikeala,BNL15248,6.010898018,59.90395606,236.037217,1500,1.853966684,33.1824,69.86484095,33.8538,408.159,99.2102,1.157245145,500.004
20230608,2023-06-08 17:53:04,Mikeala,BNL15248,6.078143834,59.48389349,232.5776086,1799.99,1.930498719,33.1775,69.92213814,33.9078,408.02,99.2095,1.197174347,499.987
20230608,2023-06-08 18:11:42,Lindsey,BNL15249,-0.669509425,113.3892954,416.7186409,0,1.137870488,32.3927,74.80797197,32.4806,415.043,99.0847,1.329356862,500.329
20230608,2023-06-08 18:10:41,Lindsey,BNL15249,-0.254657216,113.6130144,410.6893326,19.9978,1.151670987,32.4403,74.66406671,32.5278,415.018,99.0881,1.348168,500.307
20230608,2023-06-08 18:09:40,Lindsey,BNL15249,-0.111160346,112.8590399,408.7443964,29.998,1.147145796,32.4053,74.78019909,32.4801,415.07,99.089,1.334075541,500.318
20230608,2023-06-08 18:08:39,Lindsey,BNL15249,0.258360328,112.6857208,403.3322292,50.0044,1.152541225,32.4135,74.7762,32.4887,414.98,99.0918,1.338352399,500.214
20230608,2023-06-08 18:07:37,Lindsey,BNL15249,0.400794775,112.9992748,401.2907191,60.0004,1.159361723,32.4455,74.71408958,32.5209,415.009,99.0913,1.350049014,500.292
20230608,2023-06-08 18:06:36,Lindsey,BNL15249,0.543957879,111.9168623,399.1608052,74.9995,1.16637974,32.4608,74.67401387,32.534,415.045,99.0929,1.345516674,500.214
20230608,2023-06-08 18:05:35,Lindsey,BNL15249,0.981949768,112.3109986,392.8075633,100.003,1.176220431,32.4857,74.61137412,32.5566,415.02,99.0922,1.361664114,500.304
20230608,2023-06-08 18:04:34,Lindsey,BNL15249,1.149980631,112.0321308,390.385868,125.002,1.177374385,32.4724,74.69954058,32.5409,415.06,99.0916,1.359719222,500.342
20230608,2023-06-08 18:03:33,Lindsey,BNL15249,1.964400715,110.7887662,378.2360781,180.002,1.186921692,32.4647,74.77982646,32.5282,415.006,99.097,1.355861292,500.29
20230608,2023-06-08 18:02:32,Lindsey,BNL15249,2.753140774,109.6124615,366.200618,249.997,1.204254759,32.4857,74.8048078,32.5395,414.983,99.096,1.36156427,500.146
20230608,2023-06-08 18:01:31,Lindsey,BNL15249,3.846567163,109.5157819,349.9167558,375,1.234317513,32.5174,74.8309532,32.5929,415.017,99.0968,1.394675507,500.277
20230608,2023-06-08 18:00:30,Lindsey,BNL15249,4.747323756,107.8705662,335.3696107,500,1.276319989,32.5942,74.6943059,32.6662,415.033,99.0931,1.421397,500.296
20230608,2023-06-08 17:59:29,Lindsey,BNL15249,5.235768395,106.7255449,327.1039594,600.015,1.296109902,32.5946,74.80128652,32.6612,415.005,99.0953,1.428606445,500.168
20230608,2023-06-08 17:58:28,Lindsey,BNL15249,5.813403883,105.8319851,317.3620128,749.998,1.354715909,32.708,74.49114583,32.8166,415.064,99.0921,1.481578555,500.363
20230608,2023-06-08 17:57:27,Lindsey,BNL15249,6.509434986,103.7208633,304.389883,1000.01,1.429992609,32.7789,74.32321222,32.9077,415.106,99.0993,1.533893834,500.146
20230608,2023-06-08 17:56:26,Lindsey,BNL15249,7.342280927,101.6850314,288.6863545,1250,1.499957195,32.8063,74.22366757,32.9677,414.956,99.0971,1.578572099,500.236
20230608,2023-06-08 17:55:25,Lindsey,BNL15249,7.586484813,100.6131259,283.2009053,1500,1.568643891,32.8427,74.1655455,33.0325,414.985,99.1008,1.634379437,500.386
20230608,2023-06-08 17:54:24,Lindsey,BNL15249,8.121540133,99.22296751,272.381429,1800,1.653845916,32.8859,74.06427502,33.114,414.974,99.1039,1.700554872,500.181
20230609,2023-06-09 19:08:37,Julia,BNL15250,-0.604115823,77.85132965,415.1826423,0,1.797766847,32.2862,60.90702727,32.3719,415.084,99.2153,1.44381243,500.213
20230609,2023-06-09 19:07:36,Julia,BNL15250,-0.260150001,78.6507767,407.8766292,19.9959,1.823134435,32.3991,60.67611389,32.5262,415.055,99.2179,1.479279768,499.9
20230609,2023-06-09 19:06:35,Julia,BNL15250,-0.043899288,79.17779104,403.4393494,29.9952,1.828796484,32.4196,60.63406879,32.5391,415.049,99.2186,1.493727624,500.178
20230609,2023-06-09 19:05:34,Julia,BNL15250,0.276229909,79.5812158,396.9501865,50.0029,1.836166276,32.438,60.60463601,32.5579,415.033,99.2181,1.507373166,500.136
20230609,2023-06-09 19:04:33,Julia,BNL15250,0.390374983,79.81359999,394.7409922,59.9997,1.833388649,32.4194,60.66944158,32.5241,415.073,99.2139,1.509467494,499.937
20230609,2023-06-09 19:03:32,Julia,BNL15250,0.659164418,80.72794169,389.4811561,75.0005,1.834785247,32.4225,60.69786031,32.5281,415.048,99.2172,1.527657049,499.97
20230609,2023-06-09 19:02:31,Julia,BNL15250,1.085994514,81.36527369,381.1827057,99.9961,1.83252801,32.4026,60.81420954,32.4873,415.006,99.2157,1.537688303,499.995
20230609,2023-06-09 19:01:30,Julia,BNL15250,1.383949555,81.63187597,375.3357403,125.001,1.846916051,32.4665,60.75902675,32.556,415.012,99.2175,1.554983825,500.003
20230609,2023-06-09 19:00:29,Julia,BNL15250,2.051218616,82.11712728,362.5665022,180.001,1.845464604,32.43,60.97889143,32.4911,415.047,99.2195,1.562893117,499.858
20230609,2023-06-09 18:59:28,Julia,BNL15250,2.859142959,82.02378704,346.6525904,249.993,1.866162804,32.4675,60.97069506,32.5237,415.031,99.2214,1.578888022,499.824
20230609,2023-06-09 18:58:27,Julia,BNL15250,3.88597103,82.44772153,326.8194167,375.005,1.903666614,32.5222,60.90750198,32.5716,415.024,99.2227,1.619215426,500.436
20230609,2023-06-09 18:57:26,Julia,BNL15250,4.707391065,82.25260809,310.4504402,499.998,1.937144796,32.5517,60.89870463,32.613,414.965,99.2215,1.644240148,500.388
20230609,2023-06-09 18:56:25,Julia,BNL15250,5.05196762,82.45150242,303.7863751,600.007,1.98265256,32.6567,60.66605926,32.6988,415.024,99.2226,1.687370316,499.982
20230609,2023-06-09 18:55:24,Julia,BNL15250,5.643297865,82.20886019,291.6851013,750.003,2.032893542,32.7235,60.52773944,32.7737,414.97,99.2225,1.72565044,499.902
20230609,2023-06-09 18:54:23,Julia,BNL15250,6.163125817,81.61725917,280.3629856,1000.01,2.103452541,32.7789,60.47596645,32.8198,414.99,99.224,1.773639302,500.133
20230609,2023-06-09 18:53:22,Julia,BNL15250,6.44185652,81.0015293,273.458509,1250.01,2.201673227,32.9436,60.12518571,33.0105,415.034,99.2221,1.843850826,499.895
20230609,2023-06-09 18:52:21,Julia,BNL15250,6.831726931,80.91308212,265.1412149,1500.01,2.288968047,33.056,59.8972723,33.1631,415.015,99.2199,1.915967843,500.164
20230609,2023-06-09 18:51:20,Julia,BNL15250,7.053551925,80.0511281,258.7626465,1800,2.385870014,33.1514,59.75338638,33.2907,415.014,99.2218,1.977270173,500.02
20230610,2023-06-10 18:46:42,Bernie,BNL15268,-0.753442654,99.39304452,415.9951987,0.133094579,1.678068668,29.10323906,56.6782608,29.59948349,415.1160583,99.12404633,1.685086838,450.2085876
20230610,2023-06-10 18:45:41,Bernie,BNL15268,-0.377238506,98.1908939,409.6921532,18.96105385,1.707545552,29.11022377,56.59475708,29.70168686,415.0711975,99.12647247,1.694740626,450.1960449
20230610,2023-06-10 18:44:40,Bernie,BNL15268,-0.071415913,97.65860521,404.3233221,29.26319695,1.723890489,29.12198257,56.38378906,29.73058128,414.8426819,99.12683105,1.701977777,450.2619019
20230610,2023-06-10 18:43:37,Bernie,BNL15268,0.267656566,98.1340277,398.990857,50.53120422,1.733168555,29.12042809,56.2449379,29.71702766,415.1803589,99.12792206,1.719178925,450.2432251
20230610,2023-06-10 18:42:36,Bernie,BNL15268,0.494968236,97.13404901,394.9070367,60.16930389,1.735639832,29.08445549,56.19239426,29.67507935,414.9372864,99.12926483,1.704481084,450.2264099
20230610,2023-06-10 18:41:16,Bernie,BNL15268,0.769776551,98.24934068,390.3202319,75.27494812,1.745898747,29.10452461,56.11945343,29.70793724,414.8519897,99.13240051,1.73368515,450.2339783
20230610,2023-06-10 18:40:11,Bernie,BNL15268,1.376265642,98.80923199,380.9559526,100.4112244,1.766836441,29.15225792,56.14519119,29.80833817,415.5115662,99.13389587,1.764474032,450.2016296
20230610,2023-06-10 18:38:10,Bernie,BNL15268,1.572410798,97.7180603,376.7584535,125.7526703,1.78827091,29.17366982,56.12248993,29.87285233,414.9313049,99.13576508,1.766941315,450.243927
20230610,2023-06-10 18:36:59,Bernie,BNL15268,2.31455293,96.83769531,364.1731207,179.2055817,1.807067697,29.14937019,56.11735916,29.85292053,415.0987244,99.13658905,1.769996453,450.2630005
20230610,2023-06-10 18:35:57,Bernie,BNL15268,3.431293219,96.38668146,345.0489584,250.7389832,1.829028073,29.12046051,56.10591507,29.8162384,415.0214844,99.13860321,1.783494325,450.2223511
20230610,2023-06-10 18:34:12,Bernie,BNL15268,4.333703504,94.44387316,328.0718429,374.5278931,1.886378852,29.14565277,56.2760582,29.91601944,414.9917908,99.14337158,1.804047661,450.2086182
20230610,2023-06-10 18:33:07,Bernie,BNL15268,5.210133249,94.48793278,312.8207842,500.4350281,1.930883637,29.13954926,56.44903183,29.94470787,414.9559326,99.14637756,1.847937149,450.271637
20230610,2023-06-10 18:31:06,Bernie,BNL15268,5.446010626,90.06830415,303.3208605,599.2541504,2.093536745,29.20504189,56.88860321,30.65794373,414.9099426,99.15026093,1.914532407,450.2698669
20230610,2023-06-10 18:29:05,Bernie,BNL15268,6.054595023,90.12874736,292.0616509,750.1080322,2.1877943,29.27989197,57.21949005,30.93969917,415.0205994,99.14923859,2.003536284,450.2370911
20230610,2023-06-10 18:27:04,Bernie,BNL15268,6.564413532,88.03041839,279.1252674,1001.255676,2.369776154,29.38632774,57.52944183,31.42688751,414.9641113,99.14984894,2.123629281,450.1995239
20230610,2023-06-10 18:25:46,Bernie,BNL15268,6.944531285,89.94935917,275.0184782,1250.371582,2.329813169,29.45174408,57.56529617,30.83254814,414.9217529,99.15327454,2.131792638,450.2404785
20230610,2023-06-10 18:24:30,Bernie,BNL15268,7.275151382,87.82137059,265.3953689,1500.457275,2.455712821,29.47271729,57.57743835,30.94439507,414.9965515,99.1536026,2.196772001,450.2234192
20230610,2023-06-10 18:22:47,Bernie,BNL15268,7.361823569,86.78221062,261.3693792,1799.552856,2.585043044,29.46568108,57.80714798,31.00468254,414.8484192,99.15488434,2.287547913,450.243103
20230610,2023-06-10 18:20:46,Bernie,BNL15268,7.695720832,86.51078526,254.5740132,2001.350586,2.647632924,29.47207069,58.26654053,30.98758698,415.0117493,99.15854645,2.336962751,450.2239075
20230610,2023-06-10 18:46:08,Picabo,BNL15269,-0.802751849,101.3861891,419.07,0,1.265662289,32.3566,72.1484293,32.4534,415.034,99.2786,1.32128976,500.093
20230610,2023-06-10 18:45:08,Picabo,BNL15269,-0.386369649,101.9046525,412.2934688,19.9931,1.280671864,32.393,71.96455792,32.503,414.997,99.2809,1.343721556,500.025
20230610,2023-06-10 18:44:07,Picabo,BNL15269,-0.24919515,101.9827608,410.0766889,30.0037,1.292887042,32.4253,71.79422078,32.5119,415.033,99.282,1.357602837,499.982
20230610,2023-06-10 18:43:07,Picabo,BNL15269,0.110301587,102.026907,404.3846404,50.0072,1.304616894,32.4504,71.67567804,32.546,415.091,99.2857,1.370519271,500.101
20230610,2023-06-10 18:42:06,Picabo,BNL15269,0.52937557,100.8569709,397.5643789,74.9983,1.315216956,32.4574,71.60284783,32.5402,415.043,99.2841,1.366167352,500.144
20230610,2023-06-10 18:41:06,Picabo,BNL15269,0.940697519,101.2704551,390.8567961,99.9986,1.345261436,32.555,71.21618232,32.6359,415.034,99.2845,1.403219371,500.184
20230610,2023-06-10 18:40:05,Picabo,BNL15269,1.353320872,100.9238627,384.0611886,124.991,1.363487283,32.5935,71.01335173,32.6648,414.981,99.2849,1.417545765,500.082
20230610,2023-06-10 18:39:05,Picabo,BNL15269,2.029839382,100.8298183,373.1974538,179.997,1.382283375,32.6069,70.90774001,32.7082,415.045,99.2885,1.435821384,500.061
20230610,2023-06-10 18:38:04,Picabo,BNL15269,2.84033556,100.0108128,359.6875656,249.998,1.424936131,32.7127,70.52681514,32.802,415.094,99.2901,1.468655843,500.108
20230610,2023-06-10 18:37:03,Picabo,BNL15269,3.993695391,99.48902934,340.3619851,375.01,1.494737764,32.8783,69.94892033,32.9703,415.062,99.2911,1.533313116,500.097
20230610,2023-06-10 18:36:03,Picabo,BNL15269,4.876481065,98.17760592,324.798423,500,1.542274957,32.9324,69.69503791,33.0303,415.069,99.2929,1.561920067,500.143
20230610,2023-06-10 18:35:02,Picabo,BNL15269,5.455058819,97.26837452,314.1767305,600,1.579617196,32.9624,69.48721638,33.0664,414.945,99.2927,1.585423963,500.047
20230610,2023-06-10 18:34:02,Picabo,BNL15269,5.898839166,96.39209325,305.9080062,749.987,1.615244982,32.9367,69.47985625,33.06,415.08,99.2911,1.607068477,500.043
20230610,2023-06-10 18:33:01,Picabo,BNL15269,6.655523859,94.27906541,290.4827921,1000,1.668783241,32.8817,69.59485809,33.0468,414.992,99.2915,1.624925386,500.047
20230610,2023-06-10 18:32:01,Picabo,BNL15269,7.088248532,92.91280943,281.0531254,1250,1.734504071,32.8892,69.56086724,33.0993,415.04,99.2991,1.665295901,500.099
20230610,2023-06-10 18:31:00,Picabo,BNL15269,7.419835632,91.46567281,272.954894,1499.99,1.79539544,32.8744,69.60529869,33.1283,414.993,99.3082,1.697725084,500.087
20230610,2023-06-10 18:30:00,Picabo,BNL15269,7.715445204,90.32348759,265.7236328,1800,1.862825369,32.8423,69.7522023,33.168,414.995,99.3072,1.740506643,500.132
20230609,2023-06-09 18:45:19,Lindsey,BNL15294,-0.240889159,84.00225425,408.5461281,0,1.613083998,32.1704,64.56002969,32.2487,414.99,99.3106,1.39583219,500.32
20230609,2023-06-09 18:44:18,Lindsey,BNL15294,0.114577804,84.17625086,401.7160948,20.0012,1.618707438,32.1605,64.51497344,32.2369,414.962,99.3103,1.403544547,500.224
20230609,2023-06-09 18:43:17,Lindsey,BNL15294,0.21398152,84.221017,399.8201193,29.9977,1.622533123,32.1622,64.48385446,32.241,414.979,99.312,1.407583949,500.272
20230609,2023-06-09 18:42:16,Lindsey,BNL15294,0.371463576,84.48039769,397.0048044,50.0038,1.619896085,32.1224,64.56116218,32.1841,415.119,99.3118,1.409492023,500.253
20230609,2023-06-09 18:41:15,Lindsey,BNL15294,0.722635611,84.50809341,390.1446955,59.9941,1.631077226,32.1452,64.40897115,32.2102,414.975,99.312,1.419707361,500.33
20230609,2023-06-09 18:40:14,Lindsey,BNL15294,1.014174305,84.74339396,384.6629284,75.0002,1.647429712,32.1857,64.19857581,32.2514,415.07,99.3111,1.437963254,500.272
20230609,2023-06-09 18:39:13,Lindsey,BNL15294,1.568661123,85.87288304,374.4469547,100.005,1.656381477,32.2146,64.15854892,32.2582,414.992,99.3107,1.464869705,500.296
20230609,2023-06-09 18:38:12,Lindsey,BNL15294,1.705606315,84.96366036,371.5315812,125.004,1.651770981,32.1566,64.29569012,32.1967,414.931,99.3119,1.445456734,500.285
20230609,2023-06-09 18:37:11,Lindsey,BNL15294,2.460174392,85.87978808,357.7469529,179.999,1.67420578,32.1959,64.13775269,32.2167,415.01,99.3098,1.480837335,500.282
20230609,2023-06-09 18:36:10,Lindsey,BNL15294,3.324465736,86.9085336,342.09206,249.997,1.721591412,32.3354,63.70922642,32.3619,415.027,99.3107,1.541125995,500.33
20230609,2023-06-09 18:35:09,Lindsey,BNL15294,4.626369046,87.2727984,318.278429,375.001,1.738957922,32.3059,63.90139974,32.3581,414.92,99.3088,1.563341779,500.252
20230609,2023-06-09 18:34:08,Lindsey,BNL15294,5.43767819,86.48390436,302.3213084,500.011,1.78025233,32.3802,63.81503755,32.4222,414.972,99.3064,1.586752351,500.317
20230609,2023-06-09 18:33:07,Lindsey,BNL15294,5.668464989,86.70995428,298.1486629,599.998,1.817288662,32.4418,63.64791661,32.4856,415.016,99.3045,1.624321224,500.379
20230609,2023-06-09 18:32:06,Lindsey,BNL15294,6.458821176,85.82093167,282.1285303,750.005,1.856681511,32.4456,63.60375441,32.4893,415.003,99.3046,1.643096067,500.304
20230609,2023-06-09 18:31:05,Lindsey,BNL15294,7.170482416,85.88087382,268.4919417,1000,1.93261312,32.5143,63.41367295,32.5588,414.947,99.3074,1.712146857,500.334
20230609,2023-06-09 18:30:04,Lindsey,BNL15294,7.425354614,85.98699469,263.5746449,1250,2.002297964,32.5617,63.33119581,32.6335,414.993,99.3102,1.77671072,500.329
20230609,2023-06-09 18:29:03,Lindsey,BNL15294,7.729879267,85.67044773,257.1028878,1500,2.050545106,32.5289,63.55851272,32.6035,414.962,99.3134,1.813433466,500.267
20230609,2023-06-09 18:28:02,Lindsey,BNL15294,7.986541285,86.01115563,252.6484941,1800,2.110007321,32.5118,63.84109106,32.6289,415.037,99.3161,1.874067834,500.277
20230610,2023-06-10 14:40:22,Bernie,BNL15300,-0.58333031,71.2040262,419.1248267,-0.244338393,1.381838838,27.27481651,56.9763031,26.88239098,415.2269592,99.25475311,0.992137945,450.2491455
20230610,2023-06-10 14:39:21,Bernie,BNL15300,-0.303074567,70.5871155,412.6046192,20.5117569,1.404854442,27.27871323,56.87543106,26.95213699,415.1781006,99.25462341,1.000245474,450.240387
20230610,2023-06-10 14:38:20,Bernie,BNL15300,0.002656417,71.38242118,405.3185779,30.97865105,1.413523386,27.28286934,56.78093338,26.9708786,414.9563904,99.25248718,1.017487036,450.2196045
20230610,2023-06-10 14:37:19,Bernie,BNL15300,0.195710602,71.25471629,400.7531915,49.02746582,1.432027786,27.28785706,56.6759491,27.02253151,414.9006958,99.25206757,1.029081523,450.2285461
20230610,2023-06-10 14:35:47,Bernie,BNL15300,0.356577022,69.53327961,396.8203603,60.14974976,1.485568922,27.28742409,56.51019287,27.27316284,415.1832275,99.25249481,1.04266633,450.2498169
20230610,2023-06-10 14:34:46,Bernie,BNL15300,0.596389898,70.03780726,391.1954215,75.37391663,1.492201084,27.27844238,56.40032196,27.25582504,415.0792542,99.25260162,1.054697875,450.2662964
20230610,2023-06-10 14:33:45,Bernie,BNL15300,0.875544471,69.85402512,384.6672905,99.97031403,1.502048561,27.26199532,56.30225372,27.228508,415.1152344,99.25289154,1.058936256,450.2441101
20230610,2023-06-10 14:32:44,Bernie,BNL15300,1.184015451,69.8210943,377.3804969,124.8680191,1.513676682,27.25661659,56.21670151,27.22079468,415.0571289,99.25001526,1.066698882,450.3250427
20230610,2023-06-10 14:31:38,Bernie,BNL15300,1.929799893,70.10354274,360.0780056,180.2743683,1.54367356,27.27170944,56.15797043,27.27154732,415.0420227,99.25157166,1.092269893,450.2344666
20230610,2023-06-10 14:30:37,Bernie,BNL15300,2.57879064,69.8667563,344.5960436,250.1728363,1.579705491,27.28780746,56.07620239,27.31438446,414.9476013,99.25491333,1.114247488,450.2701721
20230610,2023-06-10 14:29:22,Bernie,BNL15300,3.611513859,69.78229794,320.1254369,375.8217468,1.637153665,27.29464531,56.04345703,27.3595295,414.8095093,99.25852203,1.153705725,450.2063599
20230610,2023-06-10 14:28:19,Bernie,BNL15300,4.299922802,69.48108963,303.3972354,500.7103271,1.695896666,27.31133842,56.03883743,27.41760445,414.7859497,99.26205444,1.190421336,450.230896
20230610,2023-06-10 14:27:08,Bernie,BNL15300,4.769875169,68.7021019,291.1166791,600.5727539,1.759628129,27.33444786,55.98614502,27.54595947,415.0309753,99.26532745,1.222043961,450.2480469
20230610,2023-06-10 14:25:43,Bernie,BNL15300,5.335413983,68.55411333,276.735544,750.4855347,1.861102872,27.3747921,56.00038147,27.79293442,414.7644653,99.26780701,1.290523685,450.2786255
20230610,2023-06-10 14:24:39,Bernie,BNL15300,5.94692162,67.03683942,258.6457323,1000.931458,2.016523296,27.42065239,56.06483078,28.08252144,415.0174866,99.27111053,1.369306318,450.2789001
20230610,2023-06-10 14:23:32,Bernie,BNL15300,6.270937453,66.14305202,247.9393281,1251.385986,2.171133568,27.46042633,56.16053391,28.34872055,414.9199219,99.27177429,1.456417556,450.2290649
20230610,2023-06-10 14:22:31,Bernie,BNL15300,6.590910295,67.06706066,242.2482844,1500.856689,2.18717407,27.45719147,56.17629242,27.86758041,414.928833,99.27326202,1.48725525,450.2955017
20230610,2023-06-10 14:21:27,Bernie,BNL15300,6.816701667,65.38840884,232.0209786,1800.266357,2.32609755,27.45724869,56.31405258,27.89037895,414.9551086,99.27166748,1.544340253,450.2969971
20230610,2023-06-10 14:20:26,Bernie,BNL15300,6.998111949,61.10092194,214.6497028,1999.333862,2.583783727,27.43671799,56.52828598,28.67090797,415.1738586,99.26968384,1.607842975,450.283844
20230610,2023-06-10 16:39:26,Bernie,BNL15301,-0.873439745,68.96198143,424.7486741,0.054063857,1.591033222,27.82130051,56.66851807,28.27912903,415.1181641,99.22627258,1.111922758,450.2306213
20230610,2023-06-10 16:38:25,Bernie,BNL15301,-0.37291212,70.58058361,412.7525621,21.37379456,1.584605622,27.82598686,56.7918129,28.2389946,414.9744873,99.22064972,1.132873152,450.2553711
20230610,2023-06-10 16:37:24,Bernie,BNL15301,-0.243422455,71.52153519,409.8787881,29.17152405,1.58400728,27.82848358,56.8964653,28.24982834,415.1324768,99.21975708,1.147223927,450.2543945
20230610,2023-06-10 16:35:50,Bernie,BNL15301,0.204131369,72.70939359,399.7346909,50.79185486,1.583037958,27.8339138,57.07788849,28.24824715,415.00354,99.22427368,1.165111581,450.1754456
20230610,2023-06-10 16:34:46,Bernie,BNL15301,0.414819748,73.94123656,395.3364673,60.51963425,1.584318661,27.83498383,57.20792007,28.27269363,415.1454163,99.22509003,1.185360392,450.2278748
20230610,2023-06-10 16:33:45,Bernie,BNL15301,0.698864391,75.1634173,389.015262,74.45730591,1.585637668,27.83637047,57.30580521,28.28208542,414.7849426,99.22393799,1.205514312,450.1884155
20230610,2023-06-10 16:31:44,Bernie,BNL15301,0.999941056,78.08050397,383.5985727,99.96099091,1.583208377,27.83545113,57.55944061,28.29064178,415.0451355,99.22386932,1.249220491,450.210144
20230610,2023-06-10 16:29:43,Bernie,BNL15301,1.594259836,77.31926386,370.5134583,124.4816208,1.627457419,27.84528732,57.77310944,28.53166199,414.8685913,99.22780609,1.272315063,450.272522
20230610,2023-06-10 16:27:42,Bernie,BNL15301,2.255936738,79.2719529,357.7364347,179.5922394,1.648637454,27.85256195,58.00125504,28.60170555,414.924469,99.21730804,1.320946485,450.1500854
20230610,2023-06-10 16:25:41,Bernie,BNL15301,2.961945553,78.24055275,342.3078584,250.0224609,1.690859992,27.87938499,58.17145538,28.72644043,414.9375305,99.22027588,1.338018446,450.2348328
20230610,2023-06-10 16:24:28,Bernie,BNL15301,4.052679869,77.7583302,319.2088018,374.8956604,1.748426061,27.88032913,58.36587143,28.8143177,415.2265015,99.2234726,1.375747576,450.2247314
20230610,2023-06-10 16:22:27,Bernie,BNL15301,4.769382891,76.38957136,301.7335627,500.1924744,1.824952616,27.91076088,58.52601624,28.99793053,414.8089294,99.2271347,1.412011785,450.2334595
20230610,2023-06-10 16:20:26,Bernie,BNL15301,5.306948021,76.91105597,290.8909219,600.4745483,1.895144124,27.96231842,58.67305756,29.22031212,414.9897766,99.22927094,1.476757184,450.2514648
20230610,2023-06-10 16:18:46,Bernie,BNL15301,5.554235942,76.49923587,284.4151009,750.3297119,2.00622614,28.03343582,58.75068283,29.53123665,414.951416,99.23412323,1.556186412,450.2394714
20230610,2023-06-10 16:17:07,Bernie,BNL15301,6.157179945,75.20843671,268.6503578,1000.409241,2.178526376,28.10268974,58.92713928,29.93054199,415.0333252,99.2359314,1.663804393,450.2191162
20230610,2023-06-10 16:15:43,Bernie,BNL15301,6.449964778,74.37854313,259.9948242,1251.287964,2.336592459,28.15142632,59.11112213,30.22409248,415.0241089,99.23542023,1.767055967,450.2280579
20230610,2023-06-10 16:13:42,Bernie,BNL15301,6.772233058,76.76550792,257.7957393,1500.826904,2.261322604,28.18891907,58.94879913,29.34275627,414.9130249,99.23320007,1.76287358,450.2128906
20230610,2023-06-10 16:12:31,Bernie,BNL15301,7.155326059,75.68476623,246.9521356,1799.054199,2.396658474,28.20189285,59.10176849,29.38906479,414.9236755,99.23207855,1.844236819,450.2386169
20230610,2023-06-10 16:11:30,Bernie,BNL15301,7.108210089,73.64782809,243.4236633,1998.895386,2.486494553,28.16982841,59.2347908,29.374897,414.9628906,99.2309494,1.864104843,450.2133179
20230610,2023-06-10 17:53:57,Julia,BNL15303,-0.669819056,81.68822037,418.8473867,0,1.373330016,30.9467,67.80960736,31.127,415.096,99.3929,1.152927472,500.284
20230610,2023-06-10 17:52:56,Julia,BNL15303,-0.317086129,81.8148032,411.8018301,20.0017,1.377996421,30.9036,67.72462121,31.0793,415.008,99.3919,1.158510038,500.267
20230610,2023-06-10 17:51:55,Julia,BNL15303,-0.053738901,81.90439314,406.6743701,30.0005,1.376777247,30.8444,67.69840343,31.0051,415.031,99.3862,1.158658641,500.29
20230610,2023-06-10 17:50:54,Julia,BNL15303,0.191449476,82.10268878,401.8043496,49.9985,1.380803121,30.8109,67.64308224,30.9741,414.974,99.3867,1.16473314,500.173
20230610,2023-06-10 17:49:53,Julia,BNL15303,0.307494801,82.68957234,399.5979585,60.0041,1.38406183,30.7948,67.57737129,30.9386,415.012,99.3929,1.175578158,500.215
20230610,2023-06-10 17:48:52,Julia,BNL15303,0.41711693,82.57799685,397.4765321,75.0108,1.389761535,30.774,67.48511402,30.9185,415.064,99.3996,1.178708757,500.282
20230610,2023-06-10 17:47:51,Julia,BNL15303,0.923175455,82.85715446,387.6749113,100.007,1.390762657,30.7185,67.48528748,30.8535,415.027,99.4051,1.183310416,500.169
20230610,2023-06-10 17:46:50,Julia,BNL15303,1.104955508,83.56450622,384.3202959,124.999,1.397372686,30.7152,67.43715831,30.8397,415.053,99.409,1.198884546,500.185
20230610,2023-06-10 17:45:49,Julia,BNL15303,1.690272261,83.77261909,373.0695062,180,1.41787556,30.754,67.30103536,30.8834,415.082,99.4104,1.219579802,500.239
20230610,2023-06-10 17:44:48,Julia,BNL15303,2.367858009,83.30439429,359.6950901,250,1.43970577,30.7606,67.16822108,30.8766,415.058,99.4132,1.23158092,500.278
20230610,2023-06-10 17:43:47,Julia,BNL15303,3.374738498,82.99726268,339.8735583,375.005,1.468643821,30.7586,67.13577225,30.871,415.015,99.4174,1.251883848,500.216
20230610,2023-06-10 17:42:46,Julia,BNL15303,4.020214826,83.26612109,327.4939521,499.998,1.493952499,30.7399,67.14811474,30.8617,414.998,99.4158,1.277675816,500.207
20230610,2023-06-10 17:41:45,Julia,BNL15303,4.364312066,83.46347904,320.9693137,599.998,1.515461197,30.7459,67.17053702,30.866,415.026,99.4204,1.29920703,500.248
20230610,2023-06-10 17:40:44,Julia,BNL15303,4.860270385,83.42401746,311.131634,749.995,1.554895526,30.7935,67.1219032,30.9135,414.982,99.4191,1.332766492,500.26
20230610,2023-06-10 17:39:43,Julia,BNL15303,5.519077072,83.05477545,297.6647366,1000.01,1.614826625,30.833,67.12358304,30.967,414.973,99.4189,1.378637172,500.195
20230610,2023-06-10 17:38:42,Julia,BNL15303,5.784436359,83.09172346,292.3488102,1250,1.671670369,30.8626,67.18624264,31.0196,415.055,99.4197,1.428319858,500.226
20230610,2023-06-10 17:37:41,Julia,BNL15303,6.161191833,83.27664331,284.9351557,1500.01,1.734156857,30.9298,67.20982565,31.1071,414.993,99.4206,1.485626774,500.237
20230610,2023-06-10 17:36:40,Julia,BNL15303,6.429978444,82.96022063,278.7315203,1800.01,1.8171715,31.0224,67.1199332,31.2503,414.888,99.4182,1.551819182,500.339
20230610,2023-06-10 19:38:38,Julia,BNL15728,-0.695273447,80.34181747,416.7195332,0,1.780871637,32.9155,62.49899426,33.3592,415.077,99.3555,1.475919464,500.052
20230610,2023-06-10 19:37:37,Julia,BNL15728,-0.322636745,80.47078555,409.1037671,19.9965,1.802928423,32.9715,62.24549737,33.405,415.026,99.3541,1.496710922,500.032
20230610,2023-06-10 19:36:36,Julia,BNL15728,-0.213853257,80.36378119,406.9138732,30.0013,1.808082706,32.9654,62.17811931,33.3956,415.023,99.3549,1.498980216,500.027
20230610,2023-06-10 19:35:35,Julia,BNL15728,0.137308802,80.34392595,399.8544001,49.998,1.821264013,32.982,62.03656265,33.4138,415.028,99.356,1.509561503,500.045
20230610,2023-06-10 19:34:34,Julia,BNL15728,0.330301523,80.48837624,395.9492945,60.0006,1.830453893,32.9918,61.91052924,33.4237,415.006,99.3545,1.519891053,499.982
20230610,2023-06-10 19:33:33,Julia,BNL15728,0.60829266,80.42787497,390.3347183,74.9972,1.838131687,32.9939,61.83111889,33.4276,414.962,99.356,1.525112477,500.025
20230610,2023-06-10 19:32:32,Julia,BNL15728,0.900440439,80.07547526,384.4100325,100.001,1.855796846,33.0206,61.65158068,33.4431,415.031,99.3546,1.533214127,500.003
20230610,2023-06-10 19:31:31,Julia,BNL15728,1.26101263,80.13822982,377.2213432,124.993,1.86040021,32.999,61.63496218,33.402,415.037,99.3575,1.538121933,499.997
20230610,2023-06-10 19:30:30,Julia,BNL15728,1.908901608,80.29530628,364.2018852,180.001,1.887485073,33.0503,61.44912907,33.4566,415.018,99.3568,1.563754297,500.035
20230610,2023-06-10 19:29:29,Julia,BNL15728,2.681952393,80.09974551,348.5474668,249.999,1.916396583,33.1079,61.32720047,33.5314,415.034,99.3596,1.584155368,500.024
20230610,2023-06-10 19:28:28,Julia,BNL15728,3.750728195,79.54248236,326.4601115,374.989,1.963858259,33.1665,61.11611378,33.5972,415.035,99.358,1.612675607,499.998
20230610,2023-06-10 19:27:27,Julia,BNL15728,4.573893193,79.44314938,309.4698292,500.002,2.01926186,33.2582,60.80928677,33.6941,414.986,99.3569,1.656640477,499.991
20230610,2023-06-10 19:26:26,Julia,BNL15728,5.063126637,79.22825273,299.190202,600,2.055837265,33.2876,60.63791138,33.7397,415.008,99.3522,1.682488768,500.041
20230610,2023-06-10 19:25:25,Julia,BNL15728,5.553794823,78.43255741,287.9324782,750,2.105741731,33.3251,60.49050866,33.7741,415.025,99.3519,1.706701632,500.029
20230610,2023-06-10 19:24:24,Julia,BNL15728,6.263140805,77.78197363,272.1522821,999.998,2.162114853,33.2849,60.55484948,33.7429,415.013,99.3521,1.738508471,499.931
20230610,2023-06-10 19:23:23,Julia,BNL15728,6.775714641,77.46856365,260.7313873,1250,2.219496341,33.2586,60.63040691,33.7274,414.951,99.3463,1.778187805,500.05
20230610,2023-06-10 19:22:22,Julia,BNL15728,7.112339164,77.43598943,253.3855094,1499.99,2.290966673,33.2958,60.57145128,33.786,414.974,99.3457,1.835449151,500.043
20230610,2023-06-10 19:21:21,Julia,BNL15728,7.393175352,76.94825563,246.20294,1799.99,2.380287685,33.348,60.48628268,33.8919,414.998,99.3459,1.896149122,500.024
20230611,2023-06-11 14:06:48,Bernie,BNL19733,-0.524839964,82.06448237,420.5842792,0,0.736832411,25.32674026,73.63228607,24.94338608,415.2095642,99.15988159,0.610956595,450.2223511
20230611,2023-06-11 14:05:47,Bernie,BNL19733,-0.246838327,81.11041087,414.8175701,20.84249496,0.753615059,25.32682419,73.60999298,25.00457382,415.009552,99.15814972,0.617854202,450.2510986
20230611,2023-06-11 14:04:38,Bernie,BNL19733,-0.019515422,79.85216967,410.3912456,28.79897308,0.755478025,25.31768227,73.57115936,24.98213959,415.1486206,99.1591568,0.609999394,450.2397461
20230611,2023-06-11 14:03:37,Bernie,BNL19733,0.380810573,79.40057906,401.9969344,50.88689041,0.768768299,25.3205204,73.52979279,25.01789665,415.0340271,99.16095734,0.617333211,450.2679138
20230611,2023-06-11 14:02:36,Bernie,BNL19733,0.415000432,79.06445601,401.2143882,60.78928375,0.771166991,25.31079865,73.52732086,25.00551224,415.0022278,99.16181183,0.616696392,450.2894592
20230611,2023-06-11 14:01:31,Bernie,BNL19733,0.675915499,78.06720037,395.5268437,74.89279175,0.774876768,25.30654335,73.51391602,24.99261475,414.8735962,99.16075897,0.612052189,450.2546082
20230611,2023-06-11 14:00:14,Bernie,BNL19733,0.984013523,76.29857462,388.8098944,100.7141647,0.79447438,25.32307816,73.41461182,25.05425072,415.1655579,99.16342926,0.613698327,450.2624817
20230611,2023-06-11 13:58:58,Bernie,BNL19733,1.275456271,75.3797114,382.0132012,124.4249039,0.808427465,25.3366375,73.31132507,25.08365822,414.982605,99.16650391,0.617151383,450.2477112
20230611,2023-06-11 13:57:56,Bernie,BNL19733,1.955786972,74.52607666,366.5628096,180.1074677,0.84684073,25.35285187,73.21809387,25.21052361,414.8965149,99.16699982,0.639447167,450.275177
20230611,2023-06-11 13:56:52,Bernie,BNL19733,2.735423456,72.51585033,347.9772261,250.4693451,0.882676086,25.37560081,73.06300354,25.27766228,415.1225891,99.16856384,0.649039672,450.2395935
20230611,2023-06-11 13:55:42,Bernie,BNL19733,3.879287301,71.47518637,320.4156987,374.8760986,0.955691071,25.40478516,72.84739685,25.4656086,414.7971191,99.16960907,0.693106428,450.3006592
20230611,2023-06-11 13:54:05,Bernie,BNL19733,4.669153349,69.34824764,299.0111695,500.2012939,1.033526301,25.42549515,72.50934601,25.63858414,414.9253845,99.16751862,0.727990425,450.3000183
20230611,2023-06-11 13:52:39,Bernie,BNL19733,5.056597544,68.89751845,288.9412282,600.6090698,1.10453321,25.46232414,72.19471741,25.83461571,415.0612488,99.16712952,0.773307189,450.2948303
20230611,2023-06-11 13:51:22,Bernie,BNL19733,5.704446404,67.20353649,269.8223372,751.3126221,1.196626622,25.49254227,71.80230713,26.02451134,414.9645691,99.16516113,0.817959798,450.3137817
20230611,2023-06-11 13:49:21,Bernie,BNL19733,6.296424493,64.44607246,248.2477959,1001.18512,1.378586846,25.56081009,71.04431152,26.47229004,414.9541321,99.16924286,0.905139135,450.2919006
20230611,2023-06-11 13:48:13,Bernie,BNL19733,6.720101878,63.52067191,234.5578646,1250.50769,1.5318309,25.60680389,70.64215088,26.78795052,415.079071,99.16788483,0.992338385,450.2627563
20230611,2023-06-11 13:47:12,Bernie,BNL19733,7.010265908,61.77435285,221.477995,1500.761353,1.68810542,25.64297676,70.28269196,27.08609009,415.0958862,99.16911316,1.064877498,450.3179321
20230611,2023-06-11 13:46:11,Bernie,BNL19733,7.316490438,60.84187823,209.6288949,1801.254395,1.857737129,25.67747307,69.90206146,27.33253288,414.9391785,99.16583252,1.155502368,450.2885437
20230611,2023-06-11 13:45:10,Bernie,BNL19733,7.438247619,59.99610956,202.9837876,1999.373413,1.978180997,25.69747543,69.48783875,27.4937439,414.828125,99.1622467,1.214309125,450.2520447
20230611,2023-06-11 16:25:50,Bernie,BNL19734,-0.996467957,54.50337681,437.5698472,-0.334690034,1.019359723,27.78084755,73.99562073,28.3662262,415.0471497,99.06677246,0.568491634,450.2105713
20230611,2023-06-11 16:24:49,Bernie,BNL19734,-0.684843245,54.72215751,428.2513296,20.98218155,1.038799835,27.76912117,73.89490509,28.40132713,415.1747131,99.06878662,0.58162468,450.1784973
20230611,2023-06-11 16:23:46,Bernie,BNL19734,-0.484304162,55.67926162,421.9626442,28.85797691,1.041065507,27.75905609,73.75577545,28.368433,415.0547791,99.0696106,0.592840617,450.1981812
20230611,2023-06-11 16:22:45,Bernie,BNL19734,-0.08834779,55.79310026,410.4883792,50.63445282,1.042546651,27.72995758,73.6776123,28.29405975,415.0762329,99.07106781,0.594821475,450.1804504
20230611,2023-06-11 16:21:44,Bernie,BNL19734,-0.009195322,56.51411629,408.0513742,60.549263,1.04114933,27.70428658,73.62437439,28.24090195,414.9202576,99.06790161,0.601519664,450.1656494
20230611,2023-06-11 16:20:43,Bernie,BNL19734,0.222099308,57.309812,401.6030617,74.45921326,1.042859862,27.70248604,73.53507233,28.20604324,415.006897,99.06911469,0.610788286,450.1600952
20230611,2023-06-11 16:19:42,Bernie,BNL19734,0.610717934,57.44673431,390.633444,100.0519943,1.064446345,27.70803261,73.4935379,28.26714516,415.0956116,99.06967926,0.624951862,450.2012329
20230611,2023-06-11 16:18:40,Bernie,BNL19734,0.944116408,57.68426234,381.1052495,124.7328873,1.085611695,27.71834946,73.36452484,28.31426048,414.9702454,99.07023621,0.640004152,450.2225342
20230611,2023-06-11 16:17:39,Bernie,BNL19734,1.488867499,59.08535413,366.8010936,179.9956055,1.074201629,27.71637726,73.23774719,28.11134338,414.8690186,99.06949615,0.648260137,450.243042
20230611,2023-06-11 16:16:10,Bernie,BNL19734,2.110388443,57.7486579,347.970911,249.7322083,1.155061443,27.71430397,73.1125946,28.37215233,414.8574829,99.07033539,0.68186619,450.207489
20230611,2023-06-11 16:15:06,Bernie,BNL19734,3.020774431,57.12645828,321.1958889,375.0486755,1.228073232,27.72566986,73.11014557,28.49694061,414.8754578,99.07136536,0.717597679,450.2209167
20230611,2023-06-11 16:14:00,Bernie,BNL19734,3.830766194,57.08256285,297.7698717,500.7618713,1.319594933,27.78143501,73.06710052,28.73812675,414.9401855,99.07476807,0.770896084,450.262207
20230611,2023-06-11 16:12:49,Bernie,BNL19734,4.049761163,57.0753082,291.1817325,599.3968506,1.408973946,27.84745407,72.94727325,29.01051331,415.0762939,99.07426453,0.823449254,450.2753906
20230611,2023-06-11 16:11:32,Bernie,BNL19734,4.582190507,57.61930813,276.6132932,750.0747681,1.519796316,27.90175056,72.84927368,29.27054977,414.9645996,99.07377625,0.897076682,450.2089844
20230611,2023-06-11 16:10:25,Bernie,BNL19734,5.024286833,56.51839196,260.53092,1000.294128,1.696244697,27.9616642,72.82003021,29.62363625,414.9018555,99.07479095,0.98347676,450.2131348
20230611,2023-06-11 16:09:24,Bernie,BNL19734,5.349202814,56.14444963,249.4822658,1250.312134,1.856366516,27.98859406,72.79669952,29.85758591,414.9681702,99.07579041,1.070264496,450.2373352
20230611,2023-06-11 16:07:26,Bernie,BNL19734,5.564858397,55.18419289,239.6969154,1500.593628,2.024833535,27.98320007,72.69033813,30.06903458,414.9782715,99.07772827,1.148760038,450.2396545
20230611,2023-06-11 16:06:25,Bernie,BNL19734,5.773795704,52.85741869,225.5735919,1800.618774,2.187267431,27.95614433,72.76846313,30.11981583,415.0323181,99.07749939,1.190603464,450.2779541
20230611,2023-06-11 16:05:24,Bernie,BNL19734,5.988127977,52.47958953,217.1143258,1998.813843,2.303336803,27.94518852,72.9076767,30.21294594,414.9412231,99.07848358,1.245785865,450.2512817
20230611,2023-06-11 16:25:53,Julia,BNL19735,-0.729310077,83.54148494,420.9625006,0,1.185738351,30.0413,70.76028089,30.1726,415.068,99.2368,1.01804302,500.073
20230611,2023-06-11 16:24:52,Julia,BNL19735,-0.33345509,83.00648668,413.273587,20.0004,1.196505389,30.0371,70.60093162,30.1701,415.018,99.2311,1.02084614,500.034
20230611,2023-06-11 16:23:51,Julia,BNL19735,-0.123096922,82.96626509,409.2057082,30.0002,1.202870312,30.0329,70.48984265,30.1625,415.06,99.2363,1.025706104,500.041
20230611,2023-06-11 16:22:50,Julia,BNL19735,0.204722364,82.53301163,402.6969043,50.0028,1.214292524,30.0471,70.34296733,30.1731,414.989,99.2376,1.030126855,499.949
20230611,2023-06-11 16:21:49,Julia,BNL19735,0.335014575,81.8861014,400.0263095,59.9998,1.23104736,30.0874,70.06071626,30.2125,415.016,99.2383,1.036306267,499.979
20230611,2023-06-11 16:20:48,Julia,BNL19735,0.586709796,81.37964598,394.945127,74.9982,1.241521062,30.0856,69.88750129,30.2075,415.006,99.2413,1.038695576,500.03
20230611,2023-06-11 16:19:47,Julia,BNL19735,0.985632029,81.18738764,386.967394,100.008,1.257169541,30.1004,69.6615998,30.2069,415.041,99.2406,1.049353225,499.988
20230611,2023-06-11 16:18:46,Julia,BNL19735,1.305705951,80.60735216,380.3620317,124.994,1.269749344,30.1007,69.49406299,30.2064,415.024,99.2387,1.052404527,499.948
20230611,2023-06-11 16:17:45,Julia,BNL19735,1.861289398,79.9919999,368.8614913,180.006,1.291782858,30.1202,69.28539209,30.2147,414.999,99.2387,1.062671654,500.075
20230611,2023-06-11 16:16:44,Julia,BNL19735,2.569108017,79.52035176,354.2065993,249.995,1.320072147,30.16,69.03692976,30.2499,415.011,99.2363,1.079775011,500.028
20230611,2023-06-11 16:15:43,Julia,BNL19735,3.556556119,78.65909491,333.3029025,374.995,1.361446995,30.2074,68.78361997,30.3208,415.039,99.2402,1.101891204,499.952
20230611,2023-06-11 16:14:42,Julia,BNL19735,4.248060459,77.6751194,317.9367898,500.001,1.396647508,30.2215,68.63039637,30.329,415.051,99.2386,1.11661462,500.019
20230611,2023-06-11 16:13:41,Julia,BNL19735,4.819610934,76.9026603,304.9154979,599.994,1.42497285,30.2254,68.49376446,30.3448,414.963,99.2413,1.128161023,500.069
20230611,2023-06-11 16:12:39,Julia,BNL19735,5.15935913,76.22186584,296.7442269,749.999,1.46183605,30.2236,68.40636401,30.3367,415.029,99.2432,1.147394369,500.073
20230611,2023-06-11 16:11:38,Julia,BNL19735,5.775620816,75.24316602,281.8245318,1000.01,1.527837413,30.2647,68.24659067,30.4164,414.983,99.243,1.184423467,500.075
20230611,2023-06-11 16:10:37,Julia,BNL19735,6.054987664,74.23779095,273.835965,1250.01,1.596590719,30.3194,68.07104763,30.5071,415.047,99.2456,1.221833611,500.052
20230611,2023-06-11 16:09:36,Julia,BNL19735,6.361694684,73.35141948,265.1395724,1500.01,1.673913753,30.4063,67.77934774,30.6324,415.022,99.249,1.266410391,500.021
20230611,2023-06-11 16:08:35,Julia,BNL19735,6.699964267,72.28553847,255.1766158,1799.99,1.754132649,30.4436,67.62180658,30.7327,414.992,99.2475,1.308633547,500.009
20230611,2023-06-11 19:12:48,Lindsey,BNL19737,-1.158574617,148.1947948,408.3671555,0,1.165538412,31.511,72.39324622,31.7117,403.473,99.1041,1.763051618,500.252
20230611,2023-06-11 19:11:47,Lindsey,BNL19737,-0.525926818,149.4304839,401.2806918,19.9999,1.172010965,31.5138,72.32520997,31.7113,403.398,99.1008,1.787302577,500.278
20230611,2023-06-11 19:10:46,Lindsey,BNL19737,-0.311673417,150.7281359,398.9020352,29.9994,1.181334416,31.5553,72.19431891,31.747,403.436,99.104,1.816800833,500.16
20230611,2023-06-11 19:09:45,Lindsey,BNL19737,0.279031977,151.231469,392.5417983,49.9997,1.185286142,31.549,72.18492432,31.7323,403.449,99.1097,1.828700515,500.008
20230611,2023-06-11 19:08:43,Lindsey,BNL19737,0.692834801,151.8955976,388.047136,59.9976,1.191666145,31.5636,72.09516009,31.7385,403.402,99.1126,1.846372578,500.273
20230611,2023-06-11 19:07:42,Lindsey,BNL19737,1.011562026,152.6819102,384.6323661,74.9947,1.199814331,31.5838,71.99518475,31.7636,403.39,99.1133,1.868412178,500.265
20230611,2023-06-11 19:06:41,Lindsey,BNL19737,1.646796856,152.9613819,377.8924283,99.9953,1.205331422,31.5823,71.98473911,31.7531,403.405,99.1121,1.880406543,500.255
20230611,2023-06-11 19:05:40,Lindsey,BNL19737,2.318667967,153.3026906,370.7919523,125.001,1.207683297,31.559,72.015861,31.7226,403.392,99.1105,1.888156958,500.137
20230611,2023-06-11 19:04:39,Lindsey,BNL19737,3.459406875,152.9525097,358.5772163,180.002,1.22092811,31.5553,71.98277608,31.7139,403.416,99.1139,1.904647055,500.263
20230611,2023-06-11 19:03:38,Lindsey,BNL19737,4.490325993,152.7271271,347.4999245,250.002,1.239135489,31.5753,71.94299566,31.7295,403.456,99.1123,1.930535244,500.198
20230611,2023-06-11 19:02:37,Lindsey,BNL19737,6.362564553,152.4780341,327.3453064,375.003,1.262910197,31.5707,72.01802427,31.723,403.436,99.1099,1.964802306,500.22
20230611,2023-06-11 19:01:36,Lindsey,BNL19737,7.710818164,151.7502015,312.4258977,500,1.283508927,31.5546,72.16212896,31.7052,403.36,99.1093,1.987881225,500.199
20230611,2023-06-11 19:00:35,Lindsey,BNL19737,8.438508181,151.2384106,304.2577803,599.995,1.300600069,31.5511,72.27870861,31.7019,403.364,99.1148,2.007910203,500.247
20230611,2023-06-11 18:59:34,Lindsey,BNL19737,9.086263035,152.7543204,298.1167718,750.029,1.327882804,31.5812,72.43177553,31.7449,403.381,99.1164,2.070552618,500.223
20230611,2023-06-11 18:58:33,Lindsey,BNL19737,10.12167226,149.746556,284.6291161,1000.01,1.401103816,31.7093,72.28197366,31.8733,403.407,99.1203,2.143993839,500.193
20230611,2023-06-11 18:57:32,Lindsey,BNL19737,10.69888064,148.9862597,277.4686255,1250.01,1.455982375,31.7373,72.37785995,31.9366,403.375,99.1219,2.217793421,500.204
20230611,2023-06-11 18:56:31,Lindsey,BNL19737,11.15081058,148.1539136,271.6576314,1500.01,1.503765569,31.7423,72.6178478,31.9546,403.408,99.1184,2.279075007,500.267
20230611,2023-06-11 18:55:30,Lindsey,BNL19737,11.79105949,148.3670125,264.3511537,1799.99,1.567897899,31.7854,72.80494683,32.0443,403.264,99.1232,2.380713112,500.217
20230611,2023-06-11 19:09:43,Mikeala,BNL19738,-1.055443324,88.91808287,425.3704354,0,1.275649207,33.3193,73.54218018,34.4603,415.123,99.1791,1.175174964,500.096
20230611,2023-06-11 19:08:42,Mikeala,BNL19738,-0.544224405,89.14457371,415.9417959,19.9982,1.289361057,33.3226,73.35924191,34.4437,415.041,99.1821,1.190722609,500.011
20230611,2023-06-11 19:07:41,Mikeala,BNL19738,-0.207576791,89.21513463,409.7528629,29.9981,1.300349199,33.326,73.18541289,34.431,414.991,99.1809,1.201785963,500.046
20230611,2023-06-11 19:06:40,Mikeala,BNL19738,0.223379076,89.02653501,401.9306581,49.9968,1.310639781,33.3114,73.05555901,34.4717,415,99.1831,1.208691004,500.027
20230611,2023-06-11 19:05:39,Mikeala,BNL19738,0.342652386,89.13024451,399.7834964,59.9962,1.314447334,33.2828,72.98394962,34.468,415.021,99.1873,1.213439436,499.963
20230611,2023-06-11 19:04:38,Mikeala,BNL19738,0.695534871,89.19796101,393.4538743,74.9922,1.315087496,33.243,72.987547,34.4232,415.04,99.1863,1.214850406,499.99
20230611,2023-06-11 19:03:37,Mikeala,BNL19738,1.193443948,88.92244648,384.3020652,99.9996,1.323284695,33.2278,72.92635629,34.3911,414.965,99.1857,1.218684943,499.988
20230611,2023-06-11 19:02:36,Mikeala,BNL19738,1.537981812,88.58620246,377.9778641,124.999,1.330434535,33.2066,72.87926877,34.3692,415.01,99.1868,1.220656985,500.029
20230611,2023-06-11 19:01:35,Mikeala,BNL19738,2.279691728,88.03138156,364.2183082,180,1.339658854,33.1718,72.92501442,34.3368,415.001,99.1857,1.221555932,500.004
20230611,2023-06-11 19:00:34,Mikeala,BNL19738,3.146850063,87.69036056,348.1562486,250.003,1.348660351,33.1245,73.02926072,34.281,415.019,99.1881,1.225043354,500.026
20230611,2023-06-11 18:59:33,Mikeala,BNL19738,4.343222094,87.05319355,325.5913704,374.998,1.373915032,33.0983,73.11190959,34.2733,415.069,99.1945,1.239123804,499.94
20230611,2023-06-11 18:58:32,Mikeala,BNL19738,5.116762026,86.93899906,310.9410341,500.003,1.416235119,33.1733,72.9853525,34.3743,415.046,99.2064,1.275887265,500.081
20230611,2023-06-11 18:57:31,Mikeala,BNL19738,5.515673473,86.33105457,302.6083232,599.993,1.457538006,33.243,72.7614743,34.4737,415.023,99.2029,1.304436179,500.065
20230611,2023-06-11 18:56:30,Mikeala,BNL19738,6.216664098,85.24749485,287.9014273,750,1.493086689,33.2345,72.80876395,34.4956,414.981,99.2054,1.319962684,499.972
20230611,2023-06-11 18:55:29,Mikeala,BNL19738,6.740017265,84.43586025,276.5014495,999.998,1.556897951,33.2534,72.83698515,34.5842,414.984,99.2064,1.363992087,500
20230611,2023-06-11 18:54:28,Mikeala,BNL19738,7.033309004,83.76368355,269.5613893,1250,1.627659953,33.3172,72.8121827,34.7114,415.068,99.2067,1.415510475,500.046
20230611,2023-06-11 18:53:27,Mikeala,BNL19738,7.331818244,83.26640405,262.5431914,1500.01,1.702939279,33.3922,72.73216917,34.8708,415.001,99.2083,1.473059894,499.993
20230611,2023-06-11 18:52:26,Mikeala,BNL19738,7.564458681,82.31756021,255.9118405,1800.01,1.796179087,33.4736,72.60157122,35.0798,415.013,99.2042,1.537265467,500.003
202306,2023-06-11 18:38:25,Julia,BNL19739,-0.714425597,69.31365403,423.4102724,0,1.186768697,31.4166,73.08885396,31.5936,415.073,99.1023,0.851941655,500.214
202306,2023-06-11 18:37:24,Julia,BNL19739,-0.34991555,70.70538264,414.7948827,20.002,1.191273693,31.4503,73.1148128,31.6344,415.069,99.1065,0.872178809,500.06
202306,2023-06-11 18:36:23,Julia,BNL19739,-0.026000564,70.80953723,407.381859,29.9989,1.200812622,31.4927,73.01099737,31.6855,415.061,99.1089,0.880494572,499.964
202306,2023-06-11 18:35:22,Julia,BNL19739,0.340564826,72.7407621,399.2849093,50.0084,1.199409707,31.4776,73.08936254,31.6616,415.044,99.1078,0.903144327,500.106
202306,2023-06-11 18:34:21,Julia,BNL19739,0.489142836,73.48028555,396.0656885,60.0016,1.202979201,31.5074,73.09099876,31.6824,415.014,99.1121,0.914949759,500.067
202306,2023-06-11 18:33:20,Julia,BNL19739,0.76367751,74.41342237,390.3177293,74.9933,1.19968916,31.5,73.21519237,31.6661,415.025,99.1119,0.923904205,500.06
202306,2023-06-11 18:32:19,Julia,BNL19739,1.236700595,74.86133692,380.2572213,99.9937,1.206821134,31.5186,73.20190707,31.6808,415.043,99.1126,0.934974313,499.977
202306,2023-06-11 18:31:18,Julia,BNL19739,1.617536969,76.61773091,372.7860825,124.999,1.210966781,31.5472,73.24809693,31.6992,414.967,99.1116,0.959996853,500.044
202306,2023-06-11 18:30:17,Julia,BNL19739,2.407504116,76.31900074,356.0260836,180,1.231745127,31.624,73.18205305,31.7735,415.068,99.111,0.972946897,500.038
202306,2023-06-11 18:29:16,Julia,BNL19739,3.199788076,76.61744154,339.4562828,249.995,1.262086341,31.7159,72.99483164,31.8667,415.07,99.1165,1.000954841,500.056
202306,2023-06-11 18:28:15,Julia,BNL19739,4.374125875,74.94446807,312.5862976,374.997,1.31118057,31.8281,72.75000923,31.9989,415.079,99.1162,1.017869974,500.001
202306,2023-06-11 18:27:14,Julia,BNL19739,5.110482437,74.08832638,295.2289232,500.006,1.359101674,31.9089,72.48085684,32.1035,414.986,99.1121,1.043523965,499.855
202306,2023-06-11 18:26:13,Julia,BNL19739,5.620251092,73.46440139,283.0819155,599.997,1.385582229,31.9135,72.43682071,32.1085,415.026,99.1132,1.05513549,500.095
202306,2023-06-11 18:25:12,Julia,BNL19739,6.075796829,72.99408309,272.060545,749.994,1.425356353,31.9253,72.37352551,32.1288,414.996,99.1216,1.078691812,500.053
202306,2023-06-11 18:24:11,Julia,BNL19739,6.686711324,71.96251463,256.2389039,999.997,1.485305886,31.9373,72.41441737,32.1586,414.973,99.1172,1.108831635,500.128
202306,2023-06-11 18:23:10,Julia,BNL19739,6.940993655,70.89909733,247.9843717,1250.01,1.558563121,32.0029,72.27618768,32.2563,415.061,99.1212,1.147017227,500.144
202306,2023-06-11 18:22:09,Julia,BNL19739,7.267737099,69.76155464,237.5513771,1500,1.625265309,32.036,72.24851587,32.3365,414.991,99.1204,1.177649498,500.082
202306,2023-06-11 18:21:08,Julia,BNL19739,7.449293103,69.05380282,231.2715118,1800,1.698018784,32.0355,72.30748468,32.3786,414.985,99.1249,1.218482644,500.01
20230611,2023-06-11 18:11:38,Bernie,BNL19740,-1.10159736,97.03692684,427.0206676,-0.206294641,0.967678019,29.25623703,79.5610733,30.43395042,415.1533813,98.97467041,0.95417703,450.2983704
20230611,2023-06-11 18:10:00,Bernie,BNL19740,-0.748788516,95.45601135,420.9054193,20.94124794,0.987639376,29.23704529,79.70892334,30.50254631,414.9060059,98.97451782,0.958622796,450.2433777
20230611,2023-06-11 18:08:21,Bernie,BNL19740,-0.599278783,93.21798024,418.9283185,28.77168274,0.975430716,29.21026802,79.88872528,30.42502213,415.1647949,98.97792816,0.925191997,450.2729797
20230611,2023-06-11 18:07:20,Bernie,BNL19740,-0.259809285,93.40697959,412.8012012,49.2505188,0.987514127,29.22177887,79.99671173,30.47740936,415.0664368,98.9780426,0.938616326,450.2427368
20230611,2023-06-11 18:06:12,Bernie,BNL19740,-0.1854923,92.08829144,411.2575987,59.67539978,0.999476582,29.24600983,80.1138382,30.55211639,414.8547058,98.98085785,0.937108174,450.2149048
20230611,2023-06-11 18:05:11,Bernie,BNL19740,-0.03394969,91.18853239,408.7040562,74.78200531,0.999151053,29.23908615,80.14370728,30.51536751,414.9770813,98.98214722,0.927912121,450.232605
20230611,2023-06-11 18:03:35,Bernie,BNL19740,0.28466536,89.32593071,402.6734113,100.3965454,1.022760308,29.25625992,80.13967133,30.58769798,414.9024963,98.98531342,0.931127553,450.2138977
20230611,2023-06-11 18:02:26,Bernie,BNL19740,0.611072635,88.57077144,396.5987132,124.6652985,1.040921334,29.25950241,80.10488129,30.62388229,414.9938965,98.98548126,0.93996595,450.2449951
20230611,2023-06-11 18:01:04,Bernie,BNL19740,1.148382644,85.04253014,385.5930523,179.5390015,1.083257024,29.27014732,79.94771576,30.68721199,414.9978027,98.98426819,0.940509773,450.2892456
20230611,2023-06-11 17:59:11,Bernie,BNL19740,1.713037995,84.76688703,374.1062311,250.5330505,1.17934054,29.36299133,79.59411621,31.02840805,415.0397949,98.98143768,1.021285042,450.1877441
20230611,2023-06-11 17:57:52,Bernie,BNL19740,2.637436261,82.25467119,354.3941994,375.2729187,1.258626083,29.36290741,79.41040039,31.11929321,415.0499268,98.98786926,1.058813222,450.2766113
20230611,2023-06-11 17:55:51,Bernie,BNL19740,3.290272922,79.97401351,338.9132594,499.6677246,1.35688684,29.37866402,79.02497101,31.27268219,414.8591309,98.98597717,1.111114998,450.3177795
20230611,2023-06-11 17:54:50,Bernie,BNL19740,3.649945344,79.25346117,330.6969374,601.2160645,1.430891666,29.39475822,78.84558105,31.39721489,415.046051,98.98587799,1.161837656,450.2670288
20230611,2023-06-11 17:53:13,Bernie,BNL19740,4.156638614,77.38393496,317.5238677,750.8565063,1.577430707,29.47048569,78.66808319,31.79079437,415.1195068,98.98790741,1.252418835,450.2740784
20230611,2023-06-11 17:52:05,Bernie,BNL19740,4.740551077,75.34285661,301.445813,1000.981506,1.749231152,29.51014137,78.634552,32.07479095,414.8718262,98.98921204,1.354405079,450.2231445
20230611,2023-06-11 17:51:04,Bernie,BNL19740,5.152809504,72.86297939,288.0787556,1251.380493,1.921009242,29.52625656,78.70401001,32.33033752,415.0102844,98.98834991,1.441053067,450.2384033
20230611,2023-06-11 17:50:03,Bernie,BNL19740,5.478998832,69.96678858,274.8718953,1500.713867,2.100477428,29.54319572,78.71401978,32.58145142,414.940033,98.989151,1.51599756,450.2263794
20230611,2023-06-11 17:49:02,Bernie,BNL19740,5.788511151,66.97609875,261.0606049,1800.86377,2.306464553,29.55611992,78.7473526,32.81267929,415.2130432,98.98986816,1.596897203,450.2122192
20230611,2023-06-11 17:47:37,Bernie,BNL19740,5.888587129,65.32311347,254.2469417,1998.904541,2.446469583,29.56496429,78.70085907,32.95819855,415.0628052,98.98971558,1.654164258,450.2410278