date,POSTIX_Date,Instrument,SampleID,A,Ci,gsw,Qin,VPDleaf,Tair,RHs,Tleaf,CO2s,Patm,E,flow
20230606,2023-06-06 17:06:01,Lindsey,BNL15218,-0.343970801,58.7852268,55.21167722,1800,1.856939828,32.2203,69.6148461,32.5289,50.4275,99.6302,1.063419092,500.187
20230606,2023-06-06 17:04:25,Lindsey,BNL15218,-0.060885675,69.66085242,54.05580018,1799.99,1.845371539,32.1392,69.72812094,32.4243,70.0002,99.632,1.034692516,500.197
20230606,2023-06-06 17:02:54,Lindsey,BNL15218,0.70797737,99.30860384,53.94730106,1800,1.828512723,32.0695,69.95093087,32.3457,123.901,99.635,1.023055893,500.249
20230606,2023-06-06 17:01:06,Lindsey,BNL15218,1.417266892,124.9658782,52.90942759,1800,1.858582679,32.1824,69.56713291,32.4977,172.816,99.6368,1.020235415,500.353
20230606,2023-06-06 16:59:32,Lindsey,BNL15218,2.494529049,163.4844764,52.67325315,1800,1.863954203,32.1761,69.44493639,32.4817,246.283,99.6357,1.018628777,500.24
20230606,2023-06-06 16:58:05,Lindsey,BNL15218,3.202054715,189.6340606,52.66993102,1799.99,1.852708661,32.1191,69.5675705,32.4132,295.235,99.6358,1.012309805,500.132
20230606,2023-06-06 17:12:26,Lindsey,BNL15218,5.580281858,295.8725379,56.73321487,1800,1.891624274,32.5333,69.48534794,32.8707,466.745,99.6455,1.113474897,500.072
20230606,2023-06-06 17:13:59,Lindsey,BNL15218,6.774754466,357.5944158,56.70237695,1800,1.885062933,32.5434,69.64638064,32.8829,565.047,99.6373,1.109182889,500.191
20230606,2023-06-06 17:15:43,Lindsey,BNL15218,7.701793575,426.1716693,56.46869213,1800,1.886615869,32.5828,69.70259691,32.9259,663.572,99.6381,1.105686345,500.254
20230606,2023-06-06 17:17:33,Lindsey,BNL15218,8.664123607,519.544174,56.65071131,1800,1.886239403,32.6165,69.77524816,32.9548,787.093,99.6362,1.109135511,500.201
20230606,2023-06-06 17:19:17,Lindsey,BNL15218,9.288268259,697.6193195,57.37193521,1800,1.904667899,32.7384,69.61961276,33.0944,985.879,99.6351,1.134394085,500.17
20230606,2023-06-06 17:21:18,Lindsey,BNL15218,10.33691096,1051.951838,57.00193972,1799.99,1.914410235,32.8213,69.59925048,33.1823,1383.81,99.6308,1.133206094,500.175
20230606,2023-06-06 17:23:19,Lindsey,BNL15218,10.70376175,1426.832251,56.64410422,1799.99,1.892763237,32.7804,69.97750489,33.1205,1782.82,99.6232,1.11352165,500.16
20230607,2023-06-07 13:19:52,Bernie,BNL15220,-0.170636785,53.68372524,54.14355914,1798.990356,1.65938534,25.49823189,70.54676819,25.8880806,49.98310471,99.19147491,0.916948349,450.3452759
20230607,2023-06-07 13:18:16,Bernie,BNL15220,0.194692898,62.06700156,54.0711521,1799.211304,1.668485206,25.49777412,70.17240143,25.87363243,69.75369263,99.19121552,0.920696044,450.3258362
20230607,2023-06-07 13:16:20,Bernie,BNL15220,1.077180168,87.69936474,53.56015173,1799.536133,1.677018408,25.48042297,69.80532837,25.84362411,123.3652039,99.1945343,0.916701658,450.2776489
20230607,2023-06-07 13:14:23,Bernie,BNL15220,1.815711521,112.6361302,53.21224685,1799.823364,1.688374863,25.47196579,69.42041016,25.83241844,172.1476135,99.19585419,0.916941237,450.2984619
20230607,2023-06-07 13:12:40,Bernie,BNL15220,2.872297079,150.6099347,52.54921786,1799.974365,1.759146391,25.46675873,69.22229004,26.16973114,245.3108826,99.19735718,0.943962784,450.3252258
20230607,2023-06-07 13:10:35,Bernie,BNL15220,3.625997466,174.2732327,51.83162889,1798.765503,1.686545164,25.41134834,68.81787872,25.67863655,294.6141052,99.20014191,0.892325217,450.3539429
20230607,2023-06-07 13:08:51,Bernie,BNL15220,5.1439695,235.6324623,51.49836711,1798.882813,1.690634217,25.39078522,68.5007782,25.63363457,407.0865173,99.19874573,0.888756377,450.3343811
20230607,2023-06-07 13:29:20,Bernie,BNL15220,5.876090498,281.6224901,54.88532526,1798.907227,1.608864166,25.56742668,72.85489655,26.04380989,465.9053955,99.18582153,0.901585389,450.2718201
20230607,2023-06-07 13:31:42,Bernie,BNL15220,7.10551697,339.1026806,54.19462593,1800.187134,1.595963239,25.58826828,73.6258316,26.10411263,564.4840698,99.18405914,0.883540853,450.3317261
20230607,2023-06-07 13:34:04,Bernie,BNL15220,7.78940148,414.2550128,53.97551758,1799.685181,1.570241613,25.59049034,74.45370483,26.1034832,663.1870728,99.18295288,0.865998459,450.2798767
20230607,2023-06-07 13:36:26,Bernie,BNL15220,8.196639633,526.0947045,54.59065699,1799.11145,1.546867385,25.62767601,75.33353424,26.15229034,787.397644,99.18444824,0.862828085,450.2973022
20230607,2023-06-07 13:38:48,Bernie,BNL15220,8.65007261,705.9103698,54.32142768,1799.267578,1.526570736,25.64796448,76.21328735,26.19809723,986.5853882,99.18371582,0.847590556,450.2534485
20230607,2023-06-07 13:41:10,Bernie,BNL15220,9.096001187,1085.162485,55.01165009,1799.873169,1.514107703,25.67442894,76.94129944,26.27233505,1385.468506,99.18280792,0.851340448,450.2854919
20230607,2023-06-07 13:43:32,Bernie,BNL15220,8.831158695,1473.172152,53.79815839,1798.833252,1.602001664,25.69486618,77.81632233,26.87823296,1783.758423,99.18213654,0.881985885,450.2549133
20230607,2023-06-07 15:43:38,Bernie,BNL15221,-0.284505034,60.98408983,36.75605431,1799.115845,2.027949887,28.96928978,75.087677,30.29206085,50.35927582,99.11165619,0.773971549,450.2990723
20230607,2023-06-07 15:42:17,Bernie,BNL15221,0.027451626,66.44196285,37.07631847,1798.800537,2.035755879,28.96438789,74.92166138,30.30020905,69.97195435,99.11042023,0.783614053,450.2278748
20230607,2023-06-07 15:40:55,Bernie,BNL15221,0.823005623,84.14228898,37.05197945,1799.687988,2.035501991,28.94975853,74.79830933,30.26847076,123.6281509,99.11213684,0.782931701,450.2394714
20230607,2023-06-07 15:39:33,Bernie,BNL15221,1.588466119,98.06081968,36.67785446,1798.96106,2.040522138,28.95196533,74.66269684,30.26610374,172.757431,99.11092377,0.777027315,450.1932678
20230607,2023-06-07 15:38:11,Bernie,BNL15221,2.539712498,128.2507605,36.7565546,1799.654419,2.037863067,28.93163109,74.5039444,30.21659851,246.4334564,99.11312866,0.777548978,450.2618713
20230607,2023-06-07 15:36:37,Bernie,BNL15221,3.359665678,140.6365297,36.91496631,1800.401489,2.03555839,28.90725327,74.33685303,30.16580772,295.31604,99.11738586,0.77984046,450.2119446
20230607,2023-06-07 15:35:16,Bernie,BNL15221,4.919674715,181.5531703,36.74686513,1800.699219,2.035443237,28.89890671,74.21530151,30.13797188,408.1991272,99.11702728,0.776241567,450.2068176
20230607,2023-06-07 15:49:52,Bernie,BNL15221,5.667356226,212.2737906,37.71012095,1800.675781,1.972797298,28.91994476,75.95394897,30.17603493,466.7035217,99.10536194,0.772249944,450.2245178
20230607,2023-06-07 15:51:30,Bernie,BNL15221,6.810508087,247.0711009,36.15479342,1800.466797,1.965607428,28.90340424,76.08265686,30.13898659,565.1429443,99.10090637,0.73812168,450.2562866
20230607,2023-06-07 15:53:09,Bernie,BNL15221,7.965757995,292.0998613,36.20422635,1798.938477,1.969638909,28.91685104,76.15036011,30.17909622,663.7748413,99.10083771,0.740689997,450.2243347
20230607,2023-06-07 15:54:38,Bernie,BNL15221,9.147431647,372.9235332,37.43333608,1799.565308,1.978847503,28.9641304,76.16474152,30.26140404,787.5921021,99.09877014,0.769215604,450.2759399
20230607,2023-06-07 15:56:26,Bernie,BNL15221,10.21291175,519.7898458,37.4522032,1799.939819,1.97742174,28.95576668,76.16151428,30.2493515,986.0123291,99.10017395,0.769013647,450.2202148
20230607,2023-06-07 15:58:38,Bernie,BNL15221,11.83377701,830.8096873,37.18652621,1798.960571,1.990346483,28.99733734,76.18841553,30.33234024,1382.670044,99.09805298,0.76875749,450.1903076
20230607,2023-06-07 16:00:56,Bernie,BNL15221,12.55009841,1185.156699,37.1474507,1799.854614,1.994068949,29.01552773,76.3817749,30.38825607,1781.443359,99.09848022,0.7694971,450.2666016
20230607,2023-06-07 18:02:57,Bernie,BNL15222,-0.349415782,60.07017671,48.25740207,1799.904297,2.165448953,31.25102043,77.30899048,32.66201401,50.33874893,98.94889832,1.089247804,450.2544556
20230607,2023-06-07 18:01:35,Bernie,BNL15222,0.007266236,67.19664951,46.32402719,1799.600342,2.157254058,31.19696999,77.29031372,32.57021713,69.95409393,98.9521637,1.04214077,450.2921143
20230607,2023-06-07 17:59:59,Bernie,BNL15222,0.706727577,94.62275593,45.69583119,1800.810547,2.171537385,31.17302513,77.03607178,32.55949402,123.7210541,98.95478821,1.034910754,450.2505188
20230607,2023-06-07 17:58:35,Bernie,BNL15222,1.462551355,116.8617331,46.80840664,1800.832886,2.169564896,31.17316246,76.907341,32.54417038,172.8787689,98.96273804,1.058569853,450.2684021
20230607,2023-06-07 17:57:13,Bernie,BNL15222,2.451945644,152.7359434,46.03824302,1798.57312,2.172024447,31.1396122,76.79877472,32.51087189,246.4693146,98.96720886,1.042447871,450.2191467
20230607,2023-06-07 17:55:51,Bernie,BNL15222,3.201808057,172.6831183,45.53228506,1799.885254,2.136848225,31.07301331,76.88170624,32.33574295,295.1961365,98.97065735,1.014145087,450.2323914
20230607,2023-06-07 17:54:29,Bernie,BNL15222,4.772537022,226.5656316,45.47086316,1799.546265,2.12901787,31.04106712,77.03339386,32.31121445,408.2333374,98.97364044,1.009019201,450.2603455
20230607,2023-06-07 18:09:27,Bernie,BNL15222,5.610636587,264.4695649,48.19022186,1798.919678,2.15967163,31.04664993,75.49081421,32.21195602,466.8132019,98.94759369,1.083421677,450.2763367
20230607,2023-06-07 18:10:59,Bernie,BNL15222,6.56111194,326.8402528,47.90723987,1800.615112,2.178560764,31.06812286,75.43858337,32.28480148,565.5734863,98.94580078,1.086736932,450.2557068
20230607,2023-06-07 18:12:22,Bernie,BNL15222,7.560270155,391.1887547,48.48257178,1798.712524,2.187800826,31.13426018,75.54683685,32.39003754,663.8603516,98.94304657,1.104526364,450.3299255
20230607,2023-06-07 18:13:49,Bernie,BNL15222,8.294746132,485.0589995,48.25081036,1800.228149,2.183533639,31.12812042,75.75710297,32.3989296,787.62146,98.938797,1.097312404,450.2637939
20230607,2023-06-07 18:16:06,Bernie,BNL15222,9.004294471,663.38912,49.94978565,1800.314209,2.199385202,31.09884453,75.26786041,32.38490677,986.8505249,98.93510437,1.14332416,450.282074
20230607,2023-06-07 18:18:28,Bernie,BNL15222,9.727179838,1022.595504,49.73605498,1799.621948,2.196428665,31.02215004,74.40749359,32.1811676,1384.892944,98.93224335,1.136355691,450.2516479
20230607,2023-06-07 18:20:43,Bernie,BNL15222,10.13564961,1392.289317,49.7138969,1799.706055,2.245350817,31.14639854,74.13471222,32.40302277,1783.66687,98.92655182,1.16166953,450.2575684
20230607,2023-06-07 16:45:31,Julia,BNL15230,-0.287978899,55.99216602,64.16147393,1799.99,1.779802167,32.1689,70.91711341,32.2771,50.3275,99.1759,1.187109105,500.043
20230607,2023-06-07 16:43:35,Julia,BNL15230,-0.135048092,76.2543589,63.58901778,1800,1.784214932,32.1738,70.84716923,32.2956,75.0906,99.1779,1.179530459,500.083
20230607,2023-06-07 16:42:19,Julia,BNL15230,0.677724815,79.18772359,63.76647315,1799.99,1.779625784,32.1316,70.85674624,32.2555,99.0288,99.1782,1.179613773,500.39
20230607,2023-06-07 16:40:18,Julia,BNL15230,1.815430634,97.92947482,63.48341203,1800,1.775179807,32.1338,70.96613372,32.2354,147.809,99.184,1.171474552,499.957
20230607,2023-06-07 16:38:22,Julia,BNL15230,2.675187349,124.5630281,64.37058621,1800,1.762663023,32.1075,71.16160457,32.1912,196.489,99.1858,1.179228864,500.485
20230607,2023-06-07 16:36:21,Julia,BNL15230,5.483143301,146.0045842,62.7373015,1800,1.751549532,32.0862,71.40681348,32.1619,293.701,99.1908,1.142373318,499.62
20230607,2023-06-07 16:52:07,Julia,BNL15230,8.647698034,236.4072717,64.31855949,1800,1.794951317,32.2481,70.74385022,32.4028,464.289,99.173,1.200329804,500.094
20230607,2023-06-07 16:54:09,Julia,BNL15230,11.08545784,255.9167762,61.06466767,1800,1.825161706,32.3623,70.41683083,32.5418,561.729,99.168,1.159795667,500.2
20230607,2023-06-07 16:56:31,Julia,BNL15230,12.84613916,322.3518579,64.49695938,1800,1.837750019,32.5194,70.36926813,32.7228,659.457,99.1717,1.233061915,500.088
20230607,2023-06-07 16:58:17,Julia,BNL15230,14.98606033,389.5729176,64.70229893,1799.99,1.831739454,32.5368,70.52693454,32.697,782.001,99.1704,1.233017219,500.27
20230607,2023-06-07 17:00:18,Julia,BNL15230,17.49451972,513.8092475,63.92581277,1799.99,1.809749447,32.4718,70.8875754,32.6007,978.827,99.1696,1.203698148,500.095
20230607,2023-06-07 17:02:19,Julia,BNL15230,20.3912507,822.0823647,63.3817647,1800,1.789330724,32.4126,71.22181972,32.551,1375.06,99.1667,1.180074848,500.013
20230607,2023-06-07 17:04:20,Julia,BNL15230,21.59456939,1196.710526,65.70584459,1799.99,1.795659316,32.4753,71.14584909,32.6179,1772.87,99.1655,1.227320381,500.19
20230607,2023-06-07 17:27:44,Mikeala,BNL15231,-0.399030341,61.53122606,50.94466389,1799.99,1.694682078,33.2872,75.18783794,33.7552,50.4981,99.2932,0.902340569,500.017
20230607,2023-06-07 17:26:18,Mikeala,BNL15231,-0.139562212,72.61456197,49.17716769,1799.99,1.697271117,33.2547,75.12463314,33.7218,70.0797,99.2948,0.872548581,500.046
20230607,2023-06-07 17:25:06,Mikeala,BNL15231,0.643022086,99.21928563,48.17255842,1799.99,1.686686577,33.1708,75.2169158,33.6207,123.911,99.2962,0.849371158,500.017
20230607,2023-06-07 17:23:24,Mikeala,BNL15231,1.302787356,123.4047815,46.35894142,1800.01,1.687079404,33.074,75.08422427,33.4959,172.91,99.2991,0.817594233,500.012
20230607,2023-06-07 17:21:26,Mikeala,BNL15231,2.263533728,158.1678107,44.26723628,1800,1.731751621,33.1339,74.3384502,33.5442,246.458,99.3053,0.801609,500.005
20230607,2023-06-07 17:20:16,Mikeala,BNL15231,2.877654266,186.1644185,45.35016726,1800,1.733458876,33.083,74.18033972,33.4739,295.452,99.3056,0.821706859,499.999
20230607,2023-06-07 17:33:40,Mikeala,BNL15231,5.133836552,299.8518951,53.04359388,1800,1.690647606,33.3193,75.27068772,33.7542,466.938,99.286,0.937081488,500.02
20230607,2023-06-07 17:35:18,Mikeala,BNL15231,6.078650031,364.8678721,52.27006727,1800.01,1.654637745,33.1809,75.78032758,33.5693,565.452,99.2833,0.9036925,500.011
20230607,2023-06-07 17:36:55,Mikeala,BNL15231,6.683928807,438.5007712,51.15810575,1800.01,1.63486471,33.0952,76.06441074,33.453,664.435,99.2821,0.873957254,500.041
20230607,2023-06-07 17:38:31,Mikeala,BNL15231,7.033590497,545.8371082,50.45555839,1800,1.614224561,33.0922,76.50012689,33.4748,788.822,99.2812,0.851292424,499.964
20230607,2023-06-07 17:40:05,Mikeala,BNL15231,6.959656551,747.2187888,51.61804308,1799.99,1.631915493,33.2185,76.32547408,33.6269,988.594,99.2773,0.880554095,500.075
20230607,2023-06-07 17:41:52,Mikeala,BNL15231,6.753666238,1146.767153,52.74882254,1799.99,1.636494702,33.3102,76.36057674,33.7368,1388.32,99.2781,0.90240665,500.027
20230607,2023-06-07 17:43:47,Mikeala,BNL15231,6.612456408,1543.410405,53.78348823,1800.01,1.647209504,33.3613,76.20453064,33.8037,1788.08,99.2787,0.926032246,500.024
20230608,2023-06-08 13:14:55,Bernie,BNL15232,-0.197670858,53.36738436,63.84438022,1799.149536,2.091344576,27.11790085,59.29844284,27.04377556,50.11037064,98.91495514,1.360933087,450.3334961
20230608,2023-06-08 13:13:30,Bernie,BNL15232,0.105745689,64.54389085,62.29454697,1798.639038,2.133003848,27.11154556,59.11290741,27.20693207,69.70140839,98.91247559,1.355368952,450.295166
20230608,2023-06-08 13:12:08,Bernie,BNL15232,1.155833049,89.12400733,62.32580097,1799.461182,2.092106425,27.08938408,58.91847229,26.94816208,123.1094055,98.90923309,1.329658132,450.3100586
20230608,2023-06-08 13:10:46,Bernie,BNL15232,2.041468636,112.6330229,61.60446497,1800.210327,2.128718649,27.07791901,58.78394699,27.10014915,171.7848206,98.90830231,1.337816815,450.2917786
20230608,2023-06-08 13:09:24,Bernie,BNL15232,3.325190539,149.2517059,61.37692013,1799.133057,2.116840828,27.10327721,58.46935272,26.99365807,244.6502533,98.90447235,1.325410347,450.2900085
20230608,2023-06-08 13:08:02,Bernie,BNL15232,4.178175772,174.2859242,61.54665581,1799.842163,2.11923439,27.09651184,58.27090454,26.96934319,293.3838501,98.90322876,1.330415782,450.2973633
20230608,2023-06-08 13:06:40,Bernie,BNL15232,6.080153345,231.7066577,61.23477078,1798.897217,2.120588801,27.07712173,58.08671951,26.93399048,405.0584106,98.90453339,1.324543575,450.2611389
20230608,2023-06-08 13:22:02,Bernie,BNL15232,6.967116972,276.8530749,65.37020201,1798.689453,2.071939372,27.14957237,60.19708252,27.13371658,463.8753052,98.92090607,1.380028834,450.2838135
20230608,2023-06-08 13:24:00,Bernie,BNL15232,7.949195309,347.2105065,65.29476041,1799.65918,2.079021113,27.16775894,60.27404785,27.18904114,561.9803467,98.92127228,1.383306795,450.2802124
20230608,2023-06-08 13:25:40,Bernie,BNL15232,8.47139583,430.530775,65.43000282,1800.104248,2.090541303,27.21200371,60.31446838,27.27668762,661.2147827,98.9196167,1.393993281,450.2431335
20230608,2023-06-08 13:27:16,Bernie,BNL15232,7.433849459,577.7352682,65.37728866,1799.085083,2.095381425,27.23674393,60.44017029,27.33638382,787.4611206,98.91957092,1.396271806,450.2901306
20230608,2023-06-08 13:29:20,Bernie,BNL15232,8.975482029,732.9607313,66.18596524,1799.422729,2.093560182,27.25650787,60.68945313,27.38895988,984.6826782,98.91764832,1.412067249,450.2928467
20230608,2023-06-08 13:31:39,Bernie,BNL15232,9.245048133,1110.170836,65.836345,1800.33667,2.107556506,27.3144207,60.87324524,27.51243591,1383.578857,98.91947937,1.414472365,450.2483215
20230608,2023-06-08 13:34:00,Bernie,BNL15232,9.310056574,1496.340321,66.61957413,1799.59375,2.113672121,27.3675518,61.06331635,27.61289787,1782.670166,98.92010498,1.435271416,450.2337646
20230608,2023-06-08 15:19:05,Bernie,BNL15236,-0.478333021,60.1632284,66.1361119,1800.554321,2.268107896,29.51697731,64.48387909,30.24949646,50.46752548,98.93340302,1.541554041,450.254425
20230608,2023-06-08 15:17:43,Bernie,BNL15236,0.065489038,65.33584439,62.53046086,1800.981689,2.42782472,29.53157043,64.39680481,30.90920258,69.79563141,98.93003845,1.563399212,450.2218628
20230608,2023-06-08 15:16:21,Bernie,BNL15236,1.377514462,82.36679414,61.55404134,1800.593262,2.451460382,29.54216003,64.13881683,30.96226501,123.0528946,98.93069458,1.554517919,450.1996765
20230608,2023-06-08 15:14:59,Bernie,BNL15236,2.496170413,101.9922003,63.47661461,1800.006104,2.320000047,29.55084801,63.75451279,30.34165955,171.4138336,98.92948151,1.514856275,450.24646
20230608,2023-06-08 15:13:36,Bernie,BNL15236,4.148768429,128.9566879,62.72941486,1799.190552,2.318545707,29.53138924,63.54840088,30.28196526,243.9949188,98.93031311,1.496259459,450.236908
20230608,2023-06-08 15:12:14,Bernie,BNL15236,5.188608395,148.9059863,62.55053211,1799.516602,2.311584833,29.50504875,63.41748428,30.21218109,292.6451721,98.931633,1.487381206,450.2393494
20230608,2023-06-08 15:10:41,Bernie,BNL15236,7.627349794,191.4087232,61.75889536,1799.2052,2.317773524,29.50363731,63.3521843,30.21843719,404.2043457,98.9291687,1.472924927,450.223175
20230608,2023-06-08 15:25:46,Bernie,BNL15236,8.970377084,224.5784591,65.32610571,1798.947144,2.388506537,29.51714516,64.83672333,30.84476662,462.3075562,98.93118286,1.605242772,450.2565613
20230608,2023-06-08 15:27:28,Bernie,BNL15236,10.72134328,274.930553,65.19787945,1801.126221,2.376884032,29.48467827,64.80898285,30.76647568,559.7715454,98.93035889,1.594178212,450.2356262
20230608,2023-06-08 15:29:17,Bernie,BNL15236,12.14655037,331.2546441,64.56396388,1800.600952,2.369331927,29.47469711,64.74319458,30.70927811,657.6858521,98.93120575,1.573853078,450.2488098
20230608,2023-06-08 15:31:02,Bernie,BNL15236,13.6487343,414.5904177,64.99326951,1799.768555,2.368181954,29.47609901,64.69486237,30.70417023,780.8183594,98.92922211,1.583312611,450.1937256
20230608,2023-06-08 15:33:24,Bernie,BNL15236,14.97687647,591.3346876,68.3558095,1799.298706,2.249795824,29.48999977,64.49386597,30.18560791,978.6071777,98.93180084,1.579054089,450.2570496
20230608,2023-06-08 15:35:46,Bernie,BNL15236,16.0321131,927.9940659,64.9352617,1801.458984,2.350591385,29.45736122,64.44141388,30.56898308,1376.052734,98.9275589,1.569841898,450.2373352
20230608,2023-06-08 15:38:08,Bernie,BNL15236,16.7013755,1320.148513,68.82974717,1799.137939,2.234738489,29.45364189,64.48504639,30.10356712,1774.261719,98.92398071,1.57901356,450.2428894
20230608,2023-06-08 17:04:26,Bernie,BNL15238,-0.505007498,56.27672144,102.6722141,1800.16748,2.304275235,30.75403595,64.59870911,31.79590416,50.26193237,98.90049744,2.419622904,450.2799988
20230608,2023-06-08 17:03:04,Bernie,BNL15238,-0.123459723,69.19203576,102.2081798,1799.611938,2.316238655,30.75666046,64.44135284,31.81859398,69.91424561,98.90117645,2.421485341,450.2189331
20230608,2023-06-08 17:01:42,Bernie,BNL15238,1.31877314,97.53801885,101.250942,1799.524048,2.318795312,30.73080254,64.34088898,31.78858566,123.2137833,98.90167236,2.401919229,450.2349243
20230608,2023-06-08 17:00:20,Bernie,BNL15238,2.609785392,123.5670966,100.5972241,1801.219971,2.315457775,30.70770454,64.28825378,31.74248123,171.8846893,98.9006424,2.38325792,450.2754822
20230608,2023-06-08 16:58:58,Bernie,BNL15238,4.359707213,165.4081292,100.2467192,1799.936279,2.319658481,30.72047806,64.2201767,31.75406075,244.760025,98.89851379,2.37958652,450.2509766
20230608,2023-06-08 16:57:36,Bernie,BNL15238,5.640601014,190.7917785,99.42908061,1800.466553,2.31382692,30.70687675,64.14945984,31.69874191,293.2654114,98.90094757,2.354536148,450.2282715
20230608,2023-06-08 16:56:04,Bernie,BNL15238,8.154234309,258.5328846,99.93635318,1798.887207,2.319600169,30.70823479,64.16783905,31.73670197,405.3404541,98.90634155,2.372068387,450.2722473
20230608,2023-06-08 17:11:20,Bernie,BNL15238,9.27233037,301.93703,103.5701113,1799.417725,2.300941859,30.8110199,65.04614258,31.9000206,463.7624207,98.90106964,2.437315808,450.2414246
20230608,2023-06-08 17:13:09,Bernie,BNL15238,11.3808185,363.4202025,103.7552704,1799.9375,2.306517772,30.83434105,65.16557312,31.95871735,561.4871826,98.90317535,2.447714268,450.2478027
20230608,2023-06-08 17:15:04,Bernie,BNL15238,12.80388577,435.319593,103.5589275,1800.134033,2.31145544,30.8694973,65.2702179,32.01434708,659.6287231,98.90689087,2.448691127,450.2402954
20230608,2023-06-08 17:16:35,Bernie,BNL15238,14.19475808,530.6985799,102.7178697,1800.65271,2.300391859,30.84028625,65.44034576,31.96981621,782.9855957,98.90661621,2.417702319,450.2553711
20230608,2023-06-08 17:18:36,Bernie,BNL15238,15.65353066,700.0587726,103.5730139,1800.765503,2.294939346,30.86286926,65.57489777,31.99025726,980.6668091,98.90951538,2.431557544,450.303772
20230608,2023-06-08 17:20:52,Bernie,BNL15238,17.39194754,1054.653147,103.5554742,1799.986572,2.2979527,30.89409256,65.70740509,32.0440979,1377.423828,98.9095459,2.434675175,450.2621155
20230608,2023-06-08 17:23:14,Bernie,BNL15238,17.56291199,1432.879223,102.2610474,1800.405884,2.273563423,30.83749771,66.14645386,31.9685688,1776.138428,98.9116745,2.379509802,450.2203674
20230608,2023-06-08 17:36:28,Julia,BNL15239,-0.592017754,57.26009309,118.624159,1799.99,1.604618591,32.9665,74.78269692,33.1089,50.5826,99.0566,1.967209923,500.208
20230608,2023-06-08 17:34:15,Julia,BNL15239,-0.005940026,68.04099375,116.9791865,1800,1.628560962,32.9585,74.29089213,33.1125,69.8496,99.0551,1.969187747,500.141
20230608,2023-06-08 17:32:33,Julia,BNL15239,1.58000666,97.47221894,115.2908781,1800,1.660939744,32.9734,73.65946606,33.1421,122.882,99.0554,1.979690471,500.039
20230608,2023-06-08 17:30:56,Julia,BNL15239,3.035742133,123.8525398,114.7974092,1799.99,1.678427308,32.9434,73.24004175,33.1202,171.101,99.055,1.991767162,500.125
20230608,2023-06-08 17:29:15,Julia,BNL15239,5.135948629,164.5932749,114.4973865,1799.99,1.684987296,32.876,72.98294581,33.0316,243.453,99.049,1.994063234,500.142
20230608,2023-06-08 17:28:03,Julia,BNL15239,6.697098531,194.4102372,120.944342,1799.99,1.673202971,32.8347,72.99988097,32.9853,291.547,99.0529,2.088792744,500.099
20230608,2023-06-08 17:42:21,Julia,BNL15239,11.26904221,296.4006399,118.6585492,1800.04,1.524237494,32.9133,76.43599865,33.0563,460.935,99.0525,1.869902744,500.181
20230608,2023-06-08 17:44:24,Julia,BNL15239,13.43000465,364.3714571,120.226671,1800,1.508779034,32.9259,76.75578666,33.0787,558.234,99.0459,1.875217698,500.083
20230608,2023-06-08 17:45:55,Julia,BNL15239,15.12418488,439.9785164,121.9921897,1800.01,1.501153787,32.9313,76.89019655,33.0908,656.037,99.0542,1.892451482,500.128
20230608,2023-06-08 17:47:26,Julia,BNL15239,16.38630298,541.3569319,120.6912955,1800,1.492153633,32.9321,77.116735,33.0917,779.349,99.0548,1.861610698,500.073
20230608,2023-06-08 17:49:05,Julia,BNL15239,17.43956622,722.8505076,121.7872652,1799.99,1.479026204,32.9413,77.3919774,33.1356,977.58,99.0567,1.8617657,500.056
20230608,2023-06-08 17:50:39,Julia,BNL15239,18.10565477,1105.262986,123.0058838,1800,1.474949245,32.9903,77.53075714,33.1816,1376.21,99.0579,1.875086953,500.204
20230608,2023-06-08 17:52:20,Julia,BNL15239,17.68009908,1505.08605,125.55935,1799.99,1.474059601,33.0629,77.60701849,33.2748,1775.63,99.0593,1.912341631,500.213
20230609,2023-06-09 13:18:19,Bernie,BNL15244,-0.184643727,54.45844092,49.9239947,1799.831177,2.051635587,25.1371212,58.0934906,25.79353714,50.22872543,99.17578125,1.04477258,450.3283691
20230609,2023-06-09 13:16:57,Bernie,BNL15244,0.089856082,64.38963001,49.20252257,1798.785522,2.04990151,25.11951828,57.95669174,25.74791145,69.63319397,99.17108154,1.029042422,450.3346863
20230609,2023-06-09 13:15:35,Bernie,BNL15244,1.02305546,85.84823886,48.80060297,1798.838623,2.052428318,25.10892868,57.83480453,25.73222351,123.4606628,99.1692276,1.022020672,450.3573914
20230609,2023-06-09 13:14:04,Bernie,BNL15244,1.783455914,107.3200556,48.13740491,1798.892212,2.057244106,25.09402084,57.7269783,25.72624969,172.2542725,99.16893005,1.010711499,450.4012146
20230609,2023-06-09 13:12:32,Bernie,BNL15244,2.858545396,140.8393055,47.22982305,1799.185913,2.051800387,25.08058357,57.59720993,25.65819168,245.674942,99.16545105,0.989302576,450.3640442
20230609,2023-06-09 13:10:55,Bernie,BNL15244,3.45891955,164.9130829,45.93474012,1800.294678,2.045420559,25.05064011,57.53108597,25.58218956,294.9126587,99.16416168,0.959555137,450.3269958
20230609,2023-06-09 13:09:22,Bernie,BNL15244,5.009394646,218.8002317,45.60257744,1800.64978,2.038006772,25.0345993,57.48160934,25.52241325,407.6351013,99.16147614,0.949233527,450.4003601
20230609,2023-06-09 13:24:44,Bernie,BNL15244,5.824278049,273.9355363,52.51958893,1799.360352,1.954147268,25.12473869,58.95320129,25.42999077,466.2559204,99.18115234,1.045591817,450.3650513
20230609,2023-06-09 13:26:24,Bernie,BNL15244,6.783626056,338.0448036,52.1088919,1799.42395,2.003022284,25.109375,59.27445984,25.73910904,564.7007446,99.18148804,1.063878762,450.3370056
20230609,2023-06-09 13:28:43,Bernie,BNL15244,6.756471591,436.8819741,52.32501349,1799.336304,1.994837275,25.10730743,59.55487061,25.74248505,665.0665283,99.17922211,1.063920108,450.3956604
20230609,2023-06-09 13:31:05,Bernie,BNL15244,7.158594504,547.5189917,53.06122427,1798.920288,1.988310863,25.12127876,59.78815079,25.76090813,788.9691772,99.17631531,1.075174273,450.4442139
20230609,2023-06-09 13:33:21,Bernie,BNL15244,7.218691768,740.7501893,53.55619899,1799.559448,1.99532645,25.145998,59.92661667,25.83684731,988.605835,99.18210602,1.08889691,450.3242188
20230609,2023-06-09 13:35:39,Bernie,BNL15244,7.325178882,1131.161026,55.1306885,1799.042847,1.93718415,25.18498039,59.95909882,25.56092834,1387.8302,99.18707275,1.087313424,450.3200073
20230609,2023-06-09 13:38:01,Bernie,BNL15244,7.377405084,1519.042534,55.80378398,1800.13562,1.927603037,25.19953537,60.17679214,25.5561676,1787.039917,99.18873596,1.094907555,450.3375244
20230609,2023-06-09 15:56:08,Bernie,BNL15245,-0.511473798,57.6315358,91.79325271,1800.555054,2.254982081,28.62672806,61.963974,29.82070351,50.52477646,99.20204926,2.102851708,450.2756653
20230609,2023-06-09 15:54:46,Bernie,BNL15245,0.041085911,66.42960202,90.60456735,1798.934937,2.280913115,28.65895462,61.76903534,29.91587257,69.76139832,99.20174408,2.100485143,450.2643738
20230609,2023-06-09 15:53:21,Bernie,BNL15245,1.613002,89.12817782,89.68773163,1799.487671,2.279862843,28.64761543,61.64032364,29.87193489,122.630455,99.20186615,2.078704073,450.211731
20230609,2023-06-09 15:51:59,Bernie,BNL15245,3.10066867,108.4884752,88.80973815,1799.716797,2.286138585,28.64833832,61.49897003,29.86747169,171.0286407,99.19999695,2.064572478,450.2732239
20230609,2023-06-09 15:50:37,Bernie,BNL15245,5.323941996,136.9412105,88.18655504,1799.30249,2.299123777,28.65636253,61.37963104,29.9061985,243.1418915,99.19888306,2.062214909,450.2830505
20230609,2023-06-09 15:49:15,Bernie,BNL15245,6.623745369,154.2609009,84.50688232,1799.263428,2.417151028,28.64515686,61.37150955,30.40967751,291.5491333,99.2004776,2.081196239,450.23349
20230609,2023-06-09 15:47:41,Bernie,BNL15245,9.761731226,207.0035945,86.97507949,1799.048828,2.284059063,28.60958099,61.32813263,29.79021072,402.4412842,99.20320892,2.020885355,450.2628479
20230609,2023-06-09 16:02:47,Bernie,BNL15245,11.42206989,250.5215403,95.55237021,1799.148315,2.265256787,28.71546364,62.16153336,29.9916687,460.1829224,99.19913483,2.197038344,450.2574463
20230609,2023-06-09 16:04:25,Bernie,BNL15245,13.49963884,300.3248171,92.30230862,1799.679565,2.412064171,28.75748444,62.34994125,30.69548607,557.4854126,99.19720459,2.26423009,450.2337952
20230609,2023-06-09 16:05:53,Bernie,BNL15245,15.26374333,365.1767608,92.86813423,1800.433105,2.400950373,28.7556839,62.40592194,30.65777206,655.2512817,99.19612885,2.267156516,450.2510681
20230609,2023-06-09 16:07:21,Bernie,BNL15245,16.3191881,465.3274017,92.78752307,1799.524902,2.401963707,28.7587986,62.54864883,30.68824005,778.7821655,99.19791412,2.266315737,450.3020325
20230609,2023-06-09 16:09:43,Bernie,BNL15245,16.99260097,643.0903361,92.28669681,1800.509644,2.383828891,28.72723389,62.75564575,30.61533546,977.3334961,99.20101929,2.237212354,450.2333984
20230609,2023-06-09 16:12:05,Bernie,BNL15245,16.69093546,1035.836838,93.41166262,1801.652344,2.362426374,28.70498466,62.82034302,30.52732849,1376.541504,99.1986618,2.243160216,450.26651
20230609,2023-06-09 16:14:27,Bernie,BNL15245,17.19736139,1412.479049,93.93236247,1799.280884,2.347341227,28.67641068,62.73732376,30.4403038,1775.31311,99.19441986,2.240648831,450.2097778
20230609,2023-06-09 17:52:43,Bernie,BNL15246,-0.474247422,58.25832248,73.16185658,1799.404297,2.837681431,29.1895256,57.02521515,31.5625248,50.24000549,99.14324951,2.123569999,450.2409668
20230609,2023-06-09 17:51:21,Bernie,BNL15246,-0.035768796,67.42294636,71.63853147,1799.508423,2.823634825,29.1628437,57.09465027,31.47725868,69.84621429,99.14601135,2.069872991,450.2489319
20230609,2023-06-09 17:49:57,Bernie,BNL15246,1.135578516,91.96304841,71.00556256,1800.264404,2.810046734,29.1492691,57.16437912,31.41181564,123.1274567,99.14749146,2.041982731,450.2549438
20230609,2023-06-09 17:48:29,Bernie,BNL15246,2.271222097,112.2195239,70.28583597,1799.776855,2.816609302,29.14981842,57.24326324,31.44371414,171.6551056,99.14598846,2.026657783,450.2313232
20230609,2023-06-09 17:47:07,Bernie,BNL15246,4.01213489,140.0476875,68.83267062,1800.118652,2.8161551,29.14443398,57.32978058,31.43034935,244.2101593,99.1447525,1.985467781,450.2051392
20230609,2023-06-09 17:45:34,Bernie,BNL15246,5.054746375,160.1796959,67.61849219,1799.947266,2.818734882,29.14030838,57.43981171,31.43936539,292.7981567,99.14579773,1.953099874,450.2417297
20230609,2023-06-09 17:43:58,Bernie,BNL15246,7.366276138,223.5092191,71.84944381,1798.937134,2.570599419,29.11763763,57.42926788,30.37882233,404.4286499,99.14595032,1.887447954,450.2012329
20230609,2023-06-09 17:42:33,Bernie,BNL15246,7.579054272,227.4168371,71.28166648,1799.968506,2.539433156,29.09881592,57.37117004,30.20754051,414.6512146,99.1445694,1.849807046,450.2494812
20230609,2023-06-09 17:59:21,Bernie,BNL15246,8.906770952,250.3027608,74.68359522,1799.092285,2.8626901,29.24282265,56.41615295,31.61893845,462.2879639,99.13489532,2.185819494,450.2349548
20230609,2023-06-09 18:00:58,Bernie,BNL15246,10.74652218,302.4666512,74.22716475,1800.226807,2.890614549,29.28042793,56.37920761,31.74095917,559.921936,99.13671112,2.194342145,450.2292175
20230609,2023-06-09 18:02:27,Bernie,BNL15246,11.93008646,371.4368731,74.5187477,1800.46582,2.871024655,29.26453209,56.41710663,31.65890884,657.8066406,99.13241577,2.187682998,450.2609863
20230609,2023-06-09 18:03:55,Bernie,BNL15246,12.61622063,476.4934341,74.87157216,1800.168091,2.856140233,29.2590313,56.34799576,31.58580399,781.9749756,99.13439178,2.186094043,450.2706604
20230609,2023-06-09 18:06:07,Bernie,BNL15246,12.95989116,654.949972,73.97527519,1800.019531,2.881312691,29.24610519,56.25220871,31.66262245,980.6392822,99.13304901,2.179794091,450.2361145
20230609,2023-06-09 18:08:29,Bernie,BNL15246,13.26155678,1055.557757,80.47445394,1799.439941,2.650371519,29.27182579,56.06867599,30.70093727,1379.208374,99.12987518,2.173922955,450.2423401
20230608,2023-06-08 17:17:12,Mikeala,BNL15248,-0.414365245,60.34099027,56.14906251,1799.99,2.058185168,33.0382,67.1014126,33.8392,50.3443,99.2084,1.204196579,499.99
20230608,2023-06-08 17:15:31,Mikeala,BNL15248,-0.119624387,71.00166014,56.00862412,1799.99,2.07487654,33.0131,66.70554239,33.7914,70.0144,99.2067,1.210769441,500.062
20230608,2023-06-08 17:13:53,Mikeala,BNL15248,0.972243163,92.0527074,56.01586797,1800,2.069897568,32.9113,66.58046287,33.6736,123.826,99.2092,1.207629055,500.103
20230608,2023-06-08 17:12:14,Mikeala,BNL15248,1.826339556,114.7056927,55.50389151,1799.99,2.085084302,32.8894,66.23208894,33.6346,172.856,99.2068,1.205335605,500.03
20230608,2023-06-08 17:10:34,Mikeala,BNL15248,3.247669521,145.0376929,55.57945172,1800,2.087409429,32.8293,66.04476491,33.5825,246.217,99.207,1.20805807,500.017
20230608,2023-06-08 17:08:53,Mikeala,BNL15248,4.238073761,164.2703336,55.72186143,1799.99,2.102923656,32.8217,65.69906083,33.5629,295.155,99.2078,1.219973325,500.02
20230608,2023-06-08 17:23:49,Mikeala,BNL15248,7.27710984,241.595988,55.07491677,1800,1.97968959,33.1299,68.94851987,33.9072,466.652,99.209,1.137193434,500.01
20230608,2023-06-08 17:25:32,Mikeala,BNL15248,8.798745429,291.4342439,54.74483762,1800,1.954492211,33.1324,69.48071175,33.8848,564.911,99.2105,1.116216401,500.022
20230608,2023-06-08 17:27:11,Mikeala,BNL15248,10.4052048,337.2298035,54.21919721,1800,1.921414471,33.0851,70.07776822,33.7697,663.105,99.2092,1.086959067,500.03
20230608,2023-06-08 17:29:22,Mikeala,BNL15248,11.7505163,434.2012795,57.01706283,1800.01,1.896277414,33.0731,70.48681387,33.7697,786.407,99.2062,1.127621625,499.95
20230608,2023-06-08 17:30:50,Mikeala,BNL15248,13.52443602,577.903041,57.23092571,1799.99,1.904096443,33.1161,70.40668065,33.8308,984.481,99.2056,1.13658319,500.011
20230608,2023-06-08 17:32:51,Mikeala,BNL15248,15.33067413,917.0028314,57.83758749,1800,1.904247418,33.1271,70.40788062,33.8471,1381.85,99.2058,1.148621198,500.022
20230608,2023-06-08 17:34:22,Mikeala,BNL15248,15.78060912,1294.456152,58.28135159,1800,1.901197004,33.1006,70.40351605,33.8278,1780.91,99.1999,1.155471025,500.02
20230608,2023-06-08 17:14:47,Lindsey,BNL15249,-0.559753333,59.00891983,87.98137206,1799.99,1.925773223,32.9298,68.65415613,33.1134,50.4607,99.1144,1.756854289,500.134
20230608,2023-06-08 17:13:03,Lindsey,BNL15249,-0.137499318,70.27033101,87.6516883,1800,1.919713643,32.8241,68.57212721,33.0033,69.9896,99.1152,1.744344407,500.276
20230608,2023-06-08 17:11:51,Lindsey,BNL15249,1.377169935,95.29205842,91.16612506,1799.99,1.894023467,32.7182,68.79856489,32.8836,123.291,99.1115,1.788512565,500.261
20230608,2023-06-08 17:10:04,Lindsey,BNL15249,2.598585404,121.0441175,91.30230886,1800,1.895138682,32.6634,68.65630586,32.8363,171.907,99.1072,1.791958212,500.227
20230608,2023-06-08 17:08:20,Lindsey,BNL15249,4.292113889,162.1362373,91.33350661,1799.99,1.909938152,32.6649,68.33918089,32.859,244.948,99.1124,1.806307588,500.24
20230608,2023-06-08 17:06:47,Lindsey,BNL15249,5.646229314,185.048881,90.99100931,1799.99,1.897864645,32.5643,68.39869066,32.7739,293.393,99.1108,1.787883489,500.26
20230608,2023-06-08 17:21:30,Lindsey,BNL15249,9.095774814,285.3623857,88.27006377,1800,1.88451603,33.1974,70.06308473,33.3562,464.436,99.12,1.726549037,500.239
20230608,2023-06-08 17:23:19,Lindsey,BNL15249,10.95651007,345.1414657,87.41958397,1800.02,1.827114556,33.0588,71.01902742,33.2217,562.41,99.1225,1.657905079,500.275
20230608,2023-06-08 17:25:10,Lindsey,BNL15249,12.16006075,415.9119191,86.11961023,1800,1.765760517,32.9192,72.08299079,33.0753,660.92,99.1245,1.578653937,500.369
20230608,2023-06-08 17:27:05,Lindsey,BNL15249,13.19848952,519.4814988,87.01923932,1800,1.743254362,32.9551,72.60400882,33.1247,784.645,99.1298,1.574838187,500.346
20230608,2023-06-08 17:29:16,Lindsey,BNL15249,13.90712346,713.6865545,91.82562139,1800.01,1.672334839,32.7909,73.68635887,32.9428,983.423,99.1278,1.592603443,500.24
20230608,2023-06-08 17:31:11,Lindsey,BNL15249,14.78670695,1090.640633,93.49659225,1800,1.662308707,32.785,73.84789136,32.9408,1382.03,99.126,1.611437546,500.355
20230608,2023-06-08 17:33:01,Lindsey,BNL15249,14.92891694,1478.091368,94.12516903,1800,1.655500221,32.7779,73.96546256,32.9431,1781.06,99.1303,1.615389381,500.166
20230609,2023-06-09 18:13:36,Julia,BNL15250,-0.440252102,57.04383837,82.35372101,1799.99,2.366836306,33.0536,59.81903124,33.2504,50.5121,99.2764,2.015428782,499.909
20230609,2023-06-09 18:12:04,Julia,BNL15250,-0.006342967,67.20819999,81.86496562,1799.99,2.362486172,32.996,59.78070997,33.2254,69.7944,99.2811,1.999575071,499.887
20230609,2023-06-09 18:10:27,Julia,BNL15250,1.248809004,93.41374973,80.20495814,1800,2.365575444,32.9424,59.63791878,33.1628,122.93,99.2799,1.961898941,500.283
20230609,2023-06-09 18:08:54,Julia,BNL15250,2.205514894,120.9352308,80.04969773,1799.99,2.330745307,32.7695,59.93671454,32.9449,171.281,99.2799,1.928691471,499.89
20230609,2023-06-09 18:07:20,Julia,BNL15250,3.910109494,155.1855171,78.23763462,1800,2.289203957,32.5723,60.38472738,32.7021,243.787,99.2799,1.851428535,500.142
20230609,2023-06-09 18:05:38,Julia,BNL15250,4.788527945,183.7984386,78.03410524,1799.99,2.273373225,32.5276,60.61849701,32.6196,292.256,99.2801,1.833830965,500.076
20230609,2023-06-09 18:19:29,Julia,BNL15250,8.25228803,285.318673,82.5033418,1800,2.283277214,32.8283,61.00823463,32.9152,461.74,99.2679,1.947511513,499.899
20230609,2023-06-09 18:21:00,Julia,BNL15250,9.807321849,348.0730079,81.99214679,1800.01,2.26793349,32.758,61.17710235,32.8247,559.177,99.2703,1.922340308,500.248
20230609,2023-06-09 18:22:29,Julia,BNL15250,11.16786172,414.7117869,81.62323373,1800,2.282279955,32.8193,61.03769174,32.9341,656.951,99.2675,1.926199943,499.887
20230609,2023-06-09 18:24:03,Julia,BNL15250,12.27537921,511.608127,81.59582886,1800,2.275642938,32.817,61.17391862,32.9669,780.055,99.2665,1.920044351,500.041
20230609,2023-06-09 18:25:40,Julia,BNL15250,12.58129399,697.3249965,81.72073969,1800,2.28428802,32.8819,61.1479911,33.0722,978.932,99.2624,1.930618482,499.918
20230609,2023-06-09 18:27:11,Julia,BNL15250,13.00047131,1073.262756,81.98266661,1799.99,2.284438438,32.9099,61.2052714,33.0994,1377.2,99.2584,1.937080784,500.228
20230609,2023-06-09 18:29:00,Julia,BNL15250,13.18328494,1452.862372,81.98332919,1800,2.294873371,32.9612,61.11263324,33.1343,1775.6,99.2542,1.946223955,499.857
20230606,2023-06-06 12:59:52,Bernie,BNL15255,-0.167816817,52.81412142,70.70225294,1799.894409,1.501547675,25.37509727,72.13005829,25.73940659,50.22066498,99.57804108,1.075713305,450.3727417
20230606,2023-06-06 12:58:30,Bernie,BNL15255,0.152192625,64.40243396,70.66236736,1799.56897,1.506680722,25.36982346,71.89537048,25.72588158,69.58444214,99.5774765,1.078736829,450.3922119
20230606,2023-06-06 12:56:08,Bernie,BNL15255,1.461963496,86.59650263,70.30898921,1799.546631,1.520263471,25.35628891,71.35765076,25.7006321,123.149498,99.57639313,1.083010747,450.355835
20230606,2023-06-06 12:54:31,Bernie,BNL15255,2.552494754,108.559983,70.02555466,1798.64917,1.52642984,25.33724594,71.02014923,25.66710854,171.5466461,99.57466125,1.083018853,450.3350525
20230606,2023-06-06 12:52:09,Bernie,BNL15255,4.211843481,140.0895135,68.91568665,1798.756958,1.528608429,25.28322601,70.47245789,25.54845619,244.6015625,99.56910706,1.067545815,450.3985901
20230606,2023-06-06 12:49:47,Bernie,BNL15255,5.111834538,165.575449,68.42381125,1798.713867,1.572441227,25.24394989,69.91572571,25.67169762,293.338562,99.56604004,1.090508832,450.3789063
20230606,2023-06-06 12:47:25,Bernie,BNL15255,7.211129034,209.5506698,67.69242691,1799.637207,1.575482832,25.21490669,69.21382904,25.54832458,391.0097351,99.56512451,1.080920186,450.3942261
20230606,2023-06-06 13:09:20,Bernie,BNL15255,8.491996451,260.0499091,70.81436346,1800.005127,1.44729813,25.35946846,73.79442596,25.70953941,464.353241,99.59542084,1.038535493,450.3455505
20230606,2023-06-06 13:11:42,Bernie,BNL15255,9.342218232,336.8819413,70.73999494,1799.899414,1.433394372,25.35191917,74.17657471,25.69178581,562.9900513,99.60108185,1.027488963,450.3617859
20230606,2023-06-06 13:14:04,Bernie,BNL15255,9.295766762,436.1147958,70.84134216,1800.382935,1.418206985,25.32686043,74.46772766,25.64152527,663.0734253,99.60575104,1.017958476,450.3450928
20230606,2023-06-06 13:16:26,Bernie,BNL15255,9.778806264,548.1919028,71.40158971,1800.199585,1.412768986,25.33686829,74.71141052,25.66259193,787.2512207,99.60749817,1.021945279,450.3762512
20230606,2023-06-06 13:18:48,Bernie,BNL15255,10.78564582,720.3142594,71.76005749,1798.886475,1.41367499,25.35626793,74.9163208,25.71844673,985.5147705,99.60375214,1.027763415,450.3085022
20230606,2023-06-06 13:21:10,Bernie,BNL15255,11.06493009,1109.611285,73.36273096,1799.278809,1.411777257,25.38285446,75.12424469,25.76966667,1384.952026,99.6029892,1.048888281,450.3007202
20230606,2023-06-06 13:23:32,Bernie,BNL15255,11.0089161,1494.509506,71.76520057,1798.940308,1.466682315,25.40166092,75.45281982,26.12269592,1784.611694,99.60525513,1.066917723,450.3092041
20230606,2023-06-06 14:38:08,Bernie,BNL15256,-0.276745202,56.88330153,54.54554506,1800.750122,1.938827587,28.29218102,69.58731079,28.69417572,50.35711288,99.55732727,1.081278278,450.3098145
20230606,2023-06-06 14:35:46,Bernie,BNL15256,0.113938343,63.95586656,54.0842523,1799.508057,2.017167271,28.32958984,69.37942505,29.04684448,69.62570953,99.55884552,1.11605046,450.2248535
20230606,2023-06-06 14:33:53,Bernie,BNL15256,1.265164642,80.73243777,52.75354751,1799.263794,1.987837808,28.25783539,69.11366272,28.81018066,123.1059799,99.56053925,1.072849624,450.2357178
20230606,2023-06-06 14:31:31,Bernie,BNL15256,2.283465269,94.52226011,50.93461102,1799.278687,1.952535451,28.22484207,68.78401947,28.54713249,171.7136688,99.56429291,1.017707138,450.1944275
20230606,2023-06-06 14:29:09,Bernie,BNL15256,3.551249163,120.3654076,48.72668828,1798.793579,1.957847107,28.19816971,68.59265137,28.50069809,244.6889648,99.56600952,0.976903446,450.258728
20230606,2023-06-06 14:26:47,Bernie,BNL15256,4.446993575,132.4284632,46.89519139,1799.39856,1.965059045,28.1714859,68.32593536,28.45239449,293.3280029,99.5664978,0.944155805,450.2763367
20230606,2023-06-06 14:24:25,Bernie,BNL15256,6.5489866,156.4113764,47.18513922,1800.844116,1.952725892,28.1187191,68.16777039,28.33918762,390.6263733,99.56859589,0.943713416,450.2752991
20230606,2023-06-06 15:03:52,Bernie,BNL15256,5.888208014,222.2800954,60.17226563,1800.63916,1.860289268,28.43133354,72.36338043,28.9356842,391.2874146,99.53739929,1.14352507,450.2311401
20230606,2023-06-06 14:47:20,Bernie,BNL15256,7.969073455,229.1175288,58.14575856,1798.437256,1.91758901,28.3529377,70.13071442,28.76519203,463.4235229,99.54681396,1.138919636,450.2503967
20230606,2023-06-06 14:49:42,Bernie,BNL15256,9.484725928,280.59291,57.81574708,1801.082642,1.919208832,28.39284134,70.59526062,28.86463928,561.2471924,99.54785156,1.133830711,450.2563171
20230606,2023-06-06 14:52:04,Bernie,BNL15256,11.08957238,327.6553627,57.32714617,1799.986084,1.962104055,28.38143349,71.11375427,29.14654541,658.8069458,99.547966,1.150051892,450.2753601
20230606,2023-06-06 14:54:26,Bernie,BNL15256,12.44118548,412.3051385,57.80058909,1800.678589,1.925863143,28.34732437,71.54150391,29.03349113,782.0443115,99.54369354,1.137907682,450.2563782
20230606,2023-06-06 14:56:48,Bernie,BNL15256,13.30373354,582.5715889,58.06057344,1800.256958,1.858827158,28.3492527,71.78691101,28.76151085,979.9939575,99.54167175,1.102887396,450.204834
20230606,2023-06-06 14:59:10,Bernie,BNL15256,14.05502068,955.7301191,59.28253813,1799.008423,1.862738773,28.39185333,72.01133728,28.85868073,1378.26355,99.53799438,1.128227856,450.3057251
20230606,2023-06-06 15:01:32,Bernie,BNL15256,14.63661911,1330.847147,59.97857439,1799.771118,1.873092538,28.45298576,72.20101166,28.98061752,1777.060913,99.53870392,1.147795896,450.263855
20230606,2023-06-06 16:01:16,Bernie,BNL15257,-0.333352954,55.13329296,89.84130355,1799.73645,1.682379582,28.56154823,75.59506226,29.0959034,50.51493835,99.50119781,1.530981828,450.2537537
20230606,2023-06-06 15:58:55,Bernie,BNL15257,0.174733223,64.42821949,86.07478721,1799.966064,1.788477342,28.54984093,75.47523499,29.54808426,69.7592926,99.50437927,1.56201214,450.2554321
20230606,2023-06-06 15:56:33,Bernie,BNL15257,1.300333507,94.53113217,85.38198493,1799.397949,1.783711723,28.53166962,75.2574234,29.47158241,122.753685,99.50387573,1.545458834,450.2265015
20230606,2023-06-06 15:54:11,Bernie,BNL15257,2.530752378,117.8559187,84.47104895,1799.335938,1.777700966,28.50354767,75.12240601,29.39389038,171.2934723,99.50850677,1.524010814,450.2470703
20230606,2023-06-06 15:51:49,Bernie,BNL15257,4.228773347,155.7296328,84.3896069,1798.925903,1.77574512,28.50342941,74.99267578,29.36225319,243.8544769,99.51461792,1.520715169,450.2626953
20230606,2023-06-06 15:49:27,Bernie,BNL15257,5.289884166,180.8205106,83.09145339,1799.561157,1.762702101,28.46006393,74.95729828,29.25301552,292.1757813,99.51901245,1.486679274,450.2679749
20230606,2023-06-06 15:47:05,Bernie,BNL15257,7.399258036,236.9193511,84.37883345,1799.243774,1.664761727,28.42590904,74.84044647,28.74557114,389.4707642,99.52281952,1.424262224,450.2520447
20230606,2023-06-06 16:10:44,Bernie,BNL15257,8.340581928,300.9128806,90.77527111,1800.360718,1.672900387,28.63659477,76.38414764,29.23856354,462.5856018,99.49121094,1.538483068,450.2342529
20230606,2023-06-06 16:13:06,Bernie,BNL15257,9.716137907,364.7520113,87.55569821,1800.870239,1.771847083,28.62048149,76.69687653,29.72980309,560.6604004,99.48914337,1.574420247,450.2592468
20230606,2023-06-06 16:15:28,Bernie,BNL15257,10.46679034,454.4493291,90.58784305,1800.072021,1.661523294,28.63794708,76.71796417,29.24002457,659.7893066,99.48483276,1.525187146,450.2573853
20230606,2023-06-06 16:17:50,Bernie,BNL15257,11.46326381,555.2885561,89.92616032,1800.074463,1.648978904,28.6030426,76.89891052,29.18208885,783.1621704,99.48267365,1.502906384,450.2514038
20230606,2023-06-06 16:20:12,Bernie,BNL15257,12.01634824,733.3384174,88.30985452,1798.537476,1.748162883,28.62616158,77.11880493,29.70319176,981.8414307,99.48253632,1.566553805,450.2208252
20230606,2023-06-06 16:22:34,Bernie,BNL15257,12.49883524,1112.816348,88.90774699,1799.947632,1.771509294,28.67156982,77.32010651,29.87950706,1380.60498,99.48133087,1.598378314,450.2740173
20230606,2023-06-06 16:24:56,Bernie,BNL15257,13.0395797,1489.213092,88.73153592,1798.930908,1.79010033,28.7187748,77.48946381,30.02533913,1779.42749,99.48260498,1.612437957,450.275177
20230606,2023-06-06 17:32:15,Bernie,BNL15258,-0.412981032,58.34297573,73.12598328,1798.845825,1.700497596,31.00829124,84.34568024,31.94258881,50.65501404,99.41496277,1.277495308,450.2420349
20230606,2023-06-06 17:29:53,Bernie,BNL15258,0.014196606,67.53574849,72.96335122,1798.838623,1.713740489,30.96624565,83.78211212,31.87213898,69.83363342,99.41720581,1.284248372,450.1999512
20230606,2023-06-06 17:28:06,Bernie,BNL15258,1.361106535,89.69168145,73.70081315,1800.98584,1.731645629,30.96280289,83.3119812,31.86842346,123.0316162,99.42191315,1.310187459,450.2047729
20230606,2023-06-06 17:25:44,Bernie,BNL15258,2.458739121,110.9596398,71.50379175,1799.86084,1.734191742,30.85759354,82.74022675,31.69021034,171.3459625,99.42638397,1.273326664,450.1681519
20230606,2023-06-06 17:23:22,Bernie,BNL15258,4.000822543,138.4499209,65.93072932,1799.038452,1.955135662,30.86485291,82.14237976,32.47196198,243.87146,99.42865753,1.327509628,450.271637
20230606,2023-06-06 17:21:00,Bernie,BNL15258,5.134684683,166.2143141,70.56137675,1800.79248,1.839830416,30.80551338,81.26077271,31.84438324,292.3528748,99.42870331,1.333170612,450.2771606
20230606,2023-06-06 17:18:38,Bernie,BNL15258,7.029648456,215.7105518,70.01708849,1800.189331,1.858543212,30.85687447,80.00504303,31.73498726,389.3800354,99.43471527,1.336011851,450.2529297
20230606,2023-06-06 17:41:43,Bernie,BNL15258,8.519375817,266.5079712,75.10067512,1799.390381,1.62037944,31.09193039,86.38104248,32.02698517,462.2991028,99.4044342,1.250352476,450.2536011
20230606,2023-06-06 17:44:05,Bernie,BNL15258,10.03239476,335.7536976,77.66787924,1798.822144,1.636150741,31.17027283,86.44843292,32.1869545,559.883606,99.40005493,1.304918856,450.2904053
20230606,2023-06-06 17:46:28,Bernie,BNL15258,11.1671297,418.1533095,81.64205642,1799.418823,1.648643405,31.24963379,86.39794922,32.32474518,657.6359863,99.39508057,1.380567511,450.2086182
20230606,2023-06-06 17:48:51,Bernie,BNL15258,12.44589736,520.6439211,84.50850464,1800.109619,1.661243987,31.31719017,86.21672058,32.42105484,780.8381348,99.39266205,1.438707975,450.3088074
20230606,2023-06-06 17:51:14,Bernie,BNL15258,13.4222197,677.985373,80.58371542,1798.786743,1.956463665,31.42952156,86.00528717,33.66226196,978.6784058,99.39035797,1.620818906,450.2540588
20230606,2023-06-06 17:53:37,Bernie,BNL15258,14.69826265,1039.352265,81.39177871,1800.590942,1.982722364,31.46674347,85.78939056,33.76397324,1376.199097,99.38920593,1.658782145,450.2516479
20230606,2023-06-06 17:56:00,Bernie,BNL15258,14.64306754,1418.398556,79.48135145,1799.426392,2.015223883,31.53867722,85.49337006,33.87317276,1774.955811,99.38512421,1.647937038,450.2565918
20230610,2023-06-10 17:43:15,Bernie,BNL15268,-0.555644648,59.05808495,81.91415367,1800.789917,2.552345595,29.21484184,57.01860046,30.54906273,50.29356766,99.20488739,2.132118881,450.2367554
20230610,2023-06-10 17:41:53,Bernie,BNL15268,-0.152650903,69.88561796,81.62559161,1801.223267,2.549920929,29.20284271,57.13185501,30.54752541,69.79766846,99.20542145,2.122804478,450.2538452
20230610,2023-06-10 17:40:31,Bernie,BNL15268,1.212380972,94.54139366,81.68817014,1800.765137,2.534452308,29.19464302,57.3007164,30.5032959,123.4133148,99.2106781,2.111344584,450.242218
20230610,2023-06-10 17:39:09,Bernie,BNL15268,2.202387734,121.4889246,81.34049441,1800.53186,2.535207735,29.21846008,57.55683136,30.55619621,171.9586182,99.21400452,2.103443505,450.2645569
20230610,2023-06-10 17:37:47,Bernie,BNL15268,3.783380522,160.0340151,81.04810413,1800.473999,2.531970237,29.23141861,57.73960876,30.57416916,244.895401,99.21573639,2.093520992,450.2291565
20230610,2023-06-10 17:36:25,Bernie,BNL15268,4.870511473,184.9522241,80.93609626,1800.615479,2.535121003,29.25204277,57.89580536,30.62212944,293.4393005,99.21503448,2.093551817,450.2349243
20230610,2023-06-10 17:34:51,Bernie,BNL15268,7.221929572,245.06286,80.38911224,1800.590454,2.531581594,29.25156212,58.0419426,30.62345314,405.6390076,99.21615601,2.076912182,450.2544556
20230610,2023-06-10 17:50:34,Bernie,BNL15268,8.257367258,286.3141906,83.56625797,1798.604614,2.595257083,29.38337898,57.24209213,30.87952423,464.2047424,99.19629669,2.212008602,450.2045898
20230610,2023-06-10 17:52:14,Bernie,BNL15268,10.03931182,345.6558304,83.56601725,1799.641968,2.60170184,29.43284988,57.46044922,30.96460152,561.8826904,99.19055176,2.2180688,450.2417297
20230610,2023-06-10 17:53:42,Bernie,BNL15268,11.3256546,413.6905198,83.06248832,1799.954834,2.618086663,29.47951889,57.73659134,31.09755325,660.1774292,99.19042206,2.219536368,450.2171326
20230610,2023-06-10 17:55:13,Bernie,BNL15268,12.25193884,515.000424,83.37369399,1798.722046,2.608949431,29.53792191,58.12765503,31.15354156,783.6654053,99.19009399,2.22033189,450.2184448
20230610,2023-06-10 17:57:16,Bernie,BNL15268,13.25811921,686.7736348,83.80345501,1800.174561,2.602471508,29.60130692,58.81565475,31.27059174,981.8565674,99.18608093,2.226835615,450.2366028
20230610,2023-06-10 17:59:38,Bernie,BNL15268,14.59269731,1043.149834,84.1758293,1800.711182,2.593492867,29.64716721,59.51084518,31.37128258,1379.27417,99.18097687,2.229604114,450.2430115
20230610,2023-06-10 18:02:00,Bernie,BNL15268,15.50361704,1408.908553,84.51761559,1799.391479,2.572367974,29.64730072,60.02148056,31.36993027,1777.549561,99.17609406,2.22055551,450.199585
20230610,2023-06-10 17:48:39,Picabo,BNL15269,-0.61527123,59.9886008,88.49293906,1799.98,2.054488021,32.9587,65.97630918,33.2784,50.6136,99.3393,1.879258211,500.113
20230610,2023-06-10 17:47:11,Picabo,BNL15269,-0.086275778,69.14605314,88.09214314,1799.99,2.034586483,32.8329,66.13250927,33.1713,69.9291,99.3442,1.852166679,500.01
20230610,2023-06-10 17:45:46,Picabo,BNL15269,0.95831294,101.8717277,87.0368874,1800,2.018597233,32.7389,66.29854703,33.0926,123.545,99.3428,1.815646614,500.026
20230610,2023-06-10 17:44:38,Picabo,BNL15269,1.850809848,131.3831103,83.61796477,1799.99,2.033696674,32.7494,66.10518034,33.0856,172.446,99.3435,1.758456354,500.099
20230610,2023-06-10 17:43:22,Picabo,BNL15269,4.114681508,160.7115326,86.42989703,1800,2.000679302,32.633,66.46766108,32.9815,244.723,99.3415,1.786820244,500.073
20230610,2023-06-10 17:41:58,Picabo,BNL15269,5.203778048,187.8057591,86.51704523,1800,1.976597687,32.5167,66.72869629,32.8736,293.328,99.341,1.766690663,500.086
20230610,2023-06-10 17:54:26,Picabo,BNL15269,8.765099338,290.2568021,88.75776702,1799.99,2.090917833,33.2962,65.95228529,33.5748,463.714,99.3328,1.91996797,499.982
20230610,2023-06-10 17:55:43,Picabo,BNL15269,10.6448229,339.4498322,83.70812613,1799.99,2.087657871,33.269,66.12116776,33.56,561.399,99.3352,1.809562113,500.124
20230610,2023-06-10 17:57:38,Picabo,BNL15269,11.89553051,421.8108537,88.01063438,1800.01,2.038138745,33.1844,66.83272648,33.4796,659.579,99.3344,1.855918664,500.037
20230610,2023-06-10 17:59:02,Picabo,BNL15269,12.98731339,521.3749258,87.99003733,1800,2.038337883,33.2256,66.91854854,33.5014,783.146,99.3301,1.855996962,500.089
20230610,2023-06-10 18:00:40,Picabo,BNL15269,13.99501489,695.1671718,88.00840415,1800.01,2.018789925,33.1918,67.25392608,33.4666,981.557,99.3333,1.838535755,499.941
20230610,2023-06-10 18:02:11,Picabo,BNL15269,14.1679186,1079.050922,88.46339094,1799.99,2.016721214,33.2326,67.37083397,33.504,1380.53,99.3363,1.846182163,500.043
20230610,2023-06-10 18:03:45,Picabo,BNL15269,14.2754311,1463.472929,88.6436644,1799.99,2.011324999,33.2534,67.52249582,33.5314,1779.52,99.3354,1.84512597,500.128
20230609,2023-06-09 17:48:21,Lindsey,BNL15294,-0.474677393,57.6585326,83.77833867,1800,2.104090542,32.1664,63.22240314,32.2299,50.3735,99.3656,1.818315775,500.241
20230609,2023-06-09 17:46:55,Lindsey,BNL15294,0.01096461,67.16053927,84.31946793,1800,2.154809956,32.359,62.55780325,32.4723,69.8405,99.3638,1.874540361,500.16
20230609,2023-06-09 17:45:21,Lindsey,BNL15294,1.352993079,92.87800111,82.63062013,1800,2.147886289,32.3173,62.66338687,32.4255,123.303,99.3608,1.831608752,500.351
20230609,2023-06-09 17:43:50,Lindsey,BNL15294,2.483915037,117.8127653,82.24218725,1800.01,2.144711803,32.2904,62.68038008,32.3849,171.964,99.3632,1.820284518,500.334
20230609,2023-06-09 17:42:15,Lindsey,BNL15294,4.079664135,155.9501989,80.66002456,1800,2.141330569,32.2485,62.70458965,32.3498,245.092,99.3602,1.782880059,500.334
20230609,2023-06-09 17:40:48,Lindsey,BNL15294,5.314992601,177.6402717,80.02637896,1800.01,2.135271218,32.1917,62.72014445,32.2716,293.668,99.3592,1.763862306,500.248
20230609,2023-06-09 17:54:35,Lindsey,BNL15294,9.09357582,279.0349523,85.68933016,1800.01,2.111864789,32.3253,63.37006721,32.4385,464.267,99.3584,1.866909723,500.194
20230609,2023-06-09 17:56:19,Lindsey,BNL15294,10.97943029,338.6282654,85.8366799,1799.99,2.12527526,32.4287,63.31925345,32.5602,562.085,99.3569,1.882413041,500.319
20230609,2023-06-09 17:57:49,Lindsey,BNL15294,12.42902419,406.3764554,85.76668386,1800,2.114037694,32.4237,63.55422244,32.5473,660.262,99.3542,1.871107547,500.285
20230609,2023-06-09 17:59:18,Lindsey,BNL15294,13.44459213,504.6121142,84.87539269,1800.01,2.077956756,32.293,64.06205364,32.3921,783.867,99.3526,1.820073932,500.345
20230609,2023-06-09 18:01:20,Lindsey,BNL15294,14.61104432,673.3778057,84.55730925,1800,2.076108984,32.3023,64.13446134,32.3953,982.314,99.3515,1.811847223,500.319
20230609,2023-06-09 18:03:09,Lindsey,BNL15294,14.54610615,1059.969287,84.53863917,1800,2.081341534,32.3247,64.0731637,32.4224,1381.48,99.3503,1.816113461,500.25
20230609,2023-06-09 18:05:09,Lindsey,BNL15294,14.88451221,1436.114527,83.8669656,1799.99,2.093857727,32.3705,63.92921355,32.4804,1780.21,99.3492,1.812894857,500.254
20230609,2023-06-09 18:06:54,Picabo,BNL15295,-0.562474823,63.82810586,59.1789937,1800,2.167181725,33.1005,64.89716414,33.314,50.5604,99.2735,1.334095503,500.084
20230609,2023-06-09 18:05:19,Picabo,BNL15295,-0.226415878,73.80272149,57.76773367,1800,2.174400237,33.078,64.74390957,33.2865,70.1022,99.283,1.306710155,500.049
20230609,2023-06-09 18:03:44,Picabo,BNL15295,0.721925231,99.53810768,57.01661389,1799.99,2.158751346,32.9654,64.82954129,33.1876,124.032,99.2882,1.280215947,500.083
20230609,2023-06-09 18:02:10,Picabo,BNL15295,1.734298431,117.8395164,56.21873201,1800,2.151473825,32.8925,64.83693429,33.1135,172.889,99.2824,1.258087383,500.053
20230609,2023-06-09 18:00:43,Picabo,BNL15295,2.98756248,152.7232132,55.79444591,1799.99,2.165876357,32.9188,64.61363898,33.1534,246.412,99.2785,1.257109187,500.075
20230609,2023-06-09 17:59:15,Picabo,BNL15295,3.865508149,174.6758888,55.56555474,1799.99,2.142277416,32.8059,64.84758258,33.0507,295.416,99.2767,1.238119507,500.059
20230609,2023-06-09 18:12:16,Picabo,BNL15295,7.021752851,267.3286802,60.86178137,1800,2.104752911,32.9071,65.68910131,33.1347,466.676,99.2784,1.33164878,500.038
20230609,2023-06-09 18:13:42,Picabo,BNL15295,8.445464537,324.9392815,60.84168892,1799.99,2.118174478,32.9485,65.50502684,33.1782,565.006,99.2783,1.339778719,500.061
20230609,2023-06-09 18:15:07,Picabo,BNL15295,9.63947077,386.795975,60.37537406,1800,2.126959987,32.976,65.40122174,33.2057,663.452,99.2819,1.335144991,500.038
20230609,2023-06-09 18:16:34,Picabo,BNL15295,10.75848228,475.7676664,60.17769929,1800,2.133642097,33.0106,65.34874412,33.2277,787.171,99.2783,1.335153595,500.021
20230609,2023-06-09 18:18:02,Picabo,BNL15295,11.59856012,643.0101849,59.71763821,1800,2.139110936,33.0378,65.3134476,33.2526,985.975,99.2757,1.328570548,500.141
20230609,2023-06-09 18:20:00,Picabo,BNL15295,12.70073164,997.5043056,59.66698304,1799.99,2.150027243,33.1038,65.24179319,33.3252,1384.32,99.2722,1.334480991,500.027
20230609,2023-06-09 18:22:00,Picabo,BNL15295,12.56937335,1386.008965,59.47858572,1800.01,2.119878071,33.0018,65.63670177,33.1892,1783.76,99.2673,1.311530837,500.09
20230610,2023-06-10 13:19:48,Bernie,BNL15300,-0.165206648,51.74162562,57.34707797,1800.049927,3.703745652,26.94672203,10.93149948,26.90269661,50.14570618,99.26662445,2.141211196,450.2695313
20230610,2023-06-10 13:18:26,Bernie,BNL15300,0.19039085,59.89034511,56.35342741,1800.275757,3.754702137,26.94930458,10.79264832,27.12493706,69.3886795,99.26282501,2.134404638,450.2785034
20230610,2023-06-10 13:17:02,Bernie,BNL15300,1.182172212,82.71018996,56.85248344,1800.140503,3.714946141,26.94675064,10.66220379,26.90293312,122.8901367,99.26181793,2.129583042,450.2681885
20230610,2023-06-10 13:15:39,Bernie,BNL15300,2.081216042,101.9390494,55.77433096,1800.272339,3.765508242,26.94595718,10.51864147,27.12031174,171.2121887,99.26061249,2.118970548,450.3440247
20230610,2023-06-10 13:14:06,Bernie,BNL15300,3.547269234,128.6362996,55.56712498,1800.248779,3.773774685,26.95412445,10.38658047,27.13537788,244.2424622,99.25892639,2.115928378,450.2993774
20230610,2023-06-10 13:12:43,Bernie,BNL15300,4.300200336,152.3486278,55.37424113,1799.835327,3.787058915,26.95928001,10.2860918,27.18383598,292.7592468,99.25613403,2.116291999,450.2997437
20230610,2023-06-10 13:11:09,Bernie,BNL15300,6.259928195,203.6985,55.99571386,1799.53894,3.742753512,26.96542168,10.17007828,26.94392586,404.6296997,99.25548553,2.113948736,450.3307495
20230610,2023-06-10 13:27:31,Bernie,BNL15300,7.166724043,238.5768618,57.62860924,1799.258179,3.725430507,26.97151566,11.7512207,27.17009163,462.8721924,99.26682281,2.164992197,450.2787781
20230610,2023-06-10 13:29:33,Bernie,BNL15300,8.428543292,295.1750447,57.45803235,1799.243652,3.719093475,26.95998764,11.92919731,27.16440773,560.5546265,99.26911163,2.155066077,450.2947388
20230610,2023-06-10 13:31:01,Bernie,BNL15300,9.223098882,367.3665408,57.54880692,1799.202759,3.673139505,26.96697235,11.98249435,26.93156815,659.7368774,99.27001953,2.131247136,450.394928
20230610,2023-06-10 13:32:28,Bernie,BNL15300,8.666402595,498.7191864,57.15670464,1798.997803,3.672891302,26.96636963,12.09074116,26.94086647,784.7073975,99.26930237,2.116996844,450.2927856
20230610,2023-06-10 13:34:50,Bernie,BNL15300,10.01745034,643.3151807,56.33884986,1798.620605,3.678205441,26.98497963,12.25479794,26.97925568,982.326355,99.27259827,2.090499273,450.3817444
20230610,2023-06-10 13:37:12,Bernie,BNL15300,9.558039996,1028.680475,55.64130891,1799.596313,3.672859782,26.97416306,12.43123722,26.9641037,1381.428101,99.27007294,2.06229006,450.2910156
20230610,2023-06-10 13:39:20,Bernie,BNL15300,10.03612793,1388.948689,55.33504667,1799.719116,3.668177725,26.9778347,12.64972305,26.97045898,1780.108765,99.26524353,2.048783433,450.323761
20230610,2023-06-10 15:26:43,Bernie,BNL15301,-0.232529105,54.41807759,58.03441275,1800.142456,2.627789788,28.00522614,60.00584412,30.28083229,50.18506241,99.26820374,1.561540949,450.2221985
20230610,2023-06-10 15:25:19,Bernie,BNL15301,0.027674155,65.93780652,57.20785034,1800.344238,2.627373794,28.00986481,59.94311142,30.25755501,69.69646454,99.2672348,1.539486296,450.2481995
20230610,2023-06-10 15:23:53,Bernie,BNL15301,1.03831102,88.20336229,55.69650698,1801.2323,2.642513878,28.0185833,59.90092468,30.2977829,123.1977539,99.26673126,1.508371053,450.2721252
20230610,2023-06-10 15:22:31,Bernie,BNL15301,2.099144326,103.2737588,54.60091019,1799.706421,2.660016892,28.028265,59.77915573,30.34757233,171.9187622,99.26800537,1.489130631,450.2293396
20230610,2023-06-10 15:21:09,Bernie,BNL15301,3.362370296,134.4371194,53.60677804,1799.363892,2.670375477,28.02448654,59.71025467,30.36693192,244.8883362,99.268013,1.468254315,450.2505798
20230610,2023-06-10 15:19:47,Bernie,BNL15301,4.426455987,147.1457298,52.68744916,1799.331665,2.649848638,27.9888134,59.68854141,30.24218178,293.4712219,99.27071381,1.432166689,450.2666016
20230610,2023-06-10 15:18:15,Bernie,BNL15301,6.446445295,190.4752675,51.90658631,1798.790161,2.645819932,27.97182465,59.67771912,30.20437431,405.4898071,99.27278137,1.40908283,450.2324829
20230610,2023-06-10 15:33:21,Bernie,BNL15301,7.980155321,237.1842988,61.67099584,1800.569336,2.580431762,27.95967293,60.12343216,30.11886215,463.1934814,99.25481415,1.627210864,450.2328796
20230610,2023-06-10 15:35:01,Bernie,BNL15301,9.461168472,293.4978364,61.97772194,1799.207153,2.595102106,27.98333168,60.01198196,30.18577576,560.8579102,99.25574493,1.644516052,450.2232666
20230610,2023-06-10 15:36:30,Bernie,BNL15301,10.68003158,358.9273323,62.59035025,1799.952637,2.583759756,27.97091103,59.93556213,30.12381363,659.0927734,99.25375366,1.653016593,450.2253113
20230610,2023-06-10 15:37:58,Bernie,BNL15301,11.27684705,462.1396643,62.54801695,1800.006714,2.587979224,27.96484566,59.81459045,30.12059021,782.9813232,99.25604248,1.654524538,450.247467
20230610,2023-06-10 15:40:04,Bernie,BNL15301,11.83637418,642.8270711,63.57375165,1799.455444,2.602159894,27.99730301,59.68465805,30.19516182,981.7479248,99.25254059,1.690441476,450.2345886
20230610,2023-06-10 15:42:26,Bernie,BNL15301,11.81782702,1028.844354,64.38775846,1799.5271,2.610870721,28.01748848,59.59788132,30.2418232,1380.725952,99.25548553,1.717342774,450.2210693
20230610,2023-06-10 15:44:40,Bernie,BNL15301,11.44591426,1425.185026,65.49542081,1798.874023,2.612997566,28.03629875,59.47693253,30.25806046,1780.198975,99.25693512,1.747587127,450.2435913
20230610,2023-06-10 16:55:35,Julia,BNL15303,-0.317975495,55.09580637,79.8878038,1800,1.968595876,30.8851,63.33204341,31.1493,50.377,99.4249,1.61767529,500.273
20230610,2023-06-10 16:54:06,Julia,BNL15303,0.106929352,65.31156994,79.50697578,1799.99,1.97102388,30.8698,63.2489698,31.1268,69.7082,99.42,1.612060344,500.297
20230610,2023-06-10 16:52:20,Julia,BNL15303,1.144668588,96.0088306,78.62608273,1800,1.962240572,30.8064,63.32849035,31.0721,123.176,99.4217,1.587137286,500.274
20230610,2023-06-10 16:50:48,Julia,BNL15303,2.147712437,122.3973892,78.0278602,1800,1.955779688,30.758,63.38153389,31.0181,171.775,99.4241,1.569864143,500.216
20230610,2023-06-10 16:49:12,Julia,BNL15303,3.462701064,165.5285535,77.318089,1800,1.958913331,30.758,63.3288338,31.0205,244.759,99.4182,1.558364794,500.272
20230610,2023-06-10 16:47:37,Julia,BNL15303,4.41159901,192.5104322,76.80229774,1800,1.954887123,30.7319,63.37626411,30.9816,293.449,99.4216,1.544808836,500.258
20230610,2023-06-10 17:01:27,Julia,BNL15303,7.394846605,302.7603553,80.55882509,1800,1.966715975,30.9877,63.60507136,31.2547,464.076,99.429,1.629912779,500.236
20230610,2023-06-10 17:02:51,Julia,BNL15303,8.601863692,374.6745186,80.99370303,1799.99,1.975673958,31.0707,63.58291894,31.3416,562.212,99.4276,1.646366621,500.142
20230610,2023-06-10 17:04:24,Julia,BNL15303,9.544224325,451.9716505,81.18903185,1799.99,1.97091345,31.0976,63.75292615,31.389,660.764,99.4286,1.646448476,500.244
20230610,2023-06-10 17:06:03,Julia,BNL15303,10.26117114,557.4676088,81.0985847,1800,1.964148057,31.1145,63.95388805,31.3895,784.49,99.4244,1.63921451,500.266
20230610,2023-06-10 17:07:36,Julia,BNL15303,10.64749448,742.6068694,81.1730566,1799.99,1.961592647,31.1537,64.10461576,31.4294,983.415,99.418,1.638879224,500.234
20230610,2023-06-10 17:09:18,Julia,BNL15303,11.13992066,1120.415641,81.76372333,1800,1.956736691,31.2098,64.33272451,31.4972,1382.08,99.4105,1.646970104,500.26
20230610,2023-06-10 17:10:52,Julia,BNL15303,11.24012002,1495.333143,78.47438553,1800,1.971209661,31.2874,64.28307818,31.5686,1781.25,99.4088,1.59368221,500.276
20230610,2023-06-10 18:43:01,Julia,BNL15728,-0.352518324,56.13779832,73.27144368,1799.99,2.268081354,33.169,62.49432296,33.7089,50.3748,99.4164,1.720586621,500.052
20230610,2023-06-10 18:41:25,Julia,BNL15728,0.110152536,64.69385883,73.1458665,1800,2.253011405,33.0761,62.58641886,33.6009,69.6671,99.4194,1.705861806,500.027
20230610,2023-06-10 18:39:50,Julia,BNL15728,1.253371767,90.90483738,72.44234461,1799.99,2.248810897,33.0315,62.5900918,33.564,122.933,99.4223,1.686296034,500.049
20230610,2023-06-10 18:38:17,Julia,BNL15728,2.327526114,113.8321968,72.33749362,1800,2.26368358,33.0614,62.35648995,33.5894,171.31,99.425,1.694991696,500.065
20230610,2023-06-10 18:36:43,Julia,BNL15728,3.928478886,148.5717669,72.41168047,1800.01,2.283246303,33.1101,62.06609325,33.6517,243.876,99.4276,1.711389964,499.986
20230610,2023-06-10 18:35:06,Julia,BNL15728,5.021500584,170.6822515,72.11388256,1800,2.289726647,33.0927,61.89902633,33.625,292.245,99.4309,1.709075221,500.015
20230610,2023-06-10 19:00:41,Julia,BNL15728,6.585415919,250.5645271,75.0925524,1800,2.222315418,33.1104,63.24031502,33.6257,404.757,99.376,1.728010774,500.049
20230610,2023-06-10 18:48:41,Julia,BNL15728,8.41893395,263.3973138,73.60463534,1799.99,2.229205722,33.0754,63.06465028,33.6109,462.091,99.4073,1.698714634,499.984
20230610,2023-06-10 18:50:09,Julia,BNL15728,9.900760568,326.0488766,73.82523427,1800.01,2.238755312,33.1316,62.99323366,33.6509,559.755,99.4006,1.711358687,500.009
20230610,2023-06-10 18:51:46,Julia,BNL15728,11.43167345,387.3729821,73.84279289,1800,2.220243392,33.0749,63.24195008,33.6005,657.407,99.3987,1.697518533,499.996
20230610,2023-06-10 18:53:23,Julia,BNL15728,12.74606291,478.9120525,74.26191293,1800.01,2.230663808,33.1156,63.10796702,33.6337,780.302,99.395,1.715204829,499.998
20230610,2023-06-10 18:55:11,Julia,BNL15728,13.85402942,645.4509847,74.20532069,1799.99,2.236515022,33.1443,63.05685459,33.6839,978.115,99.3913,1.718576401,500.044
20230610,2023-06-10 18:56:52,Julia,BNL15728,14.53284259,1015.803743,74.57800175,1800,2.239521857,33.1671,63.03615084,33.6915,1376.18,99.3846,1.729618789,499.984
20230610,2023-06-10 18:58:53,Julia,BNL15728,14.86776846,1392.148199,74.30279553,1800.01,2.218361061,33.0828,63.2839648,33.594,1774.96,99.3814,1.706858268,500.015
20230611,2023-06-11 12:41:54,Bernie,BNL19733,-0.11128305,51.14261797,61.4522925,1799.0354,1.999825148,24.79733467,58.41744232,25.84729958,49.86899948,99.14260101,1.251099653,450.3824463
20230611,2023-06-11 12:40:21,Bernie,BNL19733,0.20884774,61.75998146,61.2205552,1799.257813,1.999662445,24.78727341,58.10707092,25.7892952,69.48492432,99.13736725,1.246298573,450.3958435
20230611,2023-06-11 12:38:49,Bernie,BNL19733,1.3867025,82.52668079,60.613636,1799.469971,1.998653001,24.76823807,57.84224319,25.7262001,123.1526184,99.13169861,1.233491818,450.3905334
20230611,2023-06-11 12:37:27,Bernie,BNL19733,2.473947345,100.068347,59.89724862,1798.7677,2.004180645,24.75502396,57.63908005,25.71187401,171.7662354,99.12749481,1.222552698,450.440155
20230611,2023-06-11 12:35:50,Bernie,BNL19733,3.885808125,131.8517554,59.20964267,1798.934937,2.008714736,24.74042892,57.34354782,25.67523193,244.8518829,99.12646484,1.211422695,450.3510132
20230611,2023-06-11 12:34:28,Bernie,BNL19733,4.655835329,157.415923,58.76406757,1799.066772,2.01864117,24.73604965,57.08978653,25.68177605,293.7974548,99.1236496,1.208411233,450.3838501
20230611,2023-06-11 12:33:06,Bernie,BNL19733,6.851313194,203.7289387,57.99779486,1799.057617,2.027181416,24.7308445,56.81036377,25.67302132,406.0226135,99.12311554,1.197936033,450.3596497
20230611,2023-06-11 12:48:19,Bernie,BNL19733,8.096702973,245.37953,63.45823342,1799.781494,1.961914912,24.80419922,59.53875351,25.84349251,464.6660156,99.14299011,1.266857734,450.405365
20230611,2023-06-11 12:50:02,Bernie,BNL19733,9.26823698,311.7848157,63.70354844,1799.785889,1.954193489,24.80760574,59.7351265,25.83694267,562.8500977,99.14302826,1.266686014,450.3225403
20230611,2023-06-11 12:51:37,Bernie,BNL19733,9.885007606,392.0950784,63.66601429,1799.706055,1.955420565,24.81041908,59.90497971,25.87198448,661.9885254,99.14554596,1.266799066,450.3704529
20230611,2023-06-11 12:55:50,Bernie,BNL19733,10.73851694,686.2446806,64.19216719,1798.949341,1.944811143,24.82858849,60.37069321,25.90390968,985.6183472,99.14725494,1.270253496,450.3859863
20230611,2023-06-11 12:58:12,Bernie,BNL19733,10.57951574,1077.944435,64.45445894,1799.595581,1.942931418,24.83871651,60.66217804,25.94648743,1384.922119,99.14629364,1.274241767,450.3248291
20230611,2023-06-11 13:00:24,Bernie,BNL19733,10.95088197,1468.372917,67.0422734,1799.816528,1.831020008,24.86239815,60.7481575,25.37923241,1783.900269,99.15103149,1.247316607,450.3765564
20230611,2023-06-11 15:25:46,Bernie,BNL19734,-0.36262704,59.54388308,53.32225022,1799.858643,2.097176818,27.69573212,71.31763458,29.34505653,50.40600586,99.10353088,1.149395314,450.2521362
20230611,2023-06-11 15:24:24,Bernie,BNL19734,-0.012051569,67.71647434,52.61578191,1799.267822,2.121377979,27.7115097,71.13040161,29.42797279,69.7833252,99.10668945,1.14760426,450.2476501
20230611,2023-06-11 15:23:01,Bernie,BNL19734,0.998534665,88.56884223,52.48381842,1799.25415,2.117420068,27.71133804,71.03928375,29.39299393,123.2707214,99.10398865,1.142612957,450.2186279
20230611,2023-06-11 15:21:39,Bernie,BNL19734,2.01279254,103.8020039,51.5739465,1799.353882,2.108527778,27.69983482,70.94790649,29.31869507,172.1387177,99.10346222,1.118354122,450.2184143
20230611,2023-06-11 15:20:03,Bernie,BNL19734,3.224491554,135.3210863,50.91737426,1799.254028,2.113942617,27.68713188,70.86018372,29.3149147,245.0149841,99.10818481,1.107133782,450.2185974
20230611,2023-06-11 15:18:41,Bernie,BNL19734,3.987913452,158.2930303,50.8649785,1799.062378,2.122585648,27.69048119,70.81738281,29.34970856,293.79599,99.11322784,1.110516777,450.2540283
20230611,2023-06-11 15:17:19,Bernie,BNL19734,5.925080126,202.893577,50.08476803,1799.112915,2.105598391,27.66210365,70.80715942,29.24401093,405.9179077,99.11444855,1.084876503,450.2456055
20230611,2023-06-11 15:32:20,Bernie,BNL19734,7.024050523,247.2743156,55.99728088,1799.00061,2.098227728,27.75826645,71.84857178,29.50473213,464.0403137,99.09938812,1.206916699,450.2526245
20230611,2023-06-11 15:34:06,Bernie,BNL19734,8.327158362,303.7442345,55.74953833,1798.999756,2.097855004,27.76667023,71.97451019,29.52451134,562.1777954,99.10071564,1.20152921,450.2107849
20230611,2023-06-11 15:36:04,Bernie,BNL19734,9.427189486,366.6354954,55.64145435,1799.244019,2.09752747,27.76250267,72.03844452,29.52924538,660.5546875,99.09886932,1.199102829,450.2604065
20230611,2023-06-11 15:37:58,Bernie,BNL19734,10.16123125,464.6931184,55.63073822,1799.887207,2.09436607,27.77427483,72.09651947,29.5283947,784.0045776,99.10177612,1.197063877,450.268219
20230611,2023-06-11 15:40:15,Bernie,BNL19734,10.86322523,632.390142,54.86578787,1800.506836,2.086387283,27.75613785,72.12638092,29.4753685,982.921936,99.09775543,1.176413344,450.2841187
20230611,2023-06-11 15:42:29,Bernie,BNL19734,11.34406743,1005.390476,55.28643142,1798.968506,2.1042068,27.78275299,72.06694794,29.57151985,1381.50061,99.09532928,1.195540483,450.2346497
20230611,2023-06-11 15:44:51,Bernie,BNL19734,11.52081675,1382.401644,54.8511532,1798.797974,2.120035664,27.80854988,72.03646088,29.64826393,1780.453369,99.08979797,1.195445641,450.2656555
20230611,2023-06-11 15:33:46,Julia,BNL19735,-0.303287965,55.68332751,70.39491463,1800,1.761012114,30.0631,66.64787075,30.3549,50.2692,99.2735,1.278134392,499.969
20230611,2023-06-11 15:32:34,Julia,BNL19735,0.039996175,66.8895509,70.05553004,1800,1.764880519,30.0573,66.54921251,30.3359,69.8255,99.2733,1.274803878,500.047
20230611,2023-06-11 15:31:14,Julia,BNL19735,1.173976255,92.97544446,69.73956804,1799.99,1.768390597,30.0533,66.46281214,30.34,123.398,99.2764,1.27157948,499.964
20230611,2023-06-11 15:29:42,Julia,BNL19735,2.090880072,119.1799452,69.48153721,1799.99,1.765414713,30.0144,66.45332458,30.305,172.147,99.2752,1.264706428,500.018
20230611,2023-06-11 15:28:05,Julia,BNL19735,3.529088949,156.4081528,68.79504731,1800,1.765076202,29.9872,66.41803977,30.2706,245.293,99.2732,1.252074007,500.094
20230611,2023-06-11 15:26:35,Julia,BNL19735,4.547084181,180.1087709,68.76395057,1800,1.752869902,29.9187,66.56150473,30.2088,293.992,99.2743,1.242702478,500.018
20230611,2023-06-11 15:39:52,Julia,BNL19735,7.578962781,282.6682121,71.50883657,1800,1.74902631,30.0852,66.96087465,30.3606,465.077,99.2651,1.289521228,500.105
20230611,2023-06-11 15:41:21,Julia,BNL19735,8.863162019,350.5422297,71.93135031,1800,1.750652331,30.1158,66.97889356,30.3982,563.282,99.2629,1.298367189,500.066
20230611,2023-06-11 15:42:47,Julia,BNL19735,9.906168792,423.3885095,71.97762613,1800,1.752302039,30.1432,66.99955516,30.4335,661.972,99.264,1.300483173,499.975
20230611,2023-06-11 15:44:21,Julia,BNL19735,10.40150954,533.4688004,72.13421662,1800,1.747640844,30.1424,67.10727706,30.4205,786.059,99.2655,1.299819564,500.054
20230611,2023-06-11 15:46:02,Julia,BNL19735,10.59344081,724.3633287,72.55669048,1800,1.738034121,30.1184,67.2762398,30.4081,985.444,99.2653,1.300130064,499.929
20230611,2023-06-11 15:47:35,Julia,BNL19735,10.61797068,1112.402474,72.65600348,1800,1.719238865,30.047,67.57387815,30.3278,1384.73,99.269,1.287639631,500.059
20230611,2023-06-11 15:49:17,Julia,BNL19735,10.73667789,1497.901435,72.76408123,1800,1.727563929,30.0923,67.46817926,30.3654,1784.01,99.2649,1.295928232,500.047
20230611,2023-06-11 18:11:47,Lindsey,BNL19737,-0.585079903,55.85829703,143.0430922,1800,1.438439511,31.6072,75.66346068,31.8597,50.4469,99.185,2.107170743,500.224
20230611,2023-06-11 18:10:02,Lindsey,BNL19737,0.100815529,66.90774571,142.6420521,1800,1.437950788,31.6245,75.71314144,31.866,69.71,99.1929,2.100650697,500.106
20230611,2023-06-11 18:08:23,Lindsey,BNL19737,2.119861511,95.89517189,142.5211878,1800,1.443245712,31.6645,75.65835357,31.9227,122.876,99.1929,2.106819155,500.322
20230611,2023-06-11 18:06:49,Lindsey,BNL19737,3.812923198,123.5295142,141.509422,1800.01,1.433965086,31.6266,75.83545462,31.8977,171.147,99.1957,2.078642566,500.155
20230611,2023-06-11 18:05:11,Lindsey,BNL19737,6.495948486,163.2044717,140.9125345,1800.01,1.439578799,31.6485,75.75309668,31.9081,243.514,99.1987,2.078209033,500.129
20230611,2023-06-11 18:03:41,Lindsey,BNL19737,8.149874003,191.1548272,140.6191498,1799.99,1.455238751,31.7244,75.51971733,31.9849,291.84,99.2003,2.096786344,500.274
20230611,2023-06-11 18:17:55,Lindsey,BNL19737,13.32566313,302.6279843,145.7351759,1800,1.468484104,31.6634,74.99015397,31.9157,461.707,99.1685,2.190864625,500.175
20230611,2023-06-11 18:19:23,Lindsey,BNL19737,15.80257758,369.7698357,145.3064585,1800,1.472627335,31.6779,74.92729173,31.9394,559.239,99.18,2.190536597,500.077
20230611,2023-06-11 18:21:07,Lindsey,BNL19737,17.62291059,445.0743875,145.1917366,1800.01,1.470471107,31.6795,74.98309695,31.9427,657.323,99.1697,2.185926178,500.257
20230611,2023-06-11 18:22:46,Lindsey,BNL19737,19.14313383,548.7724394,145.3972802,1800,1.464861503,31.6555,75.06976397,31.9276,780.593,99.1747,2.180393192,500.197
20230611,2023-06-11 18:24:20,Lindsey,BNL19737,19.9554127,733.7024909,145.254992,1800,1.466796835,31.6549,75.02627276,31.9134,979.622,99.1762,2.181126941,500.3
20230611,2023-06-11 18:26:21,Lindsey,BNL19737,20.84532351,1114.281946,146.4657932,1800,1.468549629,31.6762,74.99459025,31.9336,1377.94,99.1753,2.201567542,500.208
20230611,2023-06-11 18:28:11,Lindsey,BNL19737,20.76360813,1505.773003,147.3916321,1800,1.47617287,31.71,74.85244108,31.9695,1777.03,99.176,2.226684834,500.229
20230611,2023-06-11 18:09:38,Mikeala,BNL19738,-0.501253431,59.13299097,79.2458427,1800.01,1.759743042,33.5375,73.55211106,35.1979,50.511,99.2701,1.450366845,499.996
20230611,2023-06-11 18:08:04,Mikeala,BNL19738,0.014969107,67.48556191,78.19008245,1800,1.75931431,33.5312,73.57811574,35.194,69.8309,99.2752,1.430892001,499.987
20230611,2023-06-11 18:06:51,Mikeala,BNL19738,1.150361698,96.19035294,77.7391222,1800,1.744958867,33.4697,73.77195643,35.1379,123.386,99.2707,1.411061056,500.017
20230611,2023-06-11 18:05:21,Mikeala,BNL19738,2.264600458,120.4842691,77.77463894,1800,1.736861045,33.4426,73.88811246,35.1118,171.924,99.2798,1.404952742,499.999
20230611,2023-06-11 18:03:52,Mikeala,BNL19738,3.895759699,157.4832956,77.4804722,1800.01,1.750314752,33.5039,73.73169517,35.174,244.852,99.2787,1.410748165,499.971
20230611,2023-06-11 18:02:18,Mikeala,BNL19738,4.82191648,185.4994696,77.32346372,1800,1.749164955,33.4873,73.72920681,35.1658,293.557,99.2774,1.406959886,500.038
20230611,2023-06-11 18:15:22,Mikeala,BNL19738,8.498741101,280.0562746,79.56997469,1800,1.722164762,33.3235,73.92676262,34.9296,463.894,99.2559,1.424651437,500.056
20230611,2023-06-11 18:16:59,Mikeala,BNL19738,10.16282657,341.9176638,79.78313867,1800,1.744853951,33.3996,73.59108109,35.0215,561.581,99.2547,1.447406147,500.027
20230611,2023-06-11 18:18:29,Mikeala,BNL19738,11.66814858,407.6237792,80.0042504,1800,1.747528004,33.4077,73.54484916,35.0294,659.641,99.2553,1.453584718,500.044
20230611,2023-06-11 18:20:00,Mikeala,BNL19738,12.8863795,502.7432883,79.92057871,1800,1.739546088,33.3572,73.61952098,34.9743,782.827,99.2562,1.445276442,499.979
20230611,2023-06-11 18:21:53,Mikeala,BNL19738,14.15117652,670.0785602,79.99403859,1800,1.749238115,33.3771,73.45393316,34.9874,981.034,99.2558,1.454659203,500.003
20230611,2023-06-11 18:23:50,Mikeala,BNL19738,14.79703917,1045.722119,80.47412482,1800,1.767019158,33.4456,73.20061667,35.0706,1379.77,99.2524,1.47835016,500.02
20230611,2023-06-11 17:39:29,Julia,BNL19739,-0.359429265,57.70442845,65.76304859,1800,1.696875245,31.828,72.01653302,32.1679,50.409,99.1589,1.159250312,499.991
20230611,2023-06-11 17:37:59,Julia,BNL19739,0.011647947,67.64927531,65.80516533,1800,1.684554133,31.7535,72.14328607,32.0896,69.8806,99.1579,1.151394649,500.091
20230611,2023-06-11 17:36:30,Julia,BNL19739,1.156194467,91.64522571,65.374748,1800,1.687268383,31.7566,72.10037816,32.0928,123.28,99.1605,1.145765417,500
20230611,2023-06-11 17:34:58,Julia,BNL19739,2.174219227,113.8495985,65.16652263,1799.99,1.695002225,31.7546,71.92969305,32.0901,171.849,99.1572,1.147380935,500.065
20230611,2023-06-11 17:33:22,Julia,BNL19739,3.665709541,147.4830268,64.59131841,1799.99,1.691134911,31.7032,71.92997315,32.0466,244.785,99.158,1.134626953,500.154
20230611,2023-06-11 17:31:55,Julia,BNL19739,4.716969031,168.85804,64.63774433,1800,1.679297241,31.6245,72.03857252,31.9596,293.329,99.1589,1.127284938,500.075
20230611,2023-06-11 17:45:19,Julia,BNL19739,8.302824206,251.6831415,66.61825188,1800,1.688792749,31.9494,72.40930887,32.2889,463.344,99.161,1.16899251,499.987
20230611,2023-06-11 17:47:04,Julia,BNL19739,10.04096944,304.7903781,66.59009963,1800,1.688974959,31.9732,72.45209978,32.311,560.879,99.1599,1.168727263,500.006
20230611,2023-06-11 17:48:37,Julia,BNL19739,11.65867493,360.5999359,66.50470782,1800.01,1.689895449,32.0078,72.50111131,32.3423,658.514,99.163,1.167961215,500
20230611,2023-06-11 17:50:06,Julia,BNL19739,13.32630487,441.6445995,66.88354333,1799.99,1.687514511,32.0339,72.59353931,32.3812,781.155,99.1617,1.172997926,500.06
20230611,2023-06-11 17:51:36,Julia,BNL19739,14.89050261,597.4591649,67.05804105,1799.99,1.68493808,32.0486,72.67376482,32.3813,978.837,99.1636,1.174269877,500.033
20230611,2023-06-11 17:53:31,Julia,BNL19739,16.31112747,947.407215,66.5970861,1800,1.680856235,32.0779,72.8316664,32.4142,1376.24,99.1648,1.163594693,500.023
20230611,2023-06-11 16:59:49,Bernie,BNL19740,-0.549577562,62.55137661,62.97856466,1799.794189,2.300097396,29.19338417,75.04714203,31.95550919,50.51795959,99.05387878,1.49493518,450.2283325
20230611,2023-06-11 16:58:27,Bernie,BNL19740,-0.183482087,72.01996029,62.7695411,1799.993286,2.318654003,29.19155312,74.84950256,31.99901772,70.02644348,99.05058289,1.502166324,450.2071228
20230611,2023-06-11 16:57:05,Bernie,BNL19740,0.865557066,96.96498453,62.92456717,1799.266602,2.327691578,29.203022,74.7580719,32.03256989,123.6994553,99.04834747,1.511747785,450.2177429
20230611,2023-06-11 16:55:43,Bernie,BNL19740,1.693967203,122.1436805,62.04529257,1798.992188,2.330300702,29.19479561,74.58735657,32.00121689,172.3938599,99.04959106,1.49260342,450.2312012
20230611,2023-06-11 16:54:12,Bernie,BNL19740,3.065164,157.0119304,61.90515665,1799.482178,2.319186656,29.16618919,74.39606476,31.90576935,245.5219116,99.04763794,1.481943257,450.2087097
20230611,2023-06-11 16:52:50,Bernie,BNL19740,3.841885184,184.1901879,61.94444531,1799.288696,2.324470736,29.15330887,74.13358307,31.88079071,294.5836487,99.04869843,1.486065552,450.250061
20230611,2023-06-11 16:51:18,Bernie,BNL19740,5.640295103,247.3477224,62.62005332,1798.969482,2.315334944,29.13741875,73.95303345,31.81435394,406.8410645,99.04763031,1.495816029,450.2373352
20230611,2023-06-11 17:06:29,Bernie,BNL19740,6.57675299,283.5133256,63.93875705,1798.420166,2.302275696,29.25391197,75.61392975,32.10226059,465.6860657,99.04803467,1.519328581,450.2852173
20230611,2023-06-11 17:08:39,Bernie,BNL19740,7.658086707,350.2388208,63.7028466,1799.743042,2.320613279,29.29904556,75.82537079,32.23156738,564.0304565,99.05075073,1.526273091,450.2153625
20230611,2023-06-11 17:10:15,Bernie,BNL19740,8.404651183,427.7556356,64.08729967,1800.489624,2.315844874,29.3126297,76.00470734,32.25058365,662.7820435,99.04969788,1.532268219,450.1968994
20230611,2023-06-11 17:11:46,Bernie,BNL19740,9.082831994,527.6974203,63.32910469,1800.473389,2.292533978,29.28871536,76.24360657,32.16713715,786.7949829,99.04619598,1.499238153,450.2605896
20230611,2023-06-11 17:13:48,Bernie,BNL19740,9.555722223,709.8975472,63.98377729,1799.026123,2.276116633,29.30940437,76.50320435,32.16149902,985.8156128,99.04528046,1.503671281,450.2588501
20230611,2023-06-11 17:16:10,Bernie,BNL19740,9.910880743,1083.621335,63.85022296,1799.535278,2.298387626,29.34768486,76.78324127,32.31764984,1384.379028,99.03827667,1.515867427,450.2315979
20230611,2023-06-11 17:18:32,Bernie,BNL19740,10.30577676,1458.120761,64.14216505,1799.073608,2.31265633,29.39706039,77.11045837,32.4605751,1783.154785,99.03696442,1.532602104,450.2345886