date,obs,time,machine,sample,plant,species_code,Species,Species_type,Biome,ftime,ebal,photo,cond,ci,fcnt,dcnt,fo,fm,fo',fm',fs,fvfm,fv'fm',phips2,adark,redabs,blueabs,%blue,leafabs,phico2,qp,qn,npq,parinfs,ps2/1,etr,trmmol,vpdl,ctleaf,area,blc,stmrat,blcond,tair,tleaf,tblk,co2r,co2s,h20r,h20s,rhr,rhs,flow,pari,paro,press,csmch,hsmch,csmchsd,hsmchsd,crmchsd,hrmchsd,stablef,blcslope,blcoffst,fparin,fparout,alphak,status,fda,trans,tairk,twallk,r,tlta,svtleaf,h2oi,h20diff,ctair,svtair,cndtotal,vpkpa,vpda,cndco2,cipa,cica,rhsfc,c2sfc,ahscs,fv,parabs,fv',qpfo,qnfo
20180227,2,12:02:27,Andy,-99999,32,HEAN3,Helianthus annuus,Agricultural,Greenhouse,1737.00003,0,26.46461323,0.799458526,316.7093975,1,1,0,0,362.2692871,745.8441772,571.2178955,#DIV/0!,0.514282878,0.234132393,-1,0.87,0.92,9.957731247,0.874978866,0.015683872,0.455259941,2.058811508,-1,2001.348145,0.5,204.9989863,11.59424785,1.578307573,23.9265213,2,4.644859791,1,9.289719582,23.6171093,23.9265213,22.50393295,399.9332886,382.284729,7.174080372,13.70603371,25.09971046,47.95283508,350.1352844,2001.348145,155.1732178,102.3981857,-2.571597576,-0.583968163,0.031870916,0.012748743,0.012209916,0.012166653,1,-1.355140209,7.355140209,1,0,0.159999996,111115,1.750676422,0.011594248,297.0765213,296.7671093,320.215696,-0.743493419,2.981780558,29.11946669,15.41343298,23.7718153,2.954167406,0.736110062,1.403472985,1.550694421,0.465369646,32.4304677,0.828464685,50.19611468,378.4388403,0.035102654,0,1751.137329,383.5748901,0.234132393,#DIV/0!
20180227,3,12:06:38,Andy,-99999,32,HEAN3,Helianthus annuus,Agricultural,Greenhouse,1988.500012,0,23.70143451,0.743436967,320.6472178,2,2,0,0,365.3449707,777.8657227,549.7276001,#DIV/0!,0.530323859,0.293287281,-1,0.87,0.92,10.00084972,0.875000425,0.018835069,0.553034293,2.129126675,-1,1498.810425,0.5,192.3172332,10.86895161,1.583602605,23.44616318,2,4.644859791,1,9.289719582,26.3104229,23.44616318,26.4299736,399.8753662,383.9577026,6.697201729,12.82425976,19.95424843,38.20975876,350.2354736,1498.810425,183.1755676,102.3973007,-2.571597576,-0.583968163,0.031870916,0.012748743,0.012209916,0.012166653,1,-1.355140209,7.355140209,1,0,0.159999996,111115,1.751177368,0.010868952,296.5961632,299.4604229,239.8096626,-0.790492661,2.896772187,28.28953661,15.46527685,24.87829304,3.156678681,0.688349765,1.313169583,1.843509098,0.434850451,32.83340959,0.835110783,48.32057542,380.5133644,0.030097943,0,1311.459758,412.520752,0.293287281,#DIV/0!
20180227,4,12:08:07,Andy,-99999,32,HEAN3,Helianthus annuus,Agricultural,Greenhouse,2077.500006,0,23.21313053,0.75223506,322.5681401,3,3,0,0,369.8510742,816.9870605,536.7946777,#DIV/0!,0.547298737,0.342958165,-1,0.87,0.92,9.940099716,0.87497005,0.022158619,0.626637961,2.208962249,-1,1248.86377,0.5,187.3783476,11.08793785,1.597723624,23.55301666,2,4.644859791,1,9.289719582,26.41794968,23.55301666,26.22380638,399.9686279,384.2787476,6.619419098,12.87003803,19.59648895,38.10115814,350.2128601,1248.86377,202.7579651,102.3907394,-2.571597576,-0.583968163,0.031870916,0.012748743,0.012209916,0.012166653,1,-1.355140209,7.355140209,1,0,0.159999996,111115,1.751064301,0.011087938,296.7030167,299.5679497,199.8181987,-0.980030472,2.915496335,28.47421897,15.60418093,24.98548317,3.176926682,0.695885713,1.317772711,1.859153972,0.43966295,33.02799039,0.839411865,48.2339066,380.9053706,0.029394702,0,1092.718395,447.1359863,0.342958165,#DIV/0!
20180227,5,12:12:03,Andy,-99999,32,HEAN3,Helianthus annuus,Agricultural,Greenhouse,2313.99999,0,21.72887362,0.719134605,324.4201755,4,4,0,0,383.112793,918.0558472,542.9971313,#DIV/0!,0.58269119,0.408535839,-1,0.87,0.92,10.03566456,0.875017832,0.026015259,0.701118956,2.396306947,-1,998.4650269,0.5,178.463714,11.02226654,1.656114067,23.59680939,2,4.644859791,1,9.289719582,28.62717438,23.59680939,29.19882584,400.0811157,385.2476501,6.159453392,12.37596416,16.02264595,32.19371796,350.2239685,998.4650269,212.0887756,102.3828659,-2.571597576,-0.583968163,0.031870916,0.012748743,0.012209916,0.012166653,1,-1.355140209,7.355140209,1,0,0.159999996,111115,1.751119843,0.011022267,296.7468094,301.7771744,159.7544007,-1.025041556,2.923200747,28.5516597,16.17569554,26.11199188,3.396684225,0.667464897,1.26708668,2.129597546,0.421519185,33.21506732,0.842108123,46.31791662,382.0899682,0.026340293,0,873.6747034,534.9430542,0.408535839,#DIV/0!
20180227,6,12:13:11,Andy,-99999,32,HEAN3,Helianthus annuus,Agricultural,Greenhouse,2381.999985,0,20.0420833,0.730901054,329.7439264,5,5,0,0,393.4685059,1051.653442,544.4813843,#DIV/0!,0.625857255,0.482261587,-1,0.87,0.92,9.97764492,0.874988822,0.032053341,0.770561631,2.672776669,-1,750.2619629,0.5,158.2953325,11.15561282,1.651094539,23.56031799,2,4.644859791,1,9.289719582,29.14242172,23.56031799,29.67259216,399.8049011,385.9002075,6.070568562,12.36282158,15.32648659,31.21266747,350.198822,750.2619629,234.1636658,102.378334,-2.571597576,-0.583968163,0.031870916,0.012748743,0.012209916,0.012166653,1,-1.355140209,7.355140209,1,0,0.159999996,111115,1.75099411,0.011155613,296.710318,302.2924217,120.0419114,-1.174347383,2.916779616,28.49020394,16.12738236,26.35136986,3.445055315,0.677589351,1.265685077,2.179370237,0.427980758,33.75863385,0.854479785,46.42782407,382.9876532,0.024296092,0,656.4708314,658.1849365,0.482261587,#DIV/0!
20180227,7,12:14:18,Andy,-99999,32,HEAN3,Helianthus annuus,Agricultural,Greenhouse,2448.99998,0,17.17771006,0.727931106,337.919446,6,6,0,0,415.4660645,1299.297363,552.8130493,#DIV/0!,0.680237891,0.57452923,-1,0.87,0.92,10.0929327,0.875046466,0.041379418,0.844600451,3.127324888,-1,502.0230713,0.5,126.1934824,11.24900476,1.671034244,23.67222595,2,4.644859791,1,9.289719582,29.32771301,23.67222595,29.66242409,400.0848389,387.7831116,6.015857697,12.36090851,15.02650356,30.87527084,350.1928406,502.0230713,247.1567993,102.3772812,-2.571597576,-0.583968163,0.031870916,0.012748743,0.012209916,0.012166653,1,-1.355140209,7.355140209,1,0,0.159999996,111115,1.750964203,0.011249005,296.822226,302.477713,80.32368961,-1.338189168,2.93651045,28.68322362,16.32231511,26.49996948,3.475384489,0.6750361,1.265476206,2.209908283,0.426351043,34.59527415,0.871413519,46.1239356,385.2868136,0.020563995,0,439.2935146,883.8312988,0.57452923,#DIV/0!
20180227,8,12:15:05,Andy,-99999,32,HEAN3,Helianthus annuus,Agricultural,Greenhouse,2495.999977,0,8.791739097,0.719493123,361.6262043,7,7,0,0,428.5830078,1444.122681,513.1497192,#DIV/0!,0.703222577,0.644663347,-1,0.87,0.92,9.457187653,0.874728594,0.044584407,0.916727319,3.36952855,-1,251.0750275,0.5,70.79128985,11.10502924,1.66776299,23.58921432,2,4.644859791,1,9.289719582,29.46184158,23.58921432,29.65969467,399.9114075,392.4016113,5.985534668,12.25008488,14.83515167,30.36184311,350.1924744,251.0750275,257.9686584,102.3748245,-2.571597576,-0.583968163,0.031870916,0.012748743,0.012209916,0.012166653,1,-1.355140209,7.355140209,1,0,0.159999996,111115,1.750962372,0.011105029,296.7392143,302.6118416,40.1720035,-1.457725015,2.92186328,28.54083798,16.2907531,26.52552795,3.480624401,0.667773735,1.25410029,2.226524112,0.42171626,37.02141921,0.92157166,45.92128803,391.1239788,0.010322251,0,219.6225057,1015.539673,0.644663347,#DIV/0!
20180227,9,12:18:18,Andy,-99999,32,HEAN3,Helianthus annuus,Agricultural,Greenhouse,2689.499964,0,4.513526898,0.434316633,366.881567,8,8,0,0,436.2099609,1641.677246,496.1403198,#DIV/0!,0.734290061,0.697784494,-1,0.87,0.92,10.07181168,0.875035906,0.042028289,0.950284541,3.763502426,-1,149.9208069,0.5,45.76980938,7.855757799,1.900582127,23.6814518,2,4.644859791,1,9.289719582,29.75902557,23.6814518,30.35437965,400.0029602,395.6504211,5.694531441,10.13528824,13.87382793,24.69303131,350.2167664,149.9208069,176.5474396,102.3710556,-2.571597576,-0.583968163,0.031870916,0.012748743,0.012209916,0.012166653,1,-1.355140209,7.355140209,1,0,0.159999996,111115,1.751083832,0.007855758,296.8314518,302.9090256,23.98732857,-0.962323648,2.938142283,28.70090833,18.56562009,26.72023869,3.52077031,0.414918214,1.037560156,2.483210154,0.260999627,37.5580533,0.927287189,36.9788997,394.9945067,0.004225508,0,131.1860891,1205.467285,0.697784494,#DIV/0!
20180227,10,12:18:53,Andy,-99999,32,HEAN3,Helianthus annuus,Agricultural,Greenhouse,2724.499962,0,2.139787114,0.383646383,376.036386,9,9,0,0,435.3984375,1644.389771,476.9324951,#DIV/0!,0.735221877,0.70996384,-1,0.87,0.92,9.193930626,0.874596965,0.036409008,0.965645694,3.776747064,-1,98.60147095,0.5,30.61241511,7.194329601,1.96043172,23.78040314,2,4.644859791,1,9.289719582,29.64531898,23.78040314,30.23302078,400.1417236,397.2875977,5.653643608,9.722045898,13.86475945,23.84193993,350.2301636,98.60147095,155.6841736,102.371727,-2.571597576,-0.583968163,0.031870916,0.012748743,0.012209916,0.012166653,1,-1.355140209,7.355140209,1,0,0.159999996,111115,1.751150818,0.00719433,296.9304031,302.795319,15.776235,-0.891661458,2.955694349,28.87217433,19.15012844,26.71286106,3.519241838,0.36843094,0.995262628,2.523979209,0.231589662,38.49549424,0.94650925,35.04991395,396.9766397,0.001889264,0,86.23654727,1208.991333,0.70996384,#DIV/0!
20180227,11,12:22:59,Andy,-99999,32,HEAN3,Helianthus annuus,Agricultural,Greenhouse,2970.999945,0,1.260668766,0.187760117,374.0937977,10,10,0,0,436.9765625,1784.720825,465.4544983,#DIV/0!,0.75515691,0.739200388,-1,0.87,0.92,6.419034004,0.873209517,0.050799109,0.978869926,4.084248398,-1,50.96386719,0.5,16.44799731,3.999045712,2.183102899,23.92946243,2,4.644859791,1,9.289719582,24.53061485,23.92946243,22.94138336,400.0428162,398.4130249,5.541931152,7.807823181,18.34767723,25.84936523,350.2216187,50.96386719,162.8891754,102.3594894,-2.571597576,-0.583968163,0.031870916,0.012748743,0.012209916,0.012166653,1,-1.355140209,7.355140209,1,0,0.159999996,111115,1.751108093,0.003999046,297.0794624,297.6806149,8.154218568,-0.616674128,2.982307693,29.13562494,21.32780175,24.23003864,3.036611129,0.184040366,0.799204794,2.237406334,0.11535374,38.29205013,0.938959759,26.89809679,398.2298221,0.000851508,0,44.50213385,1347.744263,0.739200388,#DIV/0!
20180227,12,12:26:10,Andy,-99999,32,HEAN3,Helianthus annuus,Agricultural,Greenhouse,3162.499931,0,-1.783925706,0.101734017,414.2616958,11,11,0,0,444.4367676,1887.473022,458.7174683,#DIV/0!,0.764533446,0.756967404,-1,0.87,0.92,0,0.87,-0.048736503,0.990103713,4.246887657,-1,18.48848343,0.5,6.087902999,2.243563498,2.242083734,23.56673813,2,4.644859791,1,9.289719582,25.39792442,23.56673813,25.32024574,399.9450378,400.4507141,5.329497814,6.602270603,16.75545311,20.75693321,350.2197571,18.48848343,220.7551575,102.3624649,-2.571597576,-0.583968163,0.031870916,0.012748743,0.012209916,0.012166653,1,-1.355140209,7.355140209,1,0,0.159999996,111115,1.751098785,0.002243563,296.7167381,298.5479244,2.958157283,-0.287298943,2.917908427,28.50564833,21.90337773,24.48233128,3.082856737,0.100631971,0.675824693,2.407032044,0.062993074,42.4048483,1.034488593,22.63558417,400.7099576,-0.001007716,0,16.08498058,1443.036255,0.756967404,#DIV/0!
20180315,2,13:43:50,Bernie,-99999,65,RASA2,Raphanus sativus,Agricultural,Greenhouse,5165.999988,0,11.9500542,0.152280515,237.120003,17,17,0,0,602.8840332,1182.009277,924.5021362,#DIV/0!,0.48994983,0.217855431,-1,0.87,0.92,10.04176998,0.875020885,0.007403921,0.444648448,1.960591444,-1,1798.317871,0.5,171.4049167,3.763690246,2.44847243,25.95696449,2,4.644859791,1,9.289719582,25.84123802,25.95696449,27.31994629,390.0727539,376.7486877,5.49117136,9.20794487,16.36333084,27.43907356,200.6597595,1998.901367,152.4640808,99.60993958,-3.806023598,-0.208565935,0.045737017,0.006174934,0.032064494,0.004684847,1,-1.355140209,7.355140209,1,0,0.159999996,111115,1.003298798,0.00376369,299.1069645,298.991238,319.8242116,0.5822284,3.365675262,33.78854837,24.5806035,25.89910126,3.354164842,0.149824536,0.917202832,2.43696201,0.093857935,23.61950917,0.62938508,26.85241313,375.0120828,0.008556732,0,1749.080443,579.1252441,0.217855431,#DIV/0!
20180315,3,13:45:51,Bernie,-99999,65,RASA2,Raphanus sativus,Agricultural,Greenhouse,5286.999979,0,11.80945458,0.153780125,240.00382,17,17,0,0,602.8840332,1182.009277,924.5021362,#DIV/0!,0.48994983,0.217855431,-1,0.87,0.92,10.0405159,0.875020258,0.009755415,0.444648448,1.960591444,-1,1798.317871,0.5,171.4047939,3.841912676,2.474711684,26.17321014,2,4.644859791,1,9.289719582,26.78046608,26.17321014,27.54693604,390.3476257,377.1255798,5.583620548,9.379081726,15.74195576,26.44253731,200.5489655,1500.606323,145.4603119,99.61381531,-3.806023598,-0.208565935,0.045737017,0.006174934,0.032064494,0.004684847,1,-1.355140209,7.355140209,1,0,0.159999996,111115,1.002744827,0.003841913,299.3232101,299.9304661,240.0970064,0.29662813,3.408997798,34.22213864,24.84305692,26.47683811,3.470648112,0.151275934,0.934286115,2.536361997,0.0947693,23.9076962,0.636402919,26.99709642,375.4094071,0.008492621,0,1313.060932,579.1252441,0.217855431,#DIV/0!
20180315,4,13:49:12,Bernie,-99999,65,RASA2,Raphanus sativus,Agricultural,Greenhouse,5488.499965,0,11.75093863,0.15500271,241.8760244,17,17,0,0,602.8840332,1182.009277,924.5021362,#DIV/0!,0.48994983,0.217855431,-1,0.87,0.92,10.0874958,0.875043748,0.011658975,0.444648448,1.960591444,-1,1798.317871,0.5,171.4093953,3.753800982,2.400105634,25.76108551,2,4.644859791,1,9.289719582,27.65986633,25.76108551,29.24234581,390.1993103,377.0697327,5.595613956,9.304093361,14.98173237,24.91083717,200.5606537,1249.83313,146.9549255,99.60596466,-3.806023598,-0.208565935,0.045737017,0.006174934,0.032064494,0.004684847,0.666666687,-1.355140209,7.355140209,1,0,0.159999996,111115,1.002803268,0.003753801,298.9110855,300.8098663,199.9732963,0.215682661,3.326848829,33.40009647,24.09600311,26.71047592,3.518747816,0.152458873,0.926743195,2.592004622,0.095512124,24.09229474,0.641462317,27.49228307,375.3620636,0.008606627,0,1093.658666,579.1252441,0.217855431,#DIV/0!
20180315,5,13:51:22,Bernie,-99999,65,RASA2,Raphanus sativus,Agricultural,Greenhouse,5618.499956,0,10.89557315,0.152624232,248.592246,17,17,0,0,602.8840332,1182.009277,924.5021362,#DIV/0!,0.48994983,0.217855431,-1,0.87,0.92,10.01018047,0.87500509,0.013571314,0.444648448,1.960591444,-1,1798.317871,0.5,171.4018227,3.802271818,2.466840488,26.16427231,2,4.644859791,1,9.289719582,28.38794708,26.16427231,29.55460358,389.3593445,377.0650635,5.686329842,9.442009926,14.5901289,24.22654724,200.5693054,1001.735107,146.8148956,99.59289551,-3.806023598,-0.208565935,0.045737017,0.006174934,0.032064494,0.004684847,1,-1.355140209,7.355140209,1,0,0.159999996,111115,1.002846527,0.003802272,299.3142723,301.5379471,160.2776136,0.070925523,3.407197596,34.2112515,24.76924158,27.2761097,3.63761397,0.150157243,0.940357108,2.697256862,0.094066846,24.75802158,0.659282098,27.17999457,375.4816977,0.007886979,0,876.5233181,579.1252441,0.217855431,#DIV/0!
20180315,6,13:54:43,Bernie,-99999,65,RASA2,Raphanus sativus,Agricultural,Greenhouse,5819.999943,0,10.0961978,0.148208371,256.0226965,17,17,0,0,602.8840332,1182.009277,924.5021362,#DIV/0!,0.48994983,0.217855431,-1,0.87,0.92,9.935268402,0.874967634,0.01693613,0.444648448,1.960591444,-1,1798.317871,0.5,171.3944856,3.535575253,2.36317299,25.48558998,2,4.644859791,1,9.289719582,29.55641937,25.48558998,32.09293747,390.1887512,378.7866821,5.640966415,9.134028435,13.52794743,21.90487289,200.5851135,748.803772,149.5802917,99.59793854,-3.806023598,-0.208565935,0.045737017,0.006174934,0.032064494,0.004684847,0.666666687,-1.355140209,7.355140209,1,0,0.159999996,111115,1.002925568,0.003535575,298.63559,302.7064194,119.8086008,0.044193617,3.272903393,32.86115597,23.72712754,27.52100468,3.69015538,0.145880983,0.909730403,2.780424978,0.091381898,25.49933279,0.675902054,27.40536685,377.3194832,0.007333043,0,655.1790648,579.1252441,0.217855431,#DIV/0!
20180315,7,13:56:44,Bernie,-99999,65,RASA2,Raphanus sativus,Agricultural,Greenhouse,5941.499934,0,8.296225913,0.141769177,272.3758722,17,17,0,0,602.8840332,1182.009277,924.5021362,#DIV/0!,0.48994983,0.217855431,-1,0.87,0.92,10.22232437,0.875111162,0.021206547,0.444648448,1.960591444,-1,1798.317871,0.5,171.4226008,3.582553509,2.499446495,26.22145462,2,4.644859791,1,9.289719582,31.3036747,26.22145462,33.72773743,390.2356262,380.6034546,5.691267967,9.230615616,12.3482914,20.02758217,200.5727997,500.9259033,148.7917633,99.59062195,-3.806023598,-0.208565935,0.045737017,0.006174934,0.032064494,0.004684847,1,-1.355140209,7.355140209,1,0,0.159999996,111115,1.002863998,0.003582554,299.3714546,304.4536747,80.14814274,-0.067064427,3.418729245,34.32782302,25.09720741,28.76256466,3.966846262,0.139638177,0.91928275,3.047563512,0.087462848,27.12608251,0.715642144,26.38528993,379.397831,0.005769625,0,438.3658494,579.1252441,0.217855431,#DIV/0!
20180315,8,13:58:58,Bernie,-99999,65,RASA2,Raphanus sativus,Agricultural,Greenhouse,6075.499925,0,4.787912786,0.132824709,310.9879711,17,17,0,0,602.8840332,1182.009277,924.5021362,#DIV/0!,0.48994983,0.217855431,-1,0.87,0.92,10.47504139,0.875237521,0.02625179,0.444648448,1.960591444,-1,1798.317871,0.5,171.4473528,3.354191983,2.495860555,26.11310768,2,4.644859791,1,9.289719582,30.85851097,26.11310768,32.89456558,389.6318665,383.5724792,5.731912136,9.047493935,12.75602055,20.13464546,200.4984436,251.9051971,148.5020142,99.59086609,-3.806023598,-0.208565935,0.045737017,0.006174934,0.032064494,0.004684847,1,-1.355140209,7.355140209,1,0,0.159999996,111115,1.002492218,0.003354192,299.2631077,304.008511,40.30483064,-0.196560046,3.396908312,34.1086331,25.06113917,28.48580933,3.903650416,0.130952348,0.901047757,3.002602659,0.082011403,30.97156139,0.810767164,25.96369622,382.8766905,0.003246787,0,220.4768802,579.1252441,0.217855431,#DIV/0!
20180315,9,14:00:59,Bernie,-99999,65,RASA2,Raphanus sativus,Agricultural,Greenhouse,6196.499917,0,3.842102146,0.11600761,317.2520139,17,17,0,0,602.8840332,1182.009277,924.5021362,#DIV/0!,0.48994983,0.217855431,-1,0.87,0.92,10.13324356,0.875066622,0.027411915,0.444648448,1.960591444,-1,1798.317871,0.5,171.4138759,2.956227594,2.514975304,25.97462654,2,4.644859791,1,9.289719582,31.18382263,25.97462654,33.64171982,390.252533,385.2850342,5.654794693,8.577666283,12.35263157,18.73750687,200.5473022,201.8614807,150.5566559,99.58655548,-3.806023598,-0.208565935,0.045737017,0.006174934,0.032064494,0.004684847,1,-1.355140209,7.355140209,1,0,0.159999996,111115,1.002736511,0.002956228,299.1246265,304.3338226,32.29783619,-0.138978279,3.369195543,33.83183128,25.254165,28.57922459,3.924882477,0.114576805,0.854220239,3.070662238,0.071737692,31.59403528,0.823421586,24.67729984,384.7266925,0.002464417,0,176.642244,579.1252441,0.217855431,#DIV/0!
20180315,10,14:04:20,Bernie,-99999,65,RASA2,Raphanus sativus,Agricultural,Greenhouse,6397.999903,0,3.055654896,0.097813637,320.1311472,17,17,0,0,602.8840332,1182.009277,924.5021362,#DIV/0!,0.48994983,0.217855431,-1,0.87,0.92,9.488669395,0.874744335,0.030537908,0.444648448,1.960591444,-1,1798.317871,0.5,171.3507442,2.612527151,2.630020088,26.42630196,2,4.644859791,1,9.289719582,29.89105988,26.42630196,31.01947021,389.836731,385.7846375,5.753901958,8.337357521,13.53418827,19.61092758,200.5643616,151.8240509,149.8783875,99.58789063,-3.806023598,-0.208565935,0.045737017,0.006174934,0.032064494,0.004684847,0.666666687,-1.355140209,7.355140209,1,0,0.159999996,111115,1.002821808,0.002612527,299.576302,303.0410599,24.2918476,-0.191135961,3.460319937,34.74639251,26.40903499,28.15868092,3.830086022,0.096794465,0.830299849,2.999786173,0.060587289,31.88118567,0.829818288,23.13091977,385.3405838,0.001834224,0,132.8072284,579.1252441,0.217855431,#DIV/0!
20180315,11,14:07:41,Bernie,-99999,65,RASA2,Raphanus sativus,Agricultural,Greenhouse,6599.499889,0,1.722448434,0.079507865,337.7518789,17,17,0,0,602.8840332,1182.009277,924.5021362,#DIV/0!,0.48994983,0.217855431,-1,0.87,0.92,8.120250702,0.874060125,0.030665379,0.444648448,1.960591444,-1,1798.317871,0.5,171.2167167,2.060956012,2.549992811,25.6685524,2,4.644859791,1,9.289719582,31.20339584,25.6685524,34.2182045,390.3395691,387.8247375,5.579402924,7.619054794,12.17268848,16.6226368,200.5492706,101.5710678,151.2117157,99.57283783,-3.806023598,-0.208565935,0.045737017,0.006174934,0.032064494,0.004684847,0.666666687,-1.355140209,7.355140209,1,0,0.159999996,111115,1.002746353,0.002060956,298.8185524,304.3533958,16.25137049,-0.035155121,3.308643718,33.22837623,25.60932144,28.43597412,3.89236456,0.078833156,0.758650907,3.133713652,0.0493309,33.63091306,0.87088792,21.9901375,387.574428,0.00097728,0,88.77922026,579.1252441,0.217855431,#DIV/0!
20180315,12,14:11:02,Bernie,-99999,65,RASA2,Raphanus sativus,Agricultural,Greenhouse,6800.999875,0,0.394141982,0.067660807,361.7178702,17,17,0,0,602.8840332,1182.009277,924.5021362,#DIV/0!,0.48994983,0.217855431,-1,0.87,0.92,10.92086029,0.87546043,0.021550486,0.444648448,1.960591444,-1,1798.317871,0.5,171.4910178,1.904421645,2.762711054,26.69798088,2,4.644859791,1,9.289719582,29.87513161,26.69798088,30.95298576,389.2150879,388.0852356,5.681923866,7.566319466,13.37598896,17.81210327,200.5961151,73.89472198,149.583252,99.579422,-3.806023598,-0.208565935,0.045737017,0.006174934,0.032064494,0.004684847,0.666666687,-1.355140209,7.355140209,1,0,0.159999996,111115,1.002980576,0.001904422,299.8479809,303.0251316,11.82315525,-0.132280528,3.516160773,35.31011431,27.74379484,28.28655624,3.858697268,0.067171569,0.753449719,3.105247549,0.042025913,36.01965644,0.932057798,20.2874302,388.0279581,0.000206071,0,64.69190509,579.1252441,0.217855431,#DIV/0!
20180315,13,14:13:42,Bernie,-99999,65,RASA2,Raphanus sativus,Agricultural,Greenhouse,6960.999864,0,-0.213630692,0.059963544,378.7591366,17,17,0,0,602.8840332,1182.009277,924.5021362,#DIV/0!,0.48994983,0.217855431,-1,0.87,0.92,10.20210743,0.875101054,0.018421593,0.444648448,1.960591444,-1,1798.317871,0.5,171.4206207,1.61121308,2.637490531,25.912117,2,4.644859791,1,9.289719582,29.79436302,25.912117,31.66687775,390.0489197,389.6359863,5.629077911,7.223929882,13.31153297,17.08300781,200.5921326,48.77993011,147.994278,99.5663681,-3.806023598,-0.208565935,0.045737017,0.006174934,0.032064494,0.004684847,1,-1.355140209,7.355140209,1,0,0.159999996,111115,1.002960663,0.001611213,299.062117,302.944363,7.804788644,-0.067281985,3.356750993,33.7137033,26.48977342,27.85324001,3.762493456,0.059578971,0.719260462,3.043232994,0.037271219,37.71167162,0.972084586,20.29983341,389.6670316,-0.000111292,0,42.68736824,579.1252441,0.217855431,#DIV/0!
20180315,14,14:16:13,Bernie,-99999,65,RASA2,Raphanus sativus,Agricultural,Greenhouse,7112.499853,0,-1.598181388,0.055348358,419.0812762,17,17,0,0,602.8840332,1182.009277,924.5021362,#DIV/0!,0.48994983,0.217855431,-1,0.87,0.92,0,0.87,-0.03503596,0.444648448,1.960591444,-1,1798.317871,0.5,170.4213923,1.529596306,2.710541159,26.28943062,2,4.644859791,1,9.289719582,29.53834915,26.28943062,30.71717834,389.6408997,390.6387939,5.735762119,7.250069141,13.76673222,17.40130615,200.554657,19.62454605,144.2804718,99.5770874,-3.806023598,-0.208565935,0.045737017,0.006174934,0.032064494,0.004684847,1,-1.355140209,7.355140209,1,0,0.159999996,111115,1.002773285,0.001529596,299.4394306,302.6883492,3.139927298,-0.099662509,3.432481928,34.47059979,27.22053065,27.91388988,3.775831537,0.055020544,0.721940769,3.053890768,0.034417143,41.73089287,1.072810184,19.82790284,390.8710448,-0.000810717,0,17.07335506,579.1252441,0.217855431,#DIV/0!
20180315,15,14:19:34,Bernie,-99999,65,RASA2,Raphanus sativus,Agricultural,Greenhouse,7313.49984,0,-2.89716375,0.051022948,465.1958463,17,17,0,0,602.8840332,1182.009277,924.5021362,#DIV/0!,0.48994983,0.217855431,-1,0.87,0.92,0,0.87,-28.03115806,0.444648448,1.960591444,-1,1798.317871,0.5,170.4213923,1.368127731,2.630039191,25.78063774,2,4.644859791,1,9.289719582,30.3740139,25.78063774,32.94667816,390.0473938,392.4010315,5.682657719,7.037317753,12.99821758,16.09679604,200.5668945,0.077793717,149.0883331,99.5645752,-3.806023598,-0.208565935,0.045737017,0.006174934,0.032064494,0.004684847,1,-1.355140209,7.355140209,1,0,0.159999996,111115,1.002834473,0.001368128,298.9306377,303.5240139,0.012446995,-0.023735977,3.330706744,33.45272892,26.41541116,28.07732582,3.811979847,0.05074424,0.700667553,3.111312294,0.031740073,46.31702682,1.185511273,19.84519738,392.8220529,-0.001463634,0,0.067680534,579.1252441,0.217855431,#DIV/0!
20180604,2,12:37:02,Bernie,-99999,99,PHVU,Phaseolus vulgaris,Agricultural,Greenhouse,3412.00001,0,26.92662443,0.41632419,260.1261202,19,19,0,0,546.3320313,1045.842896,767.2662354,#DIV/0!,0.477615583,0.266365686,-1,0.87,0.92,9.930109024,0.874965055,0.015960458,0.557698901,1.914299063,-1,1999.780762,0.5,233.0351189,6.063355233,1.486099248,26.4772625,2,4.644859791,1,9.289719582,25.18559837,26.4772625,24.63644218,389.8656921,375.2676086,16.79811668,19.76926613,52.4524231,61.72988892,400.0799866,1999.780762,402.3679199,100.3899536,-2.569315434,-0.369163424,0.050160367,0.001558758,0.061266836,0.000896433,1,-1.355140209,7.355140209,1,0,0.159999996,111115,2.000399933,0.006063355,299.6272625,298.3355984,319.9649147,0.143871678,3.470734958,34.57253274,14.80326661,25.83143044,3.340747084,0.398466675,1.98463571,1.356111375,0.250586767,26.11404914,0.693174988,57.87400517,371.3545796,0.04196398,0,1749.738283,499.5108643,0.266365686,#DIV/0!
20180604,3,12:40:33,Bernie,-99999,99,PHVU,Phaseolus vulgaris,Agricultural,Greenhouse,3622.999996,0,26.18476903,0.431009322,267.2576128,20,20,0,0,554.7216797,1145.548706,772.7124634,#DIV/0!,0.515758975,0.325465203,-1,0.87,0.92,9.979384422,0.874989692,0.020715841,0.631041279,2.065087319,-1,1499.754395,0.5,213.549052,5.97504421,1.417210338,26.10090446,2,4.644859791,1,9.289719582,26.86085892,26.10090446,27.36891365,389.950531,375.7370605,16.76858139,19.69696236,47.4163475,55.69689941,400.0404358,1499.754395,311.3409119,100.3833923,-2.569315434,-0.369163424,0.050160367,0.001558758,0.061266836,0.000896433,1,-1.355140209,7.355140209,1,0,0.159999996,111115,2.000202179,0.005975044,299.2509045,300.0108589,239.9606978,-0.056227277,3.394458238,33.8149385,14.11797614,26.48088169,3.471475668,0.411898714,1.9772479,1.494227768,0.259088062,26.8282258,0.711288933,59.00358717,371.9318393,0.041539743,0,1312.269636,590.8270264,0.325465203,#DIV/0!
20180604,4,12:43:20,Bernie,-99999,99,PHVU,Phaseolus vulgaris,Agricultural,Greenhouse,3790.499984,0,25.56159678,0.42154475,267.7672534,21,21,0,0,565.2539063,1252.564819,785.1508789,#DIV/0!,0.548722831,0.373165471,-1,0.87,0.92,9.977068901,0.874988534,0.024249517,0.680061864,2.215933062,-1,1251.839722,0.5,204.3725415,5.962190328,1.44424543,26.23046494,2,4.644859791,1,9.289719582,27.76685143,26.23046494,28.45462799,390.0269165,376.1263123,16.76643753,19.68853188,44.95682907,52.79201508,400.0420837,1251.839722,314.8354797,100.3784332,-2.569315434,-0.369163424,0.050160367,0.001558758,0.061266836,0.000896433,1,-1.355140209,7.355140209,1,0,0.159999996,111115,2.000210419,0.00596219,299.3804649,300.9168514,200.294351,-0.170763074,3.420549412,34.07653718,14.3880053,26.99865818,3.578877635,0.403246414,1.976303982,1.602573652,0.253611512,26.87805737,0.711907795,58.4944001,372.4116516,0.040149396,0,1095.345403,687.3109131,0.373165471,#DIV/0!
20180604,5,12:45:10,Bernie,-99999,99,PHVU,Phaseolus vulgaris,Agricultural,Greenhouse,3900.499976,0,24.87856912,0.417830146,269.8184477,22,22,0,0,576.645752,1400.782471,795.9933472,#DIV/0!,0.588340257,0.431750922,-1,0.87,0.92,9.964362144,0.874982181,0.029549711,0.733845623,2.429190653,-1,1000.893372,0.5,189.0559282,5.928820114,1.4484085,26.22816467,2,4.644859791,1,9.289719582,28.82308197,26.22816467,29.93489265,389.9281006,376.3729248,16.73627472,19.64249229,42.20162964,49.52985001,399.9950562,1000.893372,295.1636047,100.3781052,-2.569315434,-0.369163424,0.050160367,0.001558758,0.061266836,0.000896433,1,-1.355140209,7.355140209,1,0,0.159999996,111115,1.999975281,0.00592882,299.3781647,301.973082,160.1429359,-0.27071751,3.420084657,34.07201851,14.42952622,27.52562332,3.691152625,0.399845996,1.971676157,1.719476467,0.251459592,27.08386452,0.716891227,58.35425456,372.7575231,0.038946775,0,875.7638653,824.1367188,0.431750922,#DIV/0!
20180604,6,12:46:57,Bernie,-99999,99,PHVU,Phaseolus vulgaris,Agricultural,Greenhouse,4007.999969,0,22.89807712,0.405946302,276.1064231,23,23,0,0,590.6408691,1590.497192,795.8363647,#DIV/0!,0.628643878,0.49963045,-1,0.87,0.92,9.817368507,0.874908684,0.036410525,0.794775018,2.692832947,-1,750.1934814,0.5,163.9664207,5.789936716,1.45409255,26.23319626,2,4.644859791,1,9.289719582,29.39301682,26.23319626,30.69554901,390.0124817,377.4704895,16.75823593,19.59651566,40.88611221,47.81084061,399.993988,750.1934814,490.8204956,100.3754349,-2.569315434,-0.369163424,0.050160367,0.001558758,0.061266836,0.000896433,1,-1.355140209,7.355140209,1,0,0.159999996,111115,1.99996994,0.005789937,299.3831963,302.5430168,120.0309543,-0.374784987,3.421101331,34.08305364,14.48653799,27.81310654,3.753689946,0.388949801,1.967008781,1.786681165,0.244565579,27.71430229,0.731464924,58.15276873,374.1428967,0.035590321,0,656.3507918,999.8563232,0.49963045,#DIV/0!
20180604,7,12:48:53,Bernie,-99999,99,PHVU,Phaseolus vulgaris,Agricultural,Greenhouse,4123.999961,0,18.82875701,0.398661818,292.9323666,24,24,0,0,606.2514648,1762.561646,755.1104126,#DIV/0!,0.656039568,0.571583545,-1,0.87,0.92,10.13136005,0.87506568,0.045176395,0.871263827,2.907311153,-1,501.5835266,0.5,125.4393045,5.737070626,1.466007346,26.27065659,2,4.644859791,1,9.289719582,30.36257744,26.27065659,31.98189545,389.8028564,379.3005371,16.74099922,19.55341911,38.62942123,45.11901093,400.0036621,501.5835266,232.8049316,100.3748474,-2.569315434,-0.369163424,0.050160367,0.001558758,0.061266836,0.000896433,1,-1.355140209,7.355140209,1,0,0.159999996,111115,2.000018311,0.005737071,299.4206566,303.5125774,80.25336246,-0.474990963,3.428678806,34.15874489,14.60532578,28.31661701,3.865450165,0.382257505,1.96267146,1.902778705,0.240332529,29.40304159,0.772296208,57.8707577,376.5643058,0.028936211,0,438.9185298,1156.310181,0.571583545,#DIV/0!
20180604,8,12:51:02,Bernie,-99999,99,PHVU,Phaseolus vulgaris,Agricultural,Greenhouse,4253.499952,0,10.92535917,0.375201545,326.7029527,25,25,0,0,616.4389648,1846.45752,693.1427612,#DIV/0!,0.666150476,0.624609419,-1,0.87,0.92,10.47504139,0.875237521,0.054729619,0.937640131,2.995361463,-1,248.9562988,0.5,68.04991379,5.55025432,1.503147679,26.3877449,2,4.644859791,1,9.289719582,31.14438057,26.3877449,32.70307922,390.1275024,383.6005554,16.70010948,19.4212265,36.85030746,42.85469818,400.0167236,248.9562988,286.7232056,100.3700943,-2.569315434,-0.369163424,0.050160367,0.001558758,0.061266836,0.000896433,1,-1.355140209,7.355140209,1,0,0.159999996,111115,2.000083618,0.005550254,299.5377449,304.2943806,39.83300692,-0.566880768,3.452458015,34.39727778,14.97605128,28.76606274,3.967650708,0.36063586,1.949310335,2.018340373,0.226662304,32.79120617,0.851674869,56.99448112,382.0128611,0.01630011,0,217.8958937,1230.018555,0.624609419,#DIV/0!
20180604,9,12:51:44,Bernie,-99999,99,PHVU,Phaseolus vulgaris,Agricultural,Greenhouse,4295.499949,0,8.672113489,0.368382255,336.8156433,26,26,0,0,611.0126953,1854.374634,679.9696655,#DIV/0!,0.67050202,0.633315915,-1,0.87,0.92,10.13324356,0.875066622,0.055426833,0.944539906,3.034919975,-1,199.4160919,0.5,55.25756277,5.460861539,1.505294052,26.36735916,2,4.644859791,1,9.289719582,31.14620399,26.36735916,32.73004913,389.9922485,384.6062012,16.6814785,19.35897636,36.80444717,42.71183014,400.0111389,199.4160919,319.9202576,100.3675766,-2.569315434,-0.369163424,0.050160367,0.001558758,0.061266836,0.000896433,1,-1.355140209,7.355140209,1,0,0.159999996,111115,2.000055695,0.005460862,299.5173592,304.296204,31.90657399,-0.581107689,3.448307595,34.35678844,14.99781207,28.75678158,3.965516649,0.354331308,1.943013543,2.022503106,0.222678001,33.80536988,0.875741583,56.85306983,383.3459529,0.012861392,0,174.5023659,1243.361938,0.633315915,#DIV/0!
20180604,10,12:52:25,Bernie,-99999,99,PHVU,Phaseolus vulgaris,Agricultural,Greenhouse,4336.499946,0,6.257220146,0.358157281,347.7348869,27,27,0,0,606.833252,1843.545776,666.2888184,#DIV/0!,0.67083364,0.638582981,-1,0.87,0.92,9.488669395,0.874744335,0.055346178,0.951924505,3.037977518,-1,149.8999634,0.5,41.86682331,5.347751216,1.514714652,26.38694191,2,4.644859791,1,9.289719582,31.10169983,26.38694191,32.53385544,389.8198242,385.6602478,16.6813736,19.30348206,36.90023422,42.70050049,400.0231934,149.8999634,292.5067444,100.3746262,-2.569315434,-0.369163424,0.050160367,0.001558758,0.061266836,0.000896433,1,-1.355140209,7.355140209,1,0,0.159999996,111115,2.000115967,0.005347751,299.5369419,304.2516998,23.9839936,-0.595230522,3.452294447,34.39409519,15.09061314,28.74432087,3.962653076,0.34486144,1.937579795,2.025073282,0.216694774,34.90375927,0.901661213,56.58762739,384.7509365,0.009202869,0,131.1241437,1236.712524,0.638582981,#DIV/0!
20180604,11,12:53:45,Bernie,-99999,99,PHVU,Phaseolus vulgaris,Agricultural,Greenhouse,4416.499941,0,4.026276342,0.33921097,358.4269786,28,28,0,0,616.3581543,1877.450439,640.5259399,#DIV/0!,0.671704701,0.658832038,-1,0.87,0.92,8.120250702,0.874060125,0.057754523,0.980835831,3.04603813,-1,99.56783295,0.5,28.66850709,5.124873694,1.529629814,26.40722084,2,4.644859791,1,9.289719582,31.03668213,26.40722084,32.51855469,390.3127747,387.3071899,16.68374062,19.19698334,37.04068756,42.62050629,400.0004883,99.56783295,328.3728638,100.3698044,-2.569315434,-0.369163424,0.050160367,0.001558758,0.061266836,0.000896433,1,-1.355140209,7.355140209,1,0,0.159999996,111115,2.000002441,0.005124874,299.5572208,304.1866821,15.93085292,-0.592354747,3.456427277,34.43692352,15.23994018,28.72195148,3.957516933,0.32726114,1.926797462,2.030719471,0.20557928,35.97524573,0.92543332,56.1278486,386.7220837,0.005843634,0,87.02827255,1261.092285,0.658832038,#DIV/0!
20180604,12,12:55:10,Bernie,-99999,99,PHVU,Phaseolus vulgaris,Agricultural,Greenhouse,4501.999935,0,2.268593581,0.315953818,366.5555316,29,29,0,0,627.4545898,1911.887207,633.0895386,#DIV/0!,0.671814013,0.66886669,-1,0.87,0.92,10.40805244,0.875204026,0.048899599,0.995612889,3.047052708,-1,76.37413788,0.5,22.35451236,4.894772037,1.564543974,26.52452469,2,4.644859791,1,9.289719582,30.97177505,26.52452469,32.29432297,390.0861816,388.0023804,16.68822479,19.0887928,37.18677139,42.53601837,400.0167236,76.37413788,276.0296936,100.3664627,-2.569315434,-0.369163424,0.050160367,0.001558758,0.061266836,0.000896433,1,-1.355140209,7.355140209,1,0,0.159999996,111115,2.000083618,0.004894772,299.6745247,304.1217751,12.21986179,-0.575950882,3.480418585,34.67710718,15.58831438,28.74814987,3.963532821,0.305561333,1.915874611,2.04765821,0.191883111,36.78988209,0.944724956,55.32485181,387.672704,0.003237515,0,66.84295297,1284.432617,0.66886669,#DIV/0!
20180604,13,12:56:27,Bernie,-99999,99,PHVU,Phaseolus vulgaris,Agricultural,Greenhouse,4578.99993,0,0.826740074,0.29513621,374.3201127,30,30,0,0,631.1691895,1918.162354,623.0970459,#DIV/0!,0.670951112,0.675159381,-1,0.87,0.92,9.546685219,0.874773343,0.040496417,1.006272095,3.039062086,-1,51.56613922,0.5,15.22777558,4.606044381,1.572796142,26.5013237,2,4.644859791,1,9.289719582,30.56062508,26.5013237,31.26226234,390.0182495,388.7097168,16.7002964,18.95957756,38.09711075,43.25103378,400.0135803,51.56613922,302.540863,100.364357,-2.569315434,-0.369163424,0.050160367,0.001558758,0.061266836,0.000896433,1,-1.355140209,7.355140209,1,0,0.159999996,111115,2.000067902,0.004606044,299.6513237,303.7106251,8.250582091,-0.56046422,3.475661953,34.6304411,15.67086353,28.53097439,3.913903299,0.286048396,1.902865811,2.011037488,0.179575108,37.56839742,0.962981105,54.9341466,388.5895733,0.001168746,0,45.10868397,1286.993164,0.675159381,#DIV/0!
20180604,14,12:57:21,Bernie,-99999,99,PHVU,Phaseolus vulgaris,Agricultural,Greenhouse,4632.999926,0,-1.027271238,0.281026852,385.8704087,31,31,0,0,626.4082031,1922.702026,629.2910767,#DIV/0!,0.674204222,0.672704835,-1,0.87,0.92,0,0.87,-0.001593762,0.997776065,3.069407483,-1,19.6680851,0.5,5.755404936,4.383162973,1.56967141,26.44004059,2,4.644859791,1,9.289719582,30.519907,26.44004059,31.6752224,390.1400452,389.799408,16.71588135,18.86608887,38.2210083,43.13747406,400.0050964,19.6680851,318.3369141,100.3628082,-2.569315434,-0.369163424,0.050160367,0.001558758,0.061266836,0.000896433,1,-1.355140209,7.355140209,1,0,0.159999996,111115,2.000025482,0.004383163,299.5900406,303.669907,3.146893545,-0.541608305,3.463125069,34.50605986,15.639971,28.47997379,3.902327407,0.27277503,1.893453659,2.008873748,0.17120705,38.72703783,0.989920459,54.79937611,389.948693,-0.001443621,0,17.11123404,1296.293823,0.672704835,#DIV/0!
20180604,15,12:58:12,Bernie,-99999,99,PHVU,Phaseolus vulgaris,Agricultural,Greenhouse,4683.999922,0,-2.214992475,0.265472384,393.7365886,32,32,0,0,659.6816406,1982.980469,578.1414185,#DIV/0!,0.667328221,0.708448254,-1,0.87,0.92,0,0.87,-7.474279705,1.061618903,3.005965828,-1,0.18684651,0.5,0.057581421,4.160804816,1.574886355,26.42544556,2,4.644859791,1,9.289719582,30.2586441,26.42544556,31.23584175,389.8334045,390.1292419,16.74317932,18.78427505,38.86092758,43.59831238,400.0446472,0.18684651,317.9248657,100.3636703,-2.569315434,-0.369163424,0.050160367,0.001558758,0.061266836,0.000896433,1,-1.355140209,7.355140209,1,0,0.159999996,111115,2.000223236,0.004160805,299.5754456,303.4086441,0.029895441,-0.527453411,3.460145144,34.47607219,15.69179714,28.34204483,3.871170354,0.258096751,1.885258789,1.985911565,0.161957297,39.51684918,1.009246543,54.5388715,390.4511289,-0.003093939,0,0.162556463,1323.298828,0.708448254,#DIV/0!
