DateTime,ID,area,A,Ci,CO2s,E,gsw,Patm,Qin,RHr,VPDleaf,Tair,Tleaf,Machine,Chamber,Plant_Number,Measurment_Type,Time_of_day
2020-07-30 8:01,11_Cut,9,-1.594542013,451.7740343,399.9996667,0.560203996,43.01446188,101.6008333,0,70.4882058,1.285262334,30.85021667,30.96021667,Mikeala,Feb-00,11,Cut,Morning
2020-07-30 8:08,11_Cut,9,-0.199923587,397.5335425,399.9961667,0.728995102,59.45169815,101.589,20,72.12031236,1.212323166,30.93681667,31.0029,Mikeala,Feb-00,11,Cut,Morning
2020-07-30 8:40,11_Cut,9,0.978788612,373.8319512,399.9866667,1.025556977,85.54187888,101.6205,40,70.51666917,1.19489931,29.87308333,29.99606667,Mikeala,Feb-00,11,Cut,Morning
2020-07-30 8:48,11_Cut,9,3.329281173,349.3786099,399.8291667,1.509513918,125.9931331,101.6551667,90,70.07567246,1.202226215,29.96638333,30.0362,Mikeala,Feb-00,11,Cut,Morning
2020-07-30 9:01,11_Cut,9,6.659145193,320.6791921,400.0085,1.806626773,150.8127226,101.6655,175,69.83916365,1.207837547,29.89535,29.97566667,Mikeala,Feb-00,11,Cut,Morning
2020-07-30 9:08,11_Cut,9,8.967455928,299.2800268,399.9928333,1.894120345,156.624158,101.6615,250,70.06386357,1.220008338,30.05288333,30.0234,Mikeala,Feb-00,11,Cut,Morning
2020-07-30 9:30,11_Cut,9,13.85040141,289.3281887,400.002,2.666077287,220.6928094,101.6435,450,69.68234733,1.232099428,30.0382,30.01128333,Mikeala,Feb-00,11,Cut,Morning
2020-07-30 9:38,11_Cut,9,16.11630171,271.5744294,399.994,2.599124264,218.690368,101.6543333,700,71.47610112,1.211073935,30.0117,30.01211667,Mikeala,Feb-00,11,Cut,Morning
2020-07-30 10:01,11_Cut,9,17.86816646,276.9436962,400.0018333,2.993026034,255.0036544,101.6481667,900,72.13634737,1.20306315,30.02166667,29.99075,Mikeala,Feb-00,11,Cut,Morning
2020-07-30 10:08,11_Cut,9,20.0825911,279.8659906,400.0008333,3.36390647,295.3454754,101.6453333,1500,74.85248286,1.174726371,29.71365,29.9523,Mikeala,Feb-00,11,Cut,Morning
2020-07-30 10:23,11_Intact,9,-1.32786951,531.2633465,399.9736667,0.285419407,23.25705441,101.4143333,0,75.35227349,1.203890252,30.4687,30.96228333,Julia,Feb-00,11,Intact,Morning
2020-07-30 10:30,11_Intact,9,-0.072880934,317.0395631,399.9695,0.25636705,20.80922371,101.4155,20,74.77958729,1.210498598,30.6319,31.0099,Julia,Feb-00,11,Intact,Morning
2020-07-30 10:51,11_Intact,9,1.003240943,332.9614209,399.9865,0.447279951,37.70665768,101.4441667,40,74.26039072,1.176506352,29.56605,30.00761667,Julia,Feb-00,11,Intact,Morning
2020-07-30 10:58,11_Intact,9,2.818603285,10.31683725,400.8355,0.981444729,82.50717424,101.476,90,72.47140835,1.214548882,29.72623333,29.9734,Julia,Feb-00,11,Intact,Morning
2020-07-30 11:11,11_Intact,9,6.495497462,303.2598218,399.992,1.413409857,117.7314103,101.4876667,175,72.65520639,1.200202885,29.79983333,29.9991,Julia,Feb-00,11,Intact,Morning
2020-07-30 11:19,11_Intact,9,8.495237935,290.2594323,400.0041667,1.632471571,134.8070333,101.4911667,250,72.01439459,1.214155894,29.93405,30.04178333,Julia,Feb-00,11,Intact,Morning
2020-07-30 11:34,11_Intact,9,11.80315283,295.8460635,399.862,2.358741277,200.0508211,101.4771667,450,72.4942311,1.195426468,29.88623333,30.01401667,Julia,Feb-00,11,Intact,Morning
2020-07-30 11:41,11_Intact,9,12.66314051,290.0267028,399.9638333,2.373745996,202.245094,101.4766667,700,72.67199975,1.190380784,29.83766667,29.9891,Julia,Feb-00,11,Intact,Morning
2020-07-30 12:12,11_Intact,9,13.41721849,294.207644,399.996,2.637699353,224.1577134,101.4831667,900,72.26114093,1.198082537,29.89455,29.99053333,Julia,Feb-00,11,Intact,Morning
2020-07-30 12:20,11_Intact,9,14.17628832,308.5701106,399.9978333,3.265317942,279.7172783,101.4741667,1500,72.82788591,1.199595212,29.76985,30.00473333,Julia,Feb-00,11,Intact,Morning
2020-07-30 13:14,12_Cut,6,-1.130590624,483.6816026,400.0156667,0.239295592,19.69062798,101.8131667,0,68.24477442,1.203939798,28.01438333,28.00475,Mikeala,6800-01A,12,Cut,Afternoon
2020-07-30 13:22,12_Cut,6,0.03926929,389.5675924,399.9838333,0.276849684,22.96163758,101.7966667,20,68.51302262,1.195102543,27.8933,27.92793333,Mikeala,6800-01A,12,Cut,Afternoon
2020-07-30 13:36,12_Cut,6,0.582257156,350.4808486,400.0168333,0.271411471,22.24796497,101.8195,40,68.00597994,1.209104727,28.07768333,28.03021667,Mikeala,6800-01A,12,Cut,Afternoon
2020-07-30 13:45,12_Cut,6,1.940802488,301.3511452,400.015,0.409422892,33.98502145,101.8245,90,68.53759496,1.196632379,27.93605,27.96835,Mikeala,6800-01A,12,Cut,Afternoon
2020-07-30 13:57,12_Cut,6,4.842167054,287.1932789,399.9913333,0.894675255,73.94923685,101.8365,175,68.11028155,1.210332005,28.06543333,28.0453,Mikeala,6800-01A,12,Cut,Afternoon
2020-07-30 14:07,12_Cut,6,6.554010086,298.0887039,399.9943333,1.324535838,112.0548649,101.8405,250,68.77617926,1.190306415,27.96165,27.99811667,Mikeala,6800-01A,12,Cut,Afternoon
2020-07-30 14:33,12_Cut,6,8.817998863,307.4237623,399.9988333,1.971485247,168.6767097,101.8538333,450,68.5417297,1.188780985,27.9752,27.96033333,Mikeala,6800-01A,12,Cut,Afternoon
2020-07-30 14:44,12_Cut,6,9.616540052,307.2561238,399.9565,2.171799424,184.2417822,101.8596667,700,68.25396731,1.202171398,28.00866667,27.99443333,Mikeala,6800-01A,12,Cut,Afternoon
2020-07-30 15:02,12_Cut,6,9.852977334,308.3879545,399.9755,2.222904691,191.287538,101.8555,900,68.93614602,1.18659863,27.86565,27.9427,Mikeala,6800-01A,12,Cut,Afternoon
2020-07-30 15:14,12_Cut,6,10.0391151,307.9979222,399.9906667,2.272919628,194.1538219,101.8915,1500,69.693784,1.196188837,27.74085,28.029,Mikeala,6800-01A,12,Cut,Afternoon
2020-07-30 15:25,12_Intact,6,-1.218576344,495.5209733,399.9866667,0.230157743,18.93100061,101.6521667,0,66.79376044,1.203313929,28.40936667,28.01946667,Julia,6800-01A,12,Intact,Afternoon
2020-07-30 15:37,12_Intact,6,0.037204045,389.9429386,399.9971667,0.309103545,25.5741497,101.6658333,20,66.60341335,1.19836939,28.34513333,27.91975,Julia,6800-01A,12,Intact,Afternoon
2020-07-30 15:51,12_Intact,6,0.730669962,339.4038359,400.0005,0.268055589,22.05119413,101.6755,40,66.45769801,1.203322993,28.49731667,28.0203,Julia,6800-01A,12,Intact,Afternoon
2020-07-30 16:04,12_Intact,6,2.80859639,296.6439787,400.0025,0.5666019,46.93811725,101.6658333,90,66.41556566,1.200514768,28.49055,27.99553333,Julia,6800-01A,12,Intact,Afternoon
2020-07-30 16:09,12_Intact,6,6.389015199,295.4822945,400.0175,1.277005053,106.3827542,101.6666667,175,66.2075231,1.206826041,28.54523333,28.02453333,Julia,6800-01A,12,Intact,Afternoon
2020-07-30 16:22,12_Intact,6,9.415268368,304.3592739,399.985,2.048004893,174.38284,101.6673333,250,66.42417565,1.19547519,28.50908333,27.98693333,Julia,6800-01A,12,Intact,Afternoon
2020-07-30 16:41,12_Intact,6,11.63102086,313.5394793,401.213,2.146926924,187.1593019,101.6813333,450,65.54016188,1.217286623,28.55456667,27.95931667,Julia,6800-01A,12,Intact,Afternoon
2020-07-30 16:55,12_Intact,6,14.36560116,281.7990165,400.1053333,2.475132237,212.7416962,101.6938333,700,65.87146934,1.192902103,28.65293333,27.9752,Julia,6800-01A,12,Intact,Afternoon
2020-07-30 17:10,12_Intact,6,15.78660444,296.2870144,399.9945,3.144211594,271.9706444,101.6983333,900,66.01118548,1.198338499,28.61228333,27.99691667,Julia,6800-01A,12,Intact,Afternoon
2020-07-30 17:23,12_Intact,6,17.22096952,312.7778097,399.9996667,4.135712952,362.8580734,101.7268333,1500,65.77087959,1.200260812,28.70751667,28.0277,Julia,6800-01A,12,Intact,Afternoon
2020-08-03 7:29,14_Cut,9,-2.051601391,702.0656585,400.0175,0.180225387,10.49181915,101.4161667,0,68.99348801,1.668473533,34.2692,33.97123333,Mikeala,Feb-00,14,Cut,Afternoon
2020-08-03 7:55,14_Cut,9,-0.685455419,517.1160922,400.0016667,0.19036755,12.46804769,101.42,20,72.39341985,1.479564085,34.1593,33.91241667,Mikeala,Feb-00,14,Cut,Afternoon
2020-08-03 8:10,14_Cut,9,-0.193361813,429.0759102,400.021,0.135897148,8.71659327,101.4235,40,71.89039392,1.511178074,34.1035,33.991,Mikeala,Feb-00,14,Cut,Afternoon
2020-08-03 8:11,14_Cut,9,0.379128803,342.6999089,400.004,0.205938568,13.55942903,101.4556667,90,72.50870997,1.478014639,34.00731667,33.97105,Mikeala,Feb-00,14,Cut,Afternoon
2020-08-03 8:29,14_Cut,9,2.605730685,251.7319951,400.0141667,0.459808598,29.94475137,101.5021667,175,72.36401042,1.497292874,34.10068333,34.05653333,Mikeala,Feb-00,14,Cut,Afternoon
2020-08-03 8:49,14_Cut,9,3.98277156,225.1210265,399.984,0.584888782,38.50216844,101.505,250,72.68704774,1.483391621,34.01513333,33.97206667,Mikeala,Feb-00,14,Cut,Afternoon
2020-08-03 9:19,14_Cut,9,7.808436761,225.0860753,400.0128333,1.158704507,75.63029739,101.5193333,450,72.50253397,1.506002014,34.041,34.03131667,Mikeala,Feb-00,14,Cut,Afternoon
2020-08-03 9:30,14_Cut,9,10.88847775,244.3851108,399.9563333,1.784625924,120.1967694,101.5493333,700,73.48363357,1.470641096,34.00688333,34.03206667,Mikeala,Feb-00,14,Cut,Afternoon
2020-08-03 9:47,14_Cut,9,11.95956079,248.4521866,400.0578333,2.018071369,135.9380994,101.5501667,900,73.83585483,1.475008589,33.85461667,33.9408,Mikeala,Feb-00,14,Cut,Afternoon
2020-08-03 10:20,14_Cut,9,13.37950327,256.0020399,399.9686667,2.305324814,160.9442675,101.5431667,1500,76.96178054,1.427683116,33.60238333,33.98308333,Mikeala,Feb-00,14,Cut,Afternoon
2020-08-03 10:22,14_Intact,9,-1.765572761,611.1074337,399.9853333,0.21908416,12.5725604,101.2751667,0,67.55931848,1.691912118,34.09266667,33.92345,Julia,Feb-00,14,Intact,Afternoon
2020-08-03 10:39,14_Intact,9,-0.484059311,438.7126913,400.0031667,0.252329213,16.40100987,101.2808333,20,71.76864072,1.495238306,33.9916,33.94975,Julia,Feb-00,14,Intact,Afternoon
2020-08-03 10:50,14_Intact,9,0.13993918,370.9073368,399.9928333,0.200726179,12.88028914,101.2851667,40,72.11459356,1.512231194,33.90243333,34.0045,Julia,Feb-00,14,Intact,Afternoon
2020-08-03 11:14,14_Intact,9,1.180452605,-960.6005144,400.4433333,0.365799468,24.41885153,101.316,90,72.59610015,1.475801222,33.7012,33.82233333,Julia,Feb-00,14,Intact,Afternoon
2020-08-03 11:20,14_Intact,9,4.755194988,265.2199806,399.9983333,0.943223021,61.20766918,101.3498333,175,72.2618216,1.509990949,33.9225,34.03766667,Julia,Feb-00,14,Intact,Afternoon
2020-08-03 11:39,14_Intact,9,7.227694626,264.2121686,399.9941667,1.383022506,92.00185421,101.3558333,250,72.49462152,1.480510665,33.86251667,33.93701667,Julia,Feb-00,14,Intact,Afternoon
2020-08-03 12:13,14_Intact,9,12.45912497,278.8754642,399.9903333,2.74464818,181.8195286,101.3591667,450,72.08022054,1.509339698,34.00096667,34.05951667,Julia,Feb-00,14,Intact,Afternoon
2020-08-03 12:40,14_Intact,9,15.73433519,291.8614365,399.9308333,3.844749419,262.7778961,101.3823333,700,72.20532623,1.483493925,34.04848333,34.02968333,Julia,Feb-00,14,Intact,Afternoon
2020-08-03 13:05,14_Intact,9,16.40591978,291.3191597,400.0401667,4.04123682,272.8589794,101.3786667,900,71.30612425,1.504700692,34.044,33.93585,Julia,Feb-00,14,Intact,Afternoon
2020-08-03 13:31,14_Intact,9,18.39093865,298.9037753,399.9741667,4.884210411,334.3013932,101.3898333,1500,72.13570619,1.499475985,33.95983333,34.00688333,Julia,Feb-00,14,Intact,Afternoon
2020-08-03 14:40,15_Cut,9,-1.215632215,455.214633,400.015,0.316177156,31.47791437,101.196,0,63.76031171,1.000119626,22.86055,22.99586667,Julia,Feb-00,15,Cut,Morning
2020-08-03 14:40,15_Cut,9,0.168692367,851.9601049,400.0963333,0.298830201,29.7832428,101.2433333,20,63.46107057,1.01257045,22.8667,23.00435,Julia,Feb-00,15,Cut,Morning
2020-08-03 14:59,15_Cut,9,1.058867846,554.7542349,400.2921667,0.342916075,34.37774334,101.249,40,63.67579063,1.008889655,22.88575,23.00406667,Julia,Feb-00,15,Cut,Morning
2020-08-03 14:59,15_Cut,9,2.882569158,220.5164573,400.7888333,0.47259296,47.64444834,101.2373333,90,63.72444933,1.01085342,22.9059,22.99195,Julia,Feb-00,15,Cut,Morning
2020-08-03 15:19,15_Cut,9,6.60912104,272.8430761,400.0013333,0.869251407,88.01098691,101.184,175,64.25699629,0.992926113,22.91936667,23.0043,Julia,Feb-00,15,Cut,Morning
2020-08-03 15:21,15_Cut,9,8.659335638,262.8552808,399.9933333,1.056557,106.8336611,101.1361667,250,64.17770098,0.997112076,22.89545,22.99361667,Julia,Feb-00,15,Cut,Morning
2020-08-03 15:43,15_Cut,9,12.10912842,259.9394831,400.006,1.445437074,146.9920653,101.129,450,64.65092911,0.998130709,22.90363333,22.97906667,Julia,Feb-00,15,Cut,Morning
2020-08-03 15:43,15_Cut,9,13.52679238,255.6999644,400.0076667,1.547714928,159.386756,101.1816667,700,66.0126574,0.988070744,22.81285,22.98456667,Julia,Feb-00,15,Cut,Morning
2020-08-03 16:05,15_Cut,9,15.61405558,288.1967495,400.007,2.358632786,243.7716011,101.1076667,900,65.40962837,0.998254186,22.76753333,22.99548333,Julia,Feb-00,15,Cut,Morning
2020-08-03 16:06,15_Cut,9,16.48157206,289.7794815,400.0066667,2.428192887,261.4006009,101.1216667,1500,69.33529356,0.960875665,22.47186667,22.98786667,Julia,Feb-00,15,Cut,Morning
2020-08-03 16:25,15_Intact,9,-1.334526137,447.6548641,399.9916667,0.395106767,39.41241912,101.332,0,63.11204746,1.001346822,22.63793333,22.99345,Mikeala,Feb-00,15,Intact,Morning
2020-08-03 16:25,15_Intact,9,0.126385589,388.4930701,399.999,0.391846111,39.21745299,101.365,20,63.31927897,0.998243038,22.63023333,23.00145,Mikeala,Feb-00,15,Intact,Morning
2020-08-03 16:51,15_Intact,9,1.15891309,350.1729391,399.9901667,0.426333247,42.67986417,101.3788333,40,63.43913135,0.998811258,22.66898333,23.01338333,Mikeala,Feb-00,15,Intact,Morning
2020-08-03 16:53,15_Intact,9,3.285258767,292.1020347,399.8671667,0.516817545,51.98940959,101.3621667,90,63.82845642,0.995216728,22.72695,22.98708333,Mikeala,Feb-00,15,Intact,Morning
2020-08-03 17:15,15_Intact,9,6.111156522,259.4621674,400.0073333,0.725673466,73.09926911,101.3138333,175,63.79010664,0.997086819,22.67443333,23.0007,Mikeala,Feb-00,15,Intact,Morning
2020-08-03 17:17,15_Intact,9,8.332245578,267.4779489,400.015,1.050424331,106.5206949,101.2621667,250,63.76478378,0.995768809,22.67876667,22.99065,Mikeala,Feb-00,15,Intact,Morning
2020-08-03 17:42,15_Intact,9,10.61312842,251.5807846,399.9841667,1.183753115,120.7733146,101.2545,450,64.74590894,0.991877382,22.66288333,22.9792,Mikeala,Feb-00,15,Intact,Morning
2020-08-03 17:44,15_Intact,9,10.48383441,227.851926,399.9923333,0.983328475,101.870425,101.2991667,700,66.86953662,0.973634164,22.57206667,22.9921,Mikeala,Feb-00,15,Intact,Morning
2020-08-03 18:02,15_Intact,9,13.85168992,272.6807685,400.0128333,1.814140614,186.8889103,101.241,900,66.03555915,0.993167154,22.59228333,22.99355,Mikeala,Feb-00,15,Intact,Morning
2020-08-03 18:02,15_Intact,9,15.70056514,296.391763,399.9823333,2.497324066,266.2865392,101.2458333,1500,68.56032745,0.972298473,22.35936667,22.99021667,Mikeala,Feb-00,15,Intact,Morning
2020-08-05 8:54,17_Cut,6,-2.189107818,776.3248397,399.9938807,0.11255881,9.056289657,100.7248006,0,73.89816495,1.200341507,33.4794491,32.94138998,Julia,6800-01A,17,Cut,Afternoon
2020-08-05 8:54,17_Cut,6,-0.535306921,458.1781861,399.9926125,0.087188639,7.001359954,100.7040424,25,73.9701358,1.202373076,33.51475909,32.98867317,Julia,6800-01A,17,Cut,Afternoon
2020-08-05 9:24,17_Cut,6,-0.154307858,410.459509,400.00228,0.169147537,13.50134124,100.7007957,40,74.16548418,1.210284727,33.45277958,33.00522549,Julia,6800-01A,17,Cut,Afternoon
2020-08-05 9:24,17_Cut,6,1.080691344,311.327472,399.9959402,0.262760714,21.31865142,100.7259286,90,73.91960396,1.193122301,33.55066926,32.9739835,Julia,6800-01A,17,Cut,Afternoon
2020-08-05 9:54,17_Cut,6,3.802466815,284.4016892,400.0103888,0.691947008,56.443095,100.7104685,175,74.28570996,1.193962279,33.43696874,32.95762215,Julia,6800-01A,17,Cut,Afternoon
2020-08-05 9:55,17_Cut,6,6.016565937,280.6585893,400.0058477,1.060660786,86.71711425,100.7489248,250,74.28554036,1.198517502,33.40287168,32.94775848,Julia,6800-01A,17,Cut,Afternoon
2020-08-05 10:24,17_Cut,6,12.87505015,293.8932576,400.0012367,2.557654306,214.7779789,100.7605107,500,73.86474744,1.194542631,33.56824414,32.98224566,Julia,6800-01A,17,Cut,Afternoon
2020-08-05 10:25,17_Cut,6,15.88780752,289.3878843,399.9995191,3.084336278,255.2886068,100.7775693,750,73.39626923,1.22087225,33.65768791,33.05654749,Julia,6800-01A,17,Cut,Afternoon
2020-08-05 11:10,17_Cut,6,16.6471468,295.3959251,399.9959563,3.313670819,284.8383895,100.8181397,1000,74.51478908,1.182534382,33.35972024,32.90024462,Julia,6800-01A,17,Cut,Afternoon
2020-08-05 11:11,17_Cut,6,17.39375466,296.5252071,400.0070263,3.511789265,301.9232551,100.8136589,1500,74.62010703,1.185861925,33.38097935,32.94742287,Julia,6800-01A,17,Cut,Afternoon
2020-08-05 11:34,17_Intact,6,-1.612720953,559.1445663,400.0108757,0.198006246,15.88970989,100.874401,0,74.33497022,1.205839027,33.37167221,32.95890177,Mikeala,6800-01A,17,Intact,Afternoon
2020-08-05 11:36,17_Intact,6,-0.041670793,395.265635,400.0057273,0.249930571,20.19039269,100.847818,25,74.45997375,1.20028634,33.41325148,32.99369951,Mikeala,6800-01A,17,Intact,Afternoon
2020-08-05 12:03,17_Intact,6,0.685188269,367.8120557,399.9836802,0.548268071,44.87065626,100.8356537,40,74.91906244,1.188856502,33.34923616,32.98817709,Mikeala,6800-01A,17,Intact,Afternoon
2020-08-05 12:06,17_Intact,6,2.86430499,317.3297961,400.0033216,0.746334647,61.422478,100.8577458,90,74.39462908,1.186378808,33.45482309,32.96434402,Mikeala,6800-01A,17,Intact,Afternoon
2020-08-05 12:24,17_Intact,6,6.545780927,316.201204,399.9971017,1.692004977,139.7921628,100.8627935,175,74.3513316,1.19920894,33.36909523,32.93654953,Mikeala,6800-01A,17,Intact,Afternoon
2020-08-05 12:26,17_Intact,6,9.661957093,317.5075036,399.9948951,2.511307012,211.888045,100.9002618,250,74.46217101,1.190040716,33.38354727,32.93533224,Mikeala,6800-01A,17,Intact,Afternoon
2020-08-05 12:49,17_Intact,6,18.05425985,303.2189371,399.9946961,3.945948521,339.0490781,100.9227578,500,73.80345346,1.195449759,33.60165895,32.99954751,Mikeala,6800-01A,17,Intact,Afternoon
2020-08-05 12:51,17_Intact,6,23.61518638,295.3806202,399.9967913,4.801943336,412.327103,100.9368952,750,73.41467441,1.211607182,33.71792346,33.07294266,Mikeala,6800-01A,17,Intact,Afternoon
2020-08-05 13:17,17_Intact,6,26.08476017,292.0433673,400.0175115,5.008321379,441.4340625,100.9733234,1000,74.72188711,1.186984076,33.35679424,32.95150072,Mikeala,6800-01A,17,Intact,Afternoon
2020-08-05 13:19,17_Intact,6,27.42380462,290.5564948,399.9911682,5.273354777,459.0887671,100.986452,1500,73.51443698,1.205727559,33.53888861,32.93505897,Mikeala,6800-01A,17,Intact,Afternoon
2020-08-05 14:23,19_Cut,9,-0.936265173,453.1096057,400.0326667,0.31148588,24.59716653,100.9028333,0,59.98811219,1.253393398,24.94186667,25.03231667,Julia,Feb-00,19,Cut,Afternoon
2020-08-05 14:23,19_Cut,9,0.272957532,377.73801,399.9955,0.384305783,30.5456509,100.9006667,20,60.04823082,1.245788374,24.86605,25.0358,Julia,Feb-00,19,Cut,Afternoon
2020-08-05 14:42,19_Cut,9,0.895400573,301.0992817,400.2971667,0.358219415,28.4162086,100.9103333,40,59.53208751,1.265777901,24.85536667,24.97628333,Julia,Feb-00,19,Cut,Afternoon
2020-08-05 14:42,19_Cut,9,3.037691716,308.5337692,400.0203333,0.733171865,58.2217876,100.9251667,90,59.63110096,1.253498713,24.8533,24.99803333,Julia,Feb-00,19,Cut,Afternoon
2020-08-05 15:06,19_Cut,9,5.884597021,293.6025708,399.9968333,1.212375517,96.23176706,100.9598333,175,58.99586319,1.263189685,24.8224,25.01485,Julia,Feb-00,19,Cut,Afternoon
2020-08-05 15:06,19_Cut,9,7.55324215,295.7589879,400.0163333,1.574622508,126.7796925,100.9791667,250,59.27246963,1.252055319,24.84601667,25.01836667,Julia,Feb-00,19,Cut,Afternoon
2020-08-05 15:27,19_Cut,9,10.19290894,313.0350576,400.0403333,2.605887997,211.1157061,100.9965,450,58.4714254,1.263066281,24.84766667,25.02301667,Julia,Feb-00,19,Cut,Afternoon
2020-08-05 15:28,19_Cut,9,11.30734697,321.8837298,399.9746667,3.249278579,266.0624766,101.001,700,58.98498481,1.261176269,24.8818,24.92845,Julia,Feb-00,19,Cut,Afternoon
2020-08-05 15:51,19_Cut,9,11.74737522,319.908644,399.9821667,3.298531963,269.0467172,100.9963333,900,59.78469,1.266262591,24.87506667,24.97976667,Julia,Feb-00,19,Cut,Afternoon
2020-08-05 15:53,19_Cut,9,11.68928066,316.0148374,399.9798333,2.97147285,252.3625708,101.0138333,1500,64.03280076,1.212372664,24.372,24.92325,Julia,Feb-00,19,Cut,Afternoon
2020-08-05 16:11,19_Intact,9,-0.893325086,428.948641,399.9918333,0.483568949,38.51311243,101.0488333,0,60.09959048,1.246693446,25.00605,24.99066667,Mikeala,Feb-00,19,Intact,Afternoon
2020-08-05 16:14,19_Intact,9,0.29740715,449.8670331,400.1206667,0.482074138,38.45472161,101.0538333,20,59.46278238,1.26766356,24.96973333,25.02418333,Mikeala,Feb-00,19,Intact,Afternoon
2020-08-05 16:43,19_Intact,9,1.295846414,357.2095647,400.0186667,0.752327972,59.62975426,101.0635,40,59.62458494,1.257668061,25.02805,25.00496667,Mikeala,Feb-00,19,Intact,Afternoon
2020-08-05 16:46,19_Intact,9,3.52755026,334.192436,399.993,1.231164177,98.21305062,101.0771667,90,58.92835354,1.258662449,24.93063333,24.98996667,Mikeala,Feb-00,19,Intact,Afternoon
2020-08-05 17:07,19_Intact,9,6.49597501,321.7670858,399.95,1.852324846,150.0017191,101.1213333,175,58.66437795,1.25196318,24.92255,25.0006,Mikeala,Feb-00,19,Intact,Afternoon
2020-08-05 17:10,19_Intact,9,7.915008959,317.5860823,399.7441667,2.170245216,175.2540927,101.1415,250,58.3788284,1.261208084,24.954,25.02776667,Mikeala,Feb-00,19,Intact,Afternoon
2020-08-05 17:31,19_Intact,9,9.902759642,326.61407,400.0078333,3.040901155,249.0581253,101.1528333,450,58.13401036,1.259435636,24.9199,25.0059,Mikeala,Feb-00,19,Intact,Afternoon
2020-08-05 17:34,19_Intact,9,10.80336444,324.2160718,399.9121667,3.149537769,262.5981608,101.1565,700,60.14062286,1.23978575,25.02413333,24.99911667,Mikeala,Feb-00,19,Intact,Afternoon
2020-08-05 17:52,19_Intact,9,10.9529426,323.0588837,399.9995,3.188568477,261.7647494,101.1473333,900,60.54865752,1.258029487,25.01956667,24.98016667,Mikeala,Feb-00,19,Intact,Afternoon
2020-08-05 17:54,19_Intact,9,11.24922388,323.0012997,399.9966667,3.167360635,268.048023,101.174,1500,63.88368173,1.221525273,24.56545,24.93825,Mikeala,Feb-00,19,Intact,Afternoon
2020-08-06 9:18,21_Cut,6,-1.595269131,534.1751828,400.0154962,0.230695276,18.68521923,100.8372141,0,72.33327246,1.203581202,31.26816206,31.02194965,Julia,6800-01A,21,Cut,Morning
2020-08-06 9:18,21_Cut,6,-0.096675564,395.58785,399.996258,0.550695378,44.62703297,100.861926,25,71.84149891,1.207740259,31.34679651,31.00794768,Julia,6800-01A,21,Cut,Morning
2020-08-06 9:34,21_Cut,6,0.587920828,375.849553,399.9950731,0.69857229,57.75297914,100.8726058,40,72.17337224,1.187411343,31.34931877,30.9901315,Julia,6800-01A,21,Cut,Morning
2020-08-06 9:35,21_Cut,6,2.33375559,336.2291396,400.1576822,0.823704073,66.81627599,100.8826164,90,71.34480865,1.214519761,31.46934754,31.03464379,Julia,6800-01A,21,Cut,Morning
2020-08-06 10:01,21_Cut,6,5.340226112,306.3756942,400.0100815,1.203263306,100.1805114,100.881991,175,72.28295933,1.188020412,31.30320947,30.97821479,Julia,6800-01A,21,Cut,Morning
2020-08-06 10:01,21_Cut,6,6.969972695,287.9338038,400.1213191,1.317700563,107.8722501,100.889247,250,71.47495681,1.2102985,31.43249754,31.01477183,Julia,6800-01A,21,Cut,Morning
2020-08-06 10:25,21_Cut,6,11.24617316,281.5895952,400.5688133,1.992835118,165.9798246,100.9097239,500,71.02488859,1.206892191,31.6007361,31.04316951,Julia,6800-01A,21,Cut,Morning
2020-08-06 10:25,21_Cut,6,13.37317725,277.5915021,399.9011634,2.25116149,190.6521283,100.9223486,750,70.20623427,1.189291849,31.15577852,30.50179691,Julia,6800-01A,21,Cut,Morning
2020-08-06 10:55,21_Cut,6,12.41545714,279.96144,400.8778613,2.154038724,180.4481951,100.9209918,1000,69.7054627,1.208400132,31.12933291,30.46785689,Julia,6800-01A,21,Cut,Morning
2020-08-06 10:56,21_Cut,6,15.46859996,303.2914376,399.9525262,3.372692082,288.5089762,100.8918336,1500,69.26001862,1.198070747,31.32719682,30.4882678,Julia,6800-01A,21,Cut,Morning
2020-08-06 11:21,21_Intact,6,-1.647948147,505.9144037,400.0044,0.287070805,23.2082476,101.0088253,0,73.15692456,1.207615234,31.03833884,31.01490972,Mikeala,6800-01A,21,Intact,Morning
2020-08-06 11:22,21_Intact,6,-0.071122406,395.1167284,400.0006038,0.462181616,37.18706834,101.0246354,25,72.10291647,1.216732312,31.23493516,31.00783937,Mikeala,6800-01A,21,Intact,Morning
2020-08-06 11:41,21_Intact,6,0.637742266,370.6527705,400.0008513,0.591148203,47.9883385,101.0337648,40,72.47475051,1.208285844,31.24652458,31.04952648,Mikeala,6800-01A,21,Intact,Morning
2020-08-06 11:43,21_Intact,6,2.607588591,323.6019666,399.9966255,0.748540298,61.08736928,101.0338847,90,72.17717967,1.205188976,31.30621738,31.02829354,Mikeala,6800-01A,21,Intact,Morning
2020-08-06 12:04,21_Intact,6,5.384919235,297.7604302,399.9909981,1.106772305,91.80201442,101.0448878,175,73.32946069,1.192832422,31.01562883,30.97106276,Mikeala,6800-01A,21,Intact,Morning
2020-08-06 12:05,21_Intact,6,7.334558636,280.0789958,400.0016383,1.284816111,105.4486007,101.0489312,250,72.81293198,1.208325973,31.09949399,31.00191959,Mikeala,6800-01A,21,Intact,Morning
2020-08-06 12:33,21_Intact,6,10.8677308,258.769569,399.9184469,1.582623204,131.8787906,101.0918755,500,72.84071762,1.196390375,31.15083986,30.99804484,Mikeala,6800-01A,21,Intact,Morning
2020-08-06 12:34,21_Intact,6,13.68793992,278.2416956,399.9873397,2.31730773,196.250106,101.0871123,750,72.06112652,1.192518288,30.65123131,30.4801478,Mikeala,6800-01A,21,Intact,Morning
2020-08-06 13:00,21_Intact,6,14.1289367,283.3592984,400.2347561,2.507270224,212.6864612,101.0751294,1000,70.63051875,1.195564821,31.01387139,30.50050932,Mikeala,6800-01A,21,Intact,Morning
2020-08-06 13:01,21_Intact,6,16.43126249,310.0335181,399.979248,3.893987136,333.9009727,101.054944,1500,69.23322133,1.206786288,31.27292074,30.47899321,Mikeala,6800-01A,21,Intact,Morning
2020-08-06 14:09,37_Cut,6,-1.894222016,484.0070741,400.0141667,0.404065661,32.98851137,101.3991667,0,68.96692348,1.209302413,29.26128333,29.0147,Julia,6800-01A,37,Cut,Morning
2020-08-06 14:10,37_Cut,6,-0.247945689,403.9254363,399.9878333,0.406947266,33.23280493,101.3948333,25,68.6654669,1.209347206,29.33116667,29.01076667,Julia,6800-01A,37,Cut,Morning
2020-08-06 14:35,37_Cut,6,0.329864559,378.4590402,400.0688333,0.433599746,35.93958052,101.4008333,40,68.80239186,1.204816501,29.227,28.94251667,Julia,6800-01A,37,Cut,Morning
2020-08-06 14:35,37_Cut,6,1.918624477,324.4591172,399.9788333,0.557743993,45.72449747,101.406,90,68.73541097,1.206503644,29.39026667,29.05215,Julia,6800-01A,37,Cut,Morning
2020-08-06 14:55,37_Cut,6,3.956822086,295.024938,399.9978333,0.795586688,65.34840861,101.4148333,175,68.40251547,1.209091555,29.39881667,29.01048333,Julia,6800-01A,37,Cut,Morning
2020-08-06 14:55,37_Cut,6,4.975738519,268.8886495,399.9806667,0.796453339,65.80691357,101.4143333,250,68.4263888,1.20424909,29.40991667,29.00156667,Julia,6800-01A,37,Cut,Morning
2020-08-06 15:25,37_Cut,6,5.926140726,294.3018138,400.9298333,0.992668228,81.73623517,101.3773333,450,67.72613368,1.229652995,29.44483333,29.01128333,Julia,6800-01A,37,Cut,Morning
2020-08-06 15:25,37_Cut,6,8.398362531,285.2982712,400.0081667,1.502737706,127.2803465,101.3503333,700,68.43342831,1.185326509,29.51368333,28.99425,Julia,6800-01A,37,Cut,Morning
2020-08-06 15:55,37_Cut,6,9.255686313,291.7236673,399.705,1.801719195,150.6963785,101.347,900,66.82825331,1.206273131,29.80553333,28.99983333,Julia,6800-01A,37,Cut,Morning
2020-08-06 15:56,37_Cut,6,9.367514,300.2113241,399.9325,1.951864641,165.5484379,101.3253333,1500,67.5617734,1.191363746,29.72563333,29.01275,Julia,6800-01A,37,Cut,Morning
2020-08-06 16:28,37_Intact,6,-1.754499806,494.4566707,400.0091667,0.334919382,27.4182646,101.5518333,0,70.13175672,1.205805004,29.00868333,29.02566667,Mikeala,6800-01A,37,Intact,Morning
2020-08-06 16:28,37_Intact,6,-0.235588821,402.2489094,399.9955,0.457307067,37.27560142,101.5528333,25,69.69055616,1.213654847,29.02608333,28.99531667,Mikeala,6800-01A,37,Intact,Morning
2020-08-06 17:06,37_Intact,6,0.380783731,379.7907362,399.9828333,0.59438915,48.94785277,101.5661667,40,69.92633863,1.204511031,28.98571667,28.96853333,Mikeala,6800-01A,37,Intact,Morning
2020-08-06 17:07,37_Intact,6,2.141174238,326.7567721,400.0131667,0.632476215,52.2241398,101.5633333,90,69.83962785,1.201352777,29.12183333,29.03533333,Mikeala,6800-01A,37,Intact,Morning
2020-08-06 17:40,37_Intact,6,4.171165175,280.4402363,400.0366667,0.728489992,59.86492025,101.5673333,175,69.16849828,1.209114866,29.27703333,29.06028333,Mikeala,6800-01A,37,Intact,Morning
2020-08-06 17:40,37_Intact,6,4.52301743,264.6614315,399.9841667,0.695071144,56.93280287,101.5676667,250,69.23391763,1.212677823,29.12856667,28.98321667,Mikeala,6800-01A,37,Intact,Morning
2020-08-06 17:59,37_Intact,6,4.577615223,257.2685753,400.0158333,0.653240799,54.26038298,101.5365,450,69.72304731,1.194535162,29.12948333,28.99115,Mikeala,6800-01A,37,Intact,Morning
2020-08-06 17:59,37_Intact,6,4.83544012,265.2825182,399.991,0.72952252,60.98476044,101.5096667,700,69.14886924,1.188403637,29.19988333,28.9137,Mikeala,6800-01A,37,Intact,Morning
2020-08-06 18:28,37_Intact,6,6.538430217,260.5325124,400.0088333,0.970264115,79.82697756,101.5046667,900,68.61105505,1.211430385,29.3868,29.0489,Mikeala,6800-01A,37,Intact,Morning
2020-08-06 18:28,37_Intact,6,10.04980379,277.3912272,400.0118333,1.707995414,141.9561806,101.4855,1500,68.05854898,1.212561712,29.49225,29.02958333,Mikeala,6800-01A,37,Intact,Morning
2020-08-10 8:36,39_Cut,6,-1.583362264,588.7369363,400.0071667,0.240546706,19.72750049,101.3936667,0,72.5543367,1.201488492,31.21986667,31.01775,Julia,6800-01A,39,Cut,Morning
2020-08-10 8:37,39_Cut,6,-0.004473436,392.3909388,400.0061667,0.479514685,39.23315521,101.3876667,25,72.14626578,1.204234487,31.2779,30.99831667,Julia,6800-01A,39,Cut,Morning
2020-08-10 8:57,39_Cut,6,0.587961897,370.862177,400.0011667,0.560596201,45.66515589,101.3761667,40,71.95937005,1.211992211,31.26565,30.98626667,Julia,6800-01A,39,Cut,Morning
2020-08-10 8:57,39_Cut,6,2.586149563,337.043494,400.0073333,0.906664468,75.46899288,101.3735,90,72.34525273,1.193794604,31.19331667,30.93116667,Julia,6800-01A,39,Cut,Morning
2020-08-10 9:21,39_Cut,6,5.073911688,291.6816615,400.0171667,0.977670555,81.317288,101.3771667,175,72.03636047,1.196233053,31.38771667,31.02805,Julia,6800-01A,39,Cut,Morning
2020-08-10 9:21,39_Cut,6,6.738454519,277.8704559,400.0181667,1.149126394,95.26288371,101.3921667,250,71.97710386,1.204359251,31.34605,31.0185,Julia,6800-01A,39,Cut,Morning
2020-08-10 9:41,39_Cut,6,8.567470141,268.6645299,399.9926667,1.334462816,112.6219042,101.3913333,450,72.2126851,1.187975789,31.28535,30.9524,Julia,6800-01A,39,Cut,Morning
2020-08-10 9:41,39_Cut,6,9.663369989,271.1762316,399.9223333,1.559583554,130.1236035,101.3865,700,71.80722211,1.206879792,31.3501,31.00088333,Julia,6800-01A,39,Cut,Morning
2020-08-10 10:12,39_Cut,6,9.799669022,271.3483907,399.9911667,1.577767685,132.1794963,101.3591667,900,71.46374045,1.202179273,31.4761,31.01293333,Julia,6800-01A,39,Cut,Morning
2020-08-10 10:12,39_Cut,6,10.9834426,278.4599743,399.9698333,1.709696168,157.2762368,101.2983333,1500,73.4074186,1.09982969,31.52783333,31.00431667,Julia,6800-01A,39,Cut,Morning
2020-08-10 10:37,39_Intact,6,-1.777697505,488.9636695,400.0338333,0.361886487,29.50890092,101.5555,0,73.02325389,1.205693303,31.0905,31.02213333,Mikaela,6800-01A,39,Intact,Morning
2020-08-10 10:38,39_Intact,6,-0.202827563,399.3558203,399.9916667,0.554176728,45.00109144,101.556,25,72.73299132,1.213541446,31.11663333,31.02061667,Mikaela,6800-01A,39,Intact,Morning
2020-08-10 11:00,39_Intact,6,0.541827224,375.3278527,399.9476667,0.637468221,51.95125165,101.5453333,40,72.71434393,1.211216618,31.1039,30.99896667,Mikaela,6800-01A,39,Intact,Morning
2020-08-10 11:01,39_Intact,6,2.388733671,341.2027679,399.998,0.908488939,75.43243322,101.5481667,90,73.06845437,1.19389511,31.01271667,30.92705,Mikaela,6800-01A,39,Intact,Morning
2020-08-10 11:33,39_Intact,6,4.82750713,296.9465228,399.9763333,0.987855458,81.41198211,101.5523333,175,72.66020788,1.203975525,31.1738,31.01241667,Mikaela,6800-01A,39,Intact,Morning
2020-08-10 11:34,39_Intact,6,6.393012202,291.9081617,400.063,1.238627128,102.6025712,101.5555,250,72.60517802,1.202773591,31.17915,31.00193333,Mikaela,6800-01A,39,Intact,Morning
2020-08-10 12:01,39_Intact,6,8.854264195,276.8928535,399.67,1.503740903,125.0252655,101.5383333,450,72.49565189,1.202854003,31.22096667,31.01345,Mikaela,6800-01A,39,Intact,Morning
2020-08-10 12:02,39_Intact,6,8.712102908,274.4097666,399.9955,1.416213504,119.3875992,101.5396667,700,72.89199353,1.185416255,31.12978333,30.9489,Mikaela,6800-01A,39,Intact,Morning
2020-08-10 12:36,39_Intact,6,10.33872486,290.037999,399.6908333,1.952419125,165.0052107,101.519,900,72.17377327,1.19245112,31.32856667,30.99453333,Mikaela,6800-01A,39,Intact,Morning
2020-08-10 12:37,39_Intact,6,9.847771339,296.9329965,400.0065,2.019261177,168.2315337,101.4605,1500,70.99331541,1.209092505,31.5601,31.01635,Mikaela,6800-01A,39,Intact,Morning
2020-08-10 13:47,41_Cut,6,-2.259528734,1028.078485,399.9991667,0.096153727,7.792851613,101.4333333,0,73.03799713,1.198391805,32.39448333,31.96128333,Julia,6800-01A,41,Cut,Afternoon
2020-08-10 13:48,41_Cut,6,-0.756777228,547.91472,399.9873333,0.099773414,8.030863875,101.4346667,25,74.21770552,1.208023218,33.48281667,33.02956667,Julia,6800-01A,41,Cut,Afternoon
2020-08-10 14:07,41_Cut,6,-0.029134771,395.0080841,399.9998333,0.064502545,5.172577342,101.4256667,45,74.01531734,1.209572006,33.5638,33.05943333,Julia,6800-01A,41,Cut,Afternoon
2020-08-10 14:07,41_Cut,6,0.877300545,262.7227239,399.9993333,0.147795569,11.87192932,101.4033333,90,74.18027007,1.212356657,33.44888333,33.01225,Julia,6800-01A,41,Cut,Afternoon
2020-08-10 14:31,41_Cut,6,3.036587006,246.307401,400.0121667,0.423922235,34.13734895,101.4053333,175,74.16079399,1.214119845,33.4146,32.98893333,Julia,6800-01A,41,Cut,Afternoon
2020-08-10 14:31,41_Cut,6,4.725566707,227.6573262,400.014,0.578459332,47.11670297,101.3983333,250,74.42139345,1.20217947,33.40326667,32.98573333,Julia,6800-01A,41,Cut,Afternoon
2020-08-10 15:05,41_Cut,6,8.861735554,227.4742857,400.0186667,1.043493052,86.80999063,101.4248333,450,74.63509643,1.18662998,33.41843333,32.98136667,Julia,6800-01A,41,Cut,Afternoon
2020-08-10 15:05,41_Cut,6,12.36714276,238.4138574,400.0038333,1.591757534,130.4355393,101.4186667,700,74.10470327,1.214063092,33.49098333,33.03633333,Julia,6800-01A,41,Cut,Afternoon
2020-08-10 15:34,41_Cut,6,15.02780369,251.7347647,400.0031667,2.100389238,174.9203152,101.4125,900,74.57146276,1.204742496,33.39033333,33.01223333,Julia,6800-01A,41,Cut,Afternoon
2020-08-10 15:35,41_Cut,6,15.77879698,267.2716355,399.9861667,2.472815239,207.1708373,101.413,1500,75.52082996,1.204052097,33.1485,32.99746667,Julia,6800-01A,41,Cut,Afternoon
2020-08-10 15:53,41_Intact,6,-1.949598877,614.7220724,400.0643333,0.170729644,13.92336007,101.5715,0,73.24031606,1.198480039,32.42846667,32.02363333,Mikeala,6800-01A,41,Intact,Afternoon
2020-08-10 15:55,41_Intact,6,-0.452377854,373.9689163,400.02,0.148176479,5.304571357,101.5716667,25,70.82028605,1.395837599,33.4226,33.02763333,Mikeala,6800-01A,41,Intact,Afternoon
2020-08-10 16:31,41_Intact,6,0.10269394,424.5101145,400.0165,0.231206635,19.12668968,101.5598333,45,74.40621276,1.191180476,33.56585,33.06796667,Mikeala,6800-01A,41,Intact,Afternoon
2020-08-10 16:31,41_Intact,6,1.114435204,314.830182,400.0033333,0.284170965,22.98977397,101.5285,90,74.23210778,1.205871973,33.43756667,32.99021667,Mikeala,6800-01A,41,Intact,Afternoon
2020-08-10 17:02,41_Intact,6,3.000334556,259.4614328,399.998,0.489317188,39.88826002,101.5351667,175,74.3549749,1.201428504,33.4199,32.98356667,Mikeala,6800-01A,41,Intact,Afternoon
2020-08-10 17:04,41_Intact,6,4.418235624,271.7449349,399.9896667,0.730314841,59.12384425,101.5376667,250,74.09446242,1.214601362,33.48466667,33.03155,Mikeala,6800-01A,41,Intact,Afternoon
2020-08-10 17:24,41_Intact,6,6.456038013,269.4451377,400.01,1.02026419,84.86373908,101.5598333,450,74.5611505,1.188051551,33.47098333,33.01288333,Mikeala,6800-01A,41,Intact,Afternoon
2020-08-10 17:25,41_Intact,6,7.653969441,282.2560012,400.0005,1.358176061,112.3075833,101.5651667,700,74.22101616,1.200298564,33.5366,33.0438,Mikeala,6800-01A,41,Intact,Afternoon
2020-08-10 17:56,41_Intact,6,8.006559604,283.9557352,400.0003333,1.46012619,119.751338,101.577,900,73.9883599,1.211873146,33.50478333,33.01783333,Mikeala,6800-01A,41,Intact,Afternoon
2020-08-10 17:57,41_Intact,6,7.888794107,297.8637498,399.9793333,1.627176379,135.5799553,101.5743333,1500,74.21722997,1.196828675,33.43013333,32.95,Mikeala,6800-01A,41,Intact,Afternoon
2020-08-12 8:18,44_Cut,9,-1.531206963,423.0373953,400.0055,0.963787894,79.78337236,101.4731667,0,70.02811181,1.201130915,29.73661667,29.955,Julia,Feb-00,44,Cut,Morning
2020-08-12 8:19,44_Cut,9,-0.266500707,397.732373,399.9993333,0.945383434,78.14183003,101.486,20,70.32545497,1.203206781,29.86983333,30.0035,Julia,Feb-00,44,Cut,Morning
2020-08-12 8:37,44_Cut,9,0.655023632,380.3276054,399.9998333,1.089739424,89.05047101,101.4968333,40,69.80158304,1.218765322,29.83596667,30.019,Julia,Feb-00,44,Cut,Morning
2020-08-12 8:38,44_Cut,9,2.623023204,351.8177532,399.9918333,1.286444069,104.8269689,101.4905,90,69.94409597,1.224957011,30.0235,30.0478,Julia,Feb-00,44,Cut,Morning
2020-08-12 9:07,44_Cut,9,5.017499607,324.9860464,399.988,1.459078828,120.5303766,101.478,175,70.42628235,1.211405068,30.01151667,29.9808,Julia,Feb-00,44,Cut,Morning
2020-08-12 9:07,44_Cut,9,6.178937707,316.1011308,399.9858333,1.563757097,131.135906,101.4613333,250,70.97385014,1.195260438,29.97421667,29.99066667,Julia,Feb-00,44,Cut,Morning
2020-08-12 9:40,44_Cut,9,8.264525667,313.6626507,400.0251667,2.031095963,170.8731779,101.4393333,450,71.0787717,1.199361737,29.88298333,29.97575,Julia,Feb-00,44,Cut,Morning
2020-08-12 9:41,44_Cut,9,8.855540191,312.707593,399.967,2.086856377,181.098463,101.4275,700,73.23195356,1.16358159,29.96115,30.04296667,Julia,Feb-00,44,Cut,Morning
2020-08-12 10:14,44_Cut,9,8.73262826,306.3882397,399.9913333,1.897330941,164.7729478,101.4443333,900,74.2840569,1.159666051,29.74935,29.96625,Julia,Feb-00,44,Cut,Morning
2020-08-12 10:15,44_Cut,9,8.568248522,299.371063,400.004,1.828752343,149.7630791,101.4441667,1500,75.72771568,1.225763668,29.623,29.96953333,Julia,Feb-00,44,Cut,Morning
2020-08-12 10:37,44_Intact,9,-1.512935177,433.1280563,400.013,0.718714377,59.32467474,101.6091667,0,70.76700035,1.201393,29.9811,29.99513333,Mikeala,Feb-00,44,Intact,Morning
2020-08-12 10:38,44_Intact,9,-0.277526153,399.8348299,400.0151667,0.709624754,57.49367537,101.6345,20,70.53065233,1.223396592,30.08265,30.00541667,Mikeala,Feb-00,44,Intact,Morning
2020-08-12 11:00,44_Intact,9,0.67055591,377.2557201,400.0008333,0.86032453,71.5547902,101.6543333,40,70.95620759,1.195050349,30.00396667,29.98313333,Mikeala,Feb-00,44,Intact,Morning
2020-08-12 11:01,44_Intact,9,2.7095868,342.0251717,400.0083333,1.051873146,86.6680702,101.6388333,90,70.88316157,1.208742534,30.16605,30.02411667,Mikeala,Feb-00,44,Intact,Morning
2020-08-12 11:29,44_Intact,9,5.000890721,300.823746,400.002,1.060429066,87.82701283,101.6311667,175,71.4353661,1.202391254,30.16116667,29.98473333,Mikeala,Feb-00,44,Intact,Morning
2020-08-12 11:29,44_Intact,9,6.332791847,289.9156727,399.982,1.213736239,99.63416236,101.606,250,71.26528223,1.21537717,30.14288333,30.00955,Mikeala,Feb-00,44,Intact,Morning
2020-08-12 11:57,44_Intact,9,8.6565224,291.7781433,400.012,1.651925446,139.3008479,101.577,450,72.10827492,1.190821283,30.06713333,29.98993333,Mikeala,Feb-00,44,Intact,Morning
2020-08-12 11:58,44_Intact,9,10.06215469,298.9347029,399.9661667,2.044691068,175.271153,101.5638333,700,73.14177141,1.178105257,30.08306667,30.04405,Mikeala,Feb-00,44,Intact,Morning
2020-08-12 12:25,44_Intact,9,9.423239005,294.6264676,399.9793333,1.754325561,159.9513246,101.5696667,900,76.00026945,1.102088483,29.8476,29.98481667,Mikeala,Feb-00,44,Intact,Morning
2020-08-12 12:26,44_Intact,9,9.261535239,270.3508995,399.9941667,1.630942134,123.3246734,101.5841667,1500,73.7467605,1.323619466,29.66833333,29.97566667,Mikeala,Feb-00,44,Intact,Morning
2020-08-12 14:22,46_Cut,9,-1.957439238,443.9998055,399.9776667,0.198704923,14.73065577,101.459,0,72.81973945,1.357105002,32.96751667,32.9475,Julia,Feb-00,46,Cut,Afternoon
2020-08-12 14:22,46_Cut,9,0.089983473,385.2400865,400.0196667,0.383917031,26.46059633,101.4506667,40,71.79221855,1.417838488,33.11743333,32.9971,Julia,Feb-00,46,Cut,Afternoon
2020-08-12 14:52,46_Cut,9,1.277484682,337.2847094,400.003,0.549113762,38.06383109,101.4458333,90,71.76220495,1.411878996,33.01103333,32.97716667,Julia,Feb-00,46,Cut,Afternoon
2020-08-12 14:54,46_Cut,9,3.195169472,288.8669581,400.007,0.732541792,50.30367836,101.4441667,175,71.72866445,1.427474097,33.07878333,32.95176667,Julia,Feb-00,46,Cut,Afternoon
2020-08-12 15:13,46_Cut,9,4.633369788,296.5151441,400.0195,1.118903888,78.57692998,101.4288333,250,71.90937928,1.403353069,32.99283333,32.9818,Julia,Feb-00,46,Cut,Afternoon
2020-08-12 15:15,46_Cut,9,6.505956066,301.4372551,399.9923333,1.633515223,116.9710598,101.4388333,450,72.38884318,1.3857339,32.89655,32.99656667,Julia,Feb-00,46,Cut,Afternoon
2020-08-12 15:44,46_Cut,9,7.614396216,309.6980907,399.9885,2.087563328,151.4800911,101.4093333,700,73.05078295,1.375183236,32.79295,32.97578333,Julia,Feb-00,46,Cut,Afternoon
2020-08-12 15:46,46_Cut,9,7.260675477,304.1101598,399.961,1.835607757,134.7156611,101.4221667,900,74.55394417,1.355476508,32.63676667,32.95048333,Julia,Feb-00,46,Cut,Afternoon
2020-08-12 16:07,46_Cut,9,7.420227987,302.8056661,400.0435,2.026431043,136.952654,101.4225,1500,73.66992367,1.475578654,31.9021,32.84096667,Julia,Feb-00,46,Cut,Afternoon
2020-08-12 16:09,46_Intact,9,-1.518075097,525.1862428,399.9915,0.258565468,18.28379003,101.5836667,0,72.34115342,1.381148107,33.02131667,32.95736667,Mikeala,Feb-00,46,Intact,Afternoon
2020-08-12 16:32,46_Intact,9,-0.191024445,411.9042547,399.9806667,0.215625147,14.04392334,101.5685,20,70.3439804,1.498963869,33.12663333,32.97158333,Mikeala,Feb-00,46,Intact,Afternoon
2020-08-12 16:34,46_Intact,9,0.39574864,442.7995072,400.2535,0.219622276,13.93288375,101.575,40,69.49979917,1.555429576,33.22746667,32.99908333,Mikeala,Feb-00,46,Intact,Afternoon
2020-08-12 17:02,46_Intact,9,2.245560647,309.1168207,399.9943333,0.646506253,45.6399887,101.5805,90,72.26825405,1.390955619,33.1568,32.96885,Mikeala,Feb-00,46,Intact,Afternoon
2020-08-12 17:04,46_Intact,9,5.201371844,301.556204,400.0135,1.358779651,94.15793477,101.569,175,71.11412335,1.429723075,33.25681667,32.93793333,Mikeala,Feb-00,46,Intact,Afternoon
2020-08-12 17:32,46_Intact,9,7.345860031,303.2251607,400.0058333,1.942141858,135.4645224,101.5613333,250,70.77362732,1.428640513,33.29768333,32.96961667,Mikeala,Feb-00,46,Intact,Afternoon
2020-08-12 17:34,46_Intact,9,10.46697395,300.7341657,400.0181667,2.649224677,188.9008362,101.5811667,450,71.07585251,1.410701198,33.25706667,32.99866667,Mikeala,Feb-00,46,Intact,Afternoon
2020-08-12 18:05,46_Intact,9,12.20924636,304.6635749,399.9858333,3.223806665,231.8893605,101.5486667,700,71.45660835,1.408215206,33.18935,32.96548333,Mikeala,Feb-00,46,Intact,Afternoon
2020-08-12 18:29,46_Intact,9,12.4082794,299.0888924,399.9701667,3.008210263,220.6291964,101.5595,900,73.10230293,1.378020866,33.04485,32.94186667,Mikeala,Feb-00,46,Intact,Afternoon
2020-08-12 18:32,46_Intact,9,13.2567506,304.0818462,399.5496667,2.839572597,248.6293511,101.584,1500,80.13552617,1.159709114,32.641,32.90536667,Mikeala,Feb-00,46,Intact,Afternoon
2020-08-17 8:28,47_Cut,6,-2.008068877,604.9637005,400.0516667,0.196721398,15.6502032,101.3626667,0,73.72616032,1.222780094,33.50506667,33.00853333,Julia,6800-01A,47,Cut,Afternoon
2020-08-17 8:30,47_Cut,6,-0.617862034,536.8740888,399.9105,0.196130429,16.05563748,101.3575,20,74.16817233,1.197186084,33.55423333,33.03653333,Julia,6800-01A,47,Cut,Afternoon
2020-08-17 8:51,47_Cut,6,-0.172747812,402.171588,399.9953333,0.341452649,28.01776038,101.3576667,40,74.36490507,1.188195064,33.46515,32.97321667,Julia,6800-01A,47,Cut,Afternoon
2020-08-17 8:53,47_Cut,6,0.910064441,345.4927913,400.0103333,0.387121623,31.20892108,101.353,90,73.72232139,1.210502457,33.57125,33.01463333,Julia,6800-01A,47,Cut,Afternoon
2020-08-17 9:28,47_Cut,6,2.798138972,305.8822568,399.9523333,0.635987624,52.57028304,101.3613333,175,74.07485622,1.186315146,33.47103333,32.9178,Julia,6800-01A,47,Cut,Afternoon
2020-08-17 9:31,47_Cut,6,4.258455597,296.3665507,399.9003333,0.879410755,72.26525241,101.3591667,250,74.29562289,1.198253019,33.43496667,32.973,Julia,6800-01A,47,Cut,Afternoon
2020-08-17 10:02,47_Cut,6,5.519861724,288.2516218,400.0093333,1.039138353,86.30065018,101.3588333,450,74.07272932,1.187723242,33.57823333,33.0041,Julia,6800-01A,47,Cut,Afternoon
2020-08-17 10:05,47_Cut,6,5.284686912,300.1239908,399.9715,1.13278108,94.91952934,101.3605,700,74.62565986,1.180240813,33.4091,32.95,Julia,6800-01A,47,Cut,Afternoon
2020-08-17 10:31,47_Cut,6,4.76783961,262.7788773,400.0108333,0.772582282,62.08898739,101.3656667,900,74.3014454,1.223983372,33.38436667,33.02633333,Julia,6800-01A,47,Cut,Afternoon
2020-08-17 10:34,47_Cut,6,4.699823886,294.7490351,400.0125,0.991570108,80.14459772,101.3793333,1500,74.53536989,1.222774053,33.23396667,32.95068333,Julia,6800-01A,47,Cut,Afternoon
2020-08-17 11:06,47_Intact,6,-1.886408817,575.9097143,400.0078333,0.219513307,17.6701839,101.5101667,0,74.20909958,1.212514836,33.44258333,33.01335,Mikeala,6800-01A,47,Intact,Afternoon
2020-08-17 11:08,47_Intact,6,-0.609624837,432.2070184,399.999,0.307341396,25.05107296,101.503,20,74.48459593,1.198216436,33.45381667,33.02173333,Mikeala,6800-01A,47,Intact,Afternoon
2020-08-17 11:38,47_Intact,6,0.102614968,385.8275424,400.0008333,0.319323714,25.97327543,101.5105,40,74.96526605,1.200065879,33.28393333,32.98633333,Mikeala,6800-01A,47,Intact,Afternoon
2020-08-17 11:41,47_Intact,6,1.35435878,327.0037288,399.974,0.481265187,39.04929369,101.5066667,90,74.45007407,1.214129529,33.4009,33.03113333,Mikeala,6800-01A,47,Intact,Afternoon
2020-08-17 12:25,47_Intact,6,3.781168479,297.0103403,399.9953333,0.799641616,64.46831293,101.4911667,175,73.6948528,1.220300791,33.48033333,32.97526667,Mikeala,6800-01A,47,Intact,Afternoon
2020-08-17 12:28,47_Intact,6,5.126002948,295.0454154,399.9995,1.035243965,84.78076505,101.5065,250,74.76268485,1.205232858,33.33155,33.00405,Mikeala,6800-01A,47,Intact,Afternoon
2020-08-17 12:42,47_Intact,6,6.034579351,291.3471998,400.0133333,1.150429181,96.23077744,101.5,450,74.57030855,1.182427764,33.46381667,32.9894,Mikeala,6800-01A,47,Intact,Afternoon
2020-08-17 12:46,47_Intact,6,5.623318225,300.9337503,399.9855,1.20942204,100.1287525,101.5201667,700,74.62887873,1.195530566,33.32346667,32.93928333,Mikeala,6800-01A,47,Intact,Afternoon
2020-08-17 13:09,47_Intact,6,4.810074451,290.8294879,399.9741667,0.96556761,78.12536705,101.5246667,900,74.5162262,1.221425852,33.29751667,32.99038333,Mikeala,6800-01A,47,Intact,Afternoon
2020-08-17 13:13,47_Intact,6,4.470352215,311.8904378,399.9945,1.095405152,89.82672661,101.5313333,1500,73.75954637,1.207572343,33.33215,32.82961667,Mikeala,6800-01A,47,Intact,Afternoon
2020-08-17 14:10,48_Cut,9,-0.901153106,427.3729763,399.9991667,0.429495545,42.55820933,101.114,0,63.40332415,1.00604041,22.87103333,22.97198333,Julia,Feb-00,48,Cut,Afternoon
2020-08-17 14:12,48_Cut,9,0.383255002,380.69031,400.0065,0.481874784,47.68348333,101.0821667,20,63.34006668,1.008031976,22.86151667,22.99536667,Julia,Feb-00,48,Cut,Afternoon
2020-08-17 14:38,48_Cut,9,1.261836439,355.4531222,399.9866667,0.52811283,52.92647072,101.1008333,40,63.74049849,0.996386302,22.83673333,22.99416667,Julia,Feb-00,48,Cut,Afternoon
2020-08-17 14:38,48_Cut,9,3.28807241,326.0540776,400.0065,0.785531657,78.22999539,101.1308333,90,63.31267412,1.007474646,22.87515,22.9959,Julia,Feb-00,48,Cut,Afternoon
2020-08-17 15:02,48_Cut,9,5.61102873,299.4674423,399.9978333,0.949113742,95.97019695,101.1335,175,63.95668064,0.995268244,22.87413333,23.03653333,Julia,Feb-00,48,Cut,Afternoon
2020-08-17 15:03,48_Cut,9,6.305377171,289.8723618,400.0178333,0.977097968,97.95203721,101.1306667,250,63.83998382,1.004265806,22.80323333,22.9724,Julia,Feb-00,48,Cut,Afternoon
2020-08-17 15:28,48_Cut,9,9.252028303,307.058103,400.0433333,1.739668962,174.3866085,101.1503333,450,63.25002326,1.017964525,22.78811667,22.96753333,Julia,Feb-00,48,Cut,Afternoon
2020-08-17 15:29,48_Cut,9,10.8521956,326.0912084,399.996,2.583529956,265.573881,101.1706667,700,63.82516583,1.008337602,22.85586667,22.98638333,Julia,Feb-00,48,Cut,Afternoon
2020-08-17 15:53,48_Cut,9,11.23773758,333.2196414,399.9831667,2.973153385,309.3107843,101.1881667,900,64.5374128,1.003565586,22.87925,23.01775,Julia,Feb-00,48,Cut,Afternoon
2020-08-17 15:55,48_Cut,9,11.36153503,331.9862204,399.9865,2.845616236,305.3765735,101.1825,1500,68.5348579,0.971621141,22.5879,22.99966667,Julia,Feb-00,48,Cut,Afternoon
2020-08-17 16:23,48_Intact,9,-0.911663813,411.6288223,400.002,0.81329197,81.02287126,101.2521667,0,61.83178102,1.009666898,22.47766667,22.9791,Mikeala,Feb-00,48,Intact,Afternoon
2020-08-17 16:24,48_Intact,9,0.349327155,387.1252292,399.9896667,0.868944458,87.1203207,101.2233333,20,62.03482151,1.004018744,22.46523333,22.99426667,Mikeala,Feb-00,48,Intact,Afternoon
2020-08-17 16:45,48_Intact,9,1.264606229,370.8121533,399.9821667,0.89559088,89.50626459,101.2415,40,61.66192715,1.008065306,22.3368,22.99231667,Mikeala,Feb-00,48,Intact,Afternoon
2020-08-17 16:47,48_Intact,9,3.05693239,345.361606,400.0038333,1.029721778,102.3313261,101.2673333,90,61.82321147,1.01603421,22.50666667,22.99828333,Mikeala,Feb-00,48,Intact,Afternoon
2020-08-17 17:08,48_Intact,9,5.058679772,329.6249943,400.0073333,1.254965785,127.847601,101.2638333,175,62.60630152,0.995453073,22.46753333,23.02648333,Mikeala,Feb-00,48,Intact,Afternoon
2020-08-17 17:11,48_Intact,9,5.807847014,327.4011726,400.0076667,1.398248531,142.2028593,101.2618333,250,62.65464621,0.999555757,22.47245,22.98768333,Mikeala,Feb-00,48,Intact,Afternoon
2020-08-17 17:33,48_Intact,9,7.043518503,337.2139861,399.774,1.98495772,205.1567899,101.28,450,62.82048417,0.994617827,22.3776,22.9332,Mikeala,Feb-00,48,Intact,Afternoon
2020-08-17 17:36,48_Intact,9,7.35460348,342.1315868,400.0025,2.281818037,234.8897215,101.3143333,700,63.79914273,1.003440693,22.5592,22.9789,Mikeala,Feb-00,48,Intact,Afternoon
2020-08-17 18:12,48_Intact,9,7.433246606,344.8795056,399.9965,2.384998164,250.7743994,101.3278333,900,65.48658155,0.984749511,22.59681667,23.0117,Mikeala,Feb-00,48,Intact,Afternoon
2020-08-17 18:12,48_Intact,9,7.48217948,343.5035852,400.013,2.273347942,244.5395229,101.3185,1500,69.77262767,0.960475087,22.56406667,22.98553333,Mikeala,Feb-00,48,Intact,Afternoon
2020-08-19 8:46,57_Cut,9,-0.83018274,415.8120688,399.994,0.604609884,59.57546315,101.0275,0,62.62922194,1.014133446,22.76925,22.99925,Julia,Feb-00,57,Cut,Morning
2020-08-19 8:46,57_Cut,9,0.370285662,384.3188992,399.994,0.645484251,64.27388399,101.0371667,20,63.06952424,1.004569173,22.79206667,22.9924,Julia,Feb-00,57,Cut,Morning
2020-08-19 9:09,57_Cut,9,1.102970085,360.1111387,400.4006667,0.589801152,59.07738207,101.0383333,40,62.49060179,1.024829235,22.77455,22.99318333,Julia,Feb-00,57,Cut,Morning
2020-08-19 9:10,57_Cut,9,3.048696256,342.593443,399.997,0.961291843,96.31996072,101.0126667,90,63.17921335,1.003410896,22.8671,23.01271667,Julia,Feb-00,57,Cut,Morning
2020-08-19 9:48,57_Cut,9,5.345571494,335.1504211,399.9655,1.463590011,148.5013468,101.0485,175,63.05647874,1.000389992,22.89436667,23.00841667,Julia,Feb-00,57,Cut,Morning
2020-08-19 9:49,57_Cut,9,6.219500777,338.6712538,399.999,1.833356303,185.0006952,101.1033333,250,62.55089585,1.012772133,22.93303333,22.98905,Julia,Feb-00,57,Cut,Morning
2020-08-19 10:13,57_Cut,9,7.151643233,342.1897518,400.0073333,2.238582319,228.5787642,101.1248333,450,63.23231477,1.008315614,22.95996667,23.01045,Julia,Feb-00,57,Cut,Morning
2020-08-19 10:13,57_Cut,9,7.293827783,344.2796253,399.9898333,2.342270758,243.1909326,101.1585,700,64.74485907,0.994174324,22.88055,23.01878333,Julia,Feb-00,57,Cut,Morning
2020-08-19 10:40,57_Cut,9,7.103004263,345.657055,400.008,2.323270068,243.284132,101.1211667,900,65.9515278,0.985201328,22.77653333,23.00735,Julia,Feb-00,57,Cut,Morning
2020-08-19 10:40,57_Cut,9,6.897143997,342.3807287,399.9931667,2.042445313,219.7130174,101.127,1500,69.96260739,0.95477309,22.37933333,22.9675,Julia,Feb-00,57,Cut,Morning
2020-08-19 11:29,57_Intact,9,-0.834148124,405.2777715,400.0021667,1.142492143,115.4285331,101.175,0,61.9910177,1.000815498,22.6221,23.0173,Mikeala,Feb-00,57,Intact,Morning
2020-08-19 11:30,57_Intact,9,0.399227812,388.2887811,400,1.217539099,122.3385406,101.1776667,20,61.90729022,1.007317624,22.69308333,22.99275,Mikeala,Feb-00,57,Intact,Morning
2020-08-19 12:26,57_Intact,9,1.519665405,374.7730837,400.0193333,1.293917511,130.8184378,101.1836667,40,62.05548141,1.002800505,22.6887,22.98483333,Mikeala,Feb-00,57,Intact,Morning
2020-08-19 12:26,57_Intact,9,3.830141839,345.8534564,399.9858333,1.290761413,129.9962914,101.1496667,90,62.34049384,1.005955488,22.74771667,23.01978333,Mikeala,Feb-00,57,Intact,Morning
2020-08-19 12:56,57_Intact,9,6.953556833,329.1008593,399.9483333,1.710513573,175.7345995,101.1748333,175,62.74672601,0.994119735,22.81545,22.98665,Mikeala,Feb-00,57,Intact,Morning
2020-08-19 12:57,57_Intact,9,8.603492987,324.8739927,400.0071667,2.015302275,204.9660408,101.2218333,250,62.22560826,1.009619315,22.85436667,23.00273333,Mikeala,Feb-00,57,Intact,Morning
2020-08-19 13:27,57_Intact,9,10.72530898,319.8410587,400.0096667,2.334244975,239.2202293,101.2638333,450,62.70610278,1.008196168,22.78211667,22.98536667,Mikeala,Feb-00,57,Intact,Morning
2020-08-19 13:27,57_Intact,9,11.06781401,310.9677227,399.9268333,2.085083421,219.5945866,101.2851667,700,65.567427,0.97763743,22.80861667,23.03533333,Mikeala,Feb-00,57,Intact,Morning
2020-08-19 13:58,57_Intact,9,11.9986162,330.6860632,400.0225,3.019588863,316.8817723,101.2483333,900,64.54762019,0.996864025,22.80528333,23.01703333,Mikeala,Feb-00,57,Intact,Morning
2020-08-19 13:58,57_Intact,9,10.33644954,-371.4041663,402.9053333,2.401376693,264.8977965,101.2443333,1500,66.49739816,1.046755953,22.58326667,23.01405,Mikeala,Feb-00,57,Intact,Morning
2020-08-19 15:05,8_Cut,6,-1.529150159,433.6382501,400.0158333,0.708814959,59.23912364,101.9311667,0,67.60451696,1.195022122,28.20633333,27.98501667,Mikeala,6800-01A,8,Cut,Morning
2020-08-19 15:07,8_Cut,6,-0.126839756,394.8210561,399.9765,0.957206211,79.65001688,101.9481667,20,67.29308751,1.204749511,28.24833333,28.00351667,Mikeala,6800-01A,8,Cut,Morning
2020-08-19 15:20,8_Cut,6,0.967230677,377.1509043,399.9923333,1.228165987,102.7596349,101.9708333,40,67.2017487,1.203270134,28.27173333,27.99686667,Mikeala,6800-01A,8,Cut,Morning
2020-08-19 15:23,8_Cut,6,3.541774695,348.8688079,399.9906667,1.556682907,131.6685979,101.957,90,67.34925842,1.196034029,28.27355,27.9911,Mikeala,6800-01A,8,Cut,Morning
2020-08-19 15:46,8_Cut,6,7.134704792,321.5124368,399.9876667,1.931446017,163.6396587,101.9645,175,67.05693102,1.200825581,28.29018333,27.9731,Mikeala,6800-01A,8,Cut,Morning
2020-08-19 15:49,8_Cut,6,9.588131444,305.3724325,400.0188333,2.114781994,179.4426775,101.9433333,250,67.39413146,1.201908291,28.2418,28.0038,Mikeala,6800-01A,8,Cut,Morning
2020-08-19 16:09,8_Cut,6,13.89137901,287.7035457,400.008,2.544639016,217.2942359,101.9043333,450,67.32107252,1.201529368,28.2651,28.00526667,Mikeala,6800-01A,8,Cut,Morning
2020-08-19 16:12,8_Cut,6,16.33007486,282.9230863,399.954,2.821517953,245.2074957,101.9043333,700,68.01796775,1.18623878,28.1213,27.95873333,Mikeala,6800-01A,8,Cut,Morning
2020-08-19 16:40,8_Cut,6,17.61916403,285.8319834,400.0026667,3.157823809,272.9218652,101.891,900,68.45905362,1.198189251,28.00416667,28.00855,Mikeala,6800-01A,8,Cut,Morning
2020-08-19 16:44,8_Cut,6,18.52749022,276.06565,399.9723333,3.035125178,262.5197638,101.8921667,1500,70.06197137,1.195118312,27.63135,28.0109,Mikeala,6800-01A,8,Cut,Morning
2020-08-19 17:09,8_Intact,6,-1.170988566,343.2712018,399.8515,0.407513014,33.83771571,101.7765,0,65.4382556,1.205081464,28.6447,27.94743333,Julia,6800-01A,8,Intact,Morning
2020-08-19 17:13,8_Intact,6,-0.071003369,394.2053612,400.0096667,0.718353629,59.79309291,101.797,20,65.59140365,1.203062382,28.69098333,27.99708333,Julia,6800-01A,8,Intact,Morning
2020-08-19 17:35,8_Intact,6,0.999180688,375.6055226,400.0196667,1.155312157,96.74132541,101.8246667,40,65.21304085,1.206733484,28.76873333,27.99873333,Julia,6800-01A,8,Intact,Morning
2020-08-19 17:38,8_Intact,6,3.58391729,351.7242141,400.0051667,1.693330543,144.0422273,101.799,90,65.21421768,1.200871006,28.79821667,27.99245,Julia,6800-01A,8,Intact,Morning
2020-08-19 18:02,8_Intact,6,7.215578543,322.3365248,399.9878333,1.983796115,169.1988067,101.8006667,175,64.8993135,1.204737449,28.86615,27.99933333,Julia,6800-01A,8,Intact,Morning
2020-08-19 18:05,8_Intact,6,10.04491174,307.947549,400.0011667,2.27267151,196.2546312,101.78,250,65.12041309,1.197099312,28.84166667,27.98803333,Julia,6800-01A,8,Intact,Morning
2020-08-19 18:21,8_Intact,6,15.2600798,293.0882101,400.0081667,2.925146164,256.5530186,101.751,450,64.70954743,1.19460322,28.9785,27.99545,Julia,6800-01A,8,Intact,Morning
2020-08-19 18:25,8_Intact,6,17.49213299,285.0820448,399.9018333,3.084863385,273.1251089,101.738,700,64.90993693,1.187916169,28.84028333,27.90748333,Julia,6800-01A,8,Intact,Morning
2020-08-19 18:42,8_Intact,6,17.9746464,280.9636818,400.0111667,3.089921532,270.0145325,101.7435,900,65.46607897,1.202529969,28.73961667,28.00531667,Julia,6800-01A,8,Intact,Morning
2020-08-19 18:46,8_Intact,6,19.03633881,287.9109613,400.05,3.466751363,306.9582715,101.7538333,1500,65.98793215,1.196714389,28.6815,28.03265,Julia,6800-01A,8,Intact,Morning
