"record","time","date","SampleID","file","Remove","A","gsw","Ci","VPDleaf","Tair","Tleaf","CO2r","CO2s","H2Or","H2Os","RHs","flow","Qin","Patm"
"1",09:57:18,"20230906","BNL19781","20230906_Aci_Ron_19781","YES",3.59,29.5,223,2.13,29.41,33.41,434.96,430.32,29.669,30.423,73.9,500,1700,100
"2",09:58:39,"20230906","BNL19781","20230906_Aci_Ron_19781","NO",3.58,29.7,225,2.12,29.42,33.45,434.9,430.28,29.825,30.583,74.23,500,1699,100
"3",09:59:40,"20230906","BNL19781","20230906_Aci_Ron_19781","NO",1.85,29.5,188,2.12,29.43,33.48,300.13,297.67,29.961,30.711,74.51,500,1699,100
"4",10:01:01,"20230906","BNL19781","20230906_Aci_Ron_19781","NO",1.44,31.2,167,1.9,29.43,32.77,250.05,248.14,30.118,30.829,74.8,500,1699,100
"5",10:02:22,"20230906","BNL19781","20230906_Aci_Ron_19781","NO",0.224,31.4,134,1.89,29.44,32.78,150.01,149.63,30.304,31.014,75.21,500,1699,100
"6",10:03:43,"20230906","BNL19781","20230906_Aci_Ron_19781","NO",-0.117,31.7,103,1.9,29.44,32.88,100.08,100.15,30.456,31.177,75.59,500,1699,100
"7",10:05:05,"20230906","BNL19781","20230906_Aci_Ron_19781","NO",-0.714,32.9,83.8,1.87,29.46,32.85,50.01,50.82,30.658,31.395,76.04,500,1699,100
"8",10:07:03,"20230906","BNL19781","20230906_Aci_Ron_19781","YES",3.97,34.6,234,1.86,29.49,32.95,434.44,429.34,30.994,31.766,76.79,500,1700,100
"9",10:08:30,"20230906","BNL19781","20230906_Aci_Ron_19781","YES",3.96,35.7,239,1.86,29.51,33.04,434.43,429.33,31.284,32.076,77.44,500,1699,100
"10",10:09:38,"20230906","BNL19781","20230906_Aci_Ron_19781","NO",4.39,35.9,259,1.84,29.52,33.04,473.81,468.15,31.492,32.281,77.92,500,1700,100
"11",10:11:38,"20230906","BNL19781","20230906_Aci_Ron_19781","NO",5.52,36.5,310,1.8,29.53,33.05,575,567.92,31.85,32.637,78.73,500,1699,100
"12",10:13:36,"20230906","BNL19781","20230906_Aci_Ron_19781","NO",6.37,36.5,369,1.8,29.56,33.16,674.83,666.65,32.221,33.006,79.45,500,1699,100
"13",10:15:39,"20230906","BNL19781","20230906_Aci_Ron_19781","NO",7.6,36.6,436,1.78,29.6,33.26,799.63,789.87,32.671,33.45,80.34,500,1699,100
"14",10:17:41,"20230906","BNL19781","20230906_Aci_Ron_19781","NO",9.31,36.4,551,1.76,29.62,33.33,999.8,987.84,33.07,33.836,81.18,500,1699,100
"15",10:19:48,"20230906","BNL19781","20230906_Aci_Ron_19781","NO",11.8,36.4,826,1.74,29.64,33.38,1399.42,1384.14,33.418,34.175,81.92,500,1700,100
"16",10:21:51,"20230906","BNL19781","20230906_Aci_Ron_19781","NO",13.7,33.5,1070,1.95,29.67,34.2,1800.19,1782.27,33.73,34.514,82.58,500,1699,100
"17",10:23:25,"20230906","BNL19781","20230906_Aci_Ron_19781","YES",2.64,32.8,290,1.95,29.67,34.28,434.77,431.26,33.997,34.764,83.16,500,1701,100
"1",12:07:48,"20230906","BNL19782","20230906_Aci_Ron_19782","YES",3.34,32.1,251,2.05,29.77,33.87,434.92,430.56,31.833,32.622,77.52,500,1794,99.9
"2",12:44:52,"20230906","BNL19782","20230906_Aci_Ron_19782","NO",3.93,41.8,263,2.4,30.07,35.1,434.8,429.54,31.645,32.848,76.65,500,1800,99.81
"3",12:45:53,"20230906","BNL19782","20230906_Aci_Ron_19782","NO",4.03,41.8,260,2.4,30.06,35.07,435.03,429.66,31.546,32.752,76.47,500,1800,99.81
"4",12:46:54,"20230906","BNL19782","20230906_Aci_Ron_19782","NO",1.96,42.4,212,2.42,30.07,35.11,300.04,297.32,31.427,32.658,76.2,500,1800,99.8
"5",12:48:16,"20230906","BNL19782","20230906_Aci_Ron_19782","NO",1.56,41.4,177,2.63,30.09,35.72,249.96,247.76,31.268,32.575,75.93,500,1801,99.8
"6",12:49:38,"20230906","BNL19782","20230906_Aci_Ron_19782","NO",0.364,42.2,129,2.63,30.09,35.69,150,149.36,31.125,32.457,75.65,500,1800,99.8
"7",12:52:00,"20230906","BNL19782","20230906_Aci_Ron_19782","NO",0.0216,44.5,95.1,2.46,30.13,35.12,100.04,99.88,31.014,32.326,75.17,500,1799,99.8
"8",12:54:22,"20230906","BNL19782","20230906_Aci_Ron_19782","NO",-0.64,46.3,70.5,2.48,30.21,35.21,49.9,50.6,31.077,32.452,75.09,500,1800,99.79
"9",12:56:44,"20230906","BNL19782","20230906_Aci_Ron_19782","YES",4.41,48.7,267,2.48,30.26,35.25,434.98,429.05,31.11,32.555,75.11,500,1800,99.79
"10",12:59:06,"20230906","BNL19782","20230906_Aci_Ron_19782","NO",4.22,45.3,264,2.5,30.29,35.27,435.07,429.4,31.026,32.384,74.6,500,1800,99.78
"11",13:01:07,"20230906","BNL19782","20230906_Aci_Ron_19782","NO",4.56,44.1,285,2.53,30.33,35.33,475.12,469,30.914,32.254,74.11,500,1799,99.77
"12",13:03:29,"20230906","BNL19782","20230906_Aci_Ron_19782","NO",5.52,42.6,338,2.57,30.42,35.41,575.15,567.76,30.825,32.14,73.49,500,1800,99.77
"13",13:05:51,"20230906","BNL19782","20230906_Aci_Ron_19782","NO",6.09,39.1,392,2.59,30.4,35.39,674.95,666.81,30.678,31.897,72.99,500,1801,99.76
"14",13:08:13,"20230906","BNL19782","20230906_Aci_Ron_19782","NO",6.7,34.7,452,2.63,30.43,35.46,800.17,791.23,30.603,31.705,72.4,500,1800,99.75
"15",13:10:35,"20230906","BNL19782","20230906_Aci_Ron_19782","NO",7.27,30.7,573,2.64,30.41,35.43,999.84,990.11,30.556,31.535,72.1,500,1800,99.75
"16",13:12:57,"20230906","BNL19782","20230906_Aci_Ron_19782","NO",8.67,26,802,2.67,30.39,35.46,1400.18,1388.57,30.506,31.344,71.74,500,1799,99.74
"17",13:15:19,"20230906","BNL19782","20230906_Aci_Ron_19782","NO",8.84,22,1080,2.69,30.42,35.49,1800.18,1788.25,30.508,31.224,71.34,500,1799,99.74
"18",13:17:40,"20230906","BNL19782","20230906_Aci_Ron_19782","YES",0.94,20.2,341,2.7,30.4,35.52,434.93,433.51,30.571,31.23,71.47,500,1800,99.74
"1",09:49:29,"20230907","BNL19789","20230907_Aci_der_19789","YES",6,48,214,2.06,30.29,31.71,435.08,427.36,25.108,26.289,60.74,499.7,1700,100.1
"2",09:52:08,"20230907","BNL19789","20230907_Aci_der_19789","YES",5.92,47.1,213,2.02,29.81,31.63,435.09,427.48,25.411,26.546,63.07,499.7,1699,100.1
"3",09:53:30,"20230907","BNL19789","20230907_Aci_der_19789","NO",5.91,46.1,209,1.93,29.46,31.38,435.03,427.47,25.681,26.744,64.81,499.7,1700,100.1
"4",09:54:54,"20230907","BNL19789","20230907_Aci_der_19789","NO",3.65,46.2,160,1.9,29.5,31.32,299.96,295.26,25.915,26.959,65.17,499.7,1699,100.1
"5",09:56:16,"20230907","BNL19789","20230907_Aci_der_19789","NO",2.79,46.3,143,1.86,29.48,31.24,250.13,246.52,26.126,27.151,65.71,499.7,1699,100.1
"6",09:57:38,"20230907","BNL19789","20230907_Aci_der_19789","NO",1.59,47.5,114,1.84,29.55,31.26,174.96,172.87,26.3,27.343,65.92,499.7,1700,100.1
"7",09:59:00,"20230907","BNL19789","20230907_Aci_der_19789","NO",0.744,48.9,95.9,1.85,29.71,31.38,125.02,123.99,26.462,27.541,65.81,499.7,1699,100.1
"8",10:00:22,"20230907","BNL19789","20230907_Aci_der_19789","NO",-0.0641,49.7,69.8,1.85,29.67,31.48,69.89,69.89,26.754,27.847,66.66,499.7,1699,100.1
"9",10:01:44,"20230907","BNL19789","20230907_Aci_der_19789","NO",-0.323,51.7,59,1.8,29.59,31.48,50.18,50.51,27.222,28.329,68.14,499.7,1699,100.1
"10",10:03:34,"20230907","BNL19789","20230907_Aci_der_19789","YES",6.77,56.2,221,1.74,29.61,31.5,434.95,426.31,27.838,28.997,69.68,499.7,1699,100.1
"11",10:04:56,"20230907","BNL19789","20230907_Aci_der_19789","YES",6.83,61.6,236,1.72,29.64,31.57,434.99,426.23,28.078,29.336,70.34,499.7,1699,100.1
"12",10:06:27,"20230907","BNL19789","20230907_Aci_der_19789","NO",7.64,62.7,257,1.69,29.4,31.53,474.96,465.19,28.363,29.615,72.01,499.7,1699,100.1
"13",10:08:18,"20230907","BNL19789","20230907_Aci_der_19789","NO",10.4,61.5,372,1.62,29.31,31.52,674.98,661.68,29.1,30.278,74.02,499.7,1700,100.1
"14",10:09:50,"20230907","BNL19789","20230907_Aci_der_19789","NO",11.5,63.7,476,1.55,29.21,31.38,800.1,785.4,29.377,30.545,75.09,499.7,1699,100.1
"15",10:11:43,"20230907","BNL19789","20230907_Aci_der_19789","NO",12.5,65.2,651,1.52,29.29,31.25,1000.31,984.14,29.359,30.53,74.72,499.7,1701,100.1
"16",10:13:22,"20230907","BNL19789","20230907_Aci_der_19789","NO",13.5,64.1,1010,1.54,29.5,31.27,1400.06,1382.18,29.213,30.381,73.45,499.7,1701,100.1
"17",10:15:37,"20230907","BNL19789","20230907_Aci_der_19789","NO",13.9,58.9,1360,1.59,29.53,31.35,1800.11,1781.35,28.972,30.083,72.61,499.7,1701,100.1
"18",10:17:14,"20230907","BNL19789","20230907_Aci_der_19789","YES",5.09,53.9,265,1.62,29.53,31.38,434.97,428.39,28.852,29.888,72.13,499.7,1701,100.1
"1",12:09:54,"20230907","BNL19790","20230907_Aci_der_19790","YES",15.9,280,306,1.56,32.43,33.47,435.04,413.83,31.461,36.284,74.06,499.7,1999,99.87
"2",12:16:10,"20230907","BNL19790","20230907_Aci_der_19790","NO",15.6,289,311,1.58,32.67,33.6,435.01,414.08,31.485,36.506,73.54,499.7,1999,99.88
"3",12:17:32,"20230907","BNL19790","20230907_Aci_der_19790","NO",15.5,290,312,1.58,32.65,33.6,434.96,414.22,31.491,36.515,73.64,499.7,2000,99.87
"4",12:19:06,"20230907","BNL19790","20230907_Aci_der_19790","NO",10,290,220,1.58,32.66,33.62,299.87,286.37,31.505,36.543,73.65,499.7,1999,99.87
"5",12:20:28,"20230907","BNL19790","20230907_Aci_der_19790","NO",7.82,293,187,1.58,32.66,33.64,250.08,239.42,31.521,36.61,73.76,499.7,1999,99.87
"6",12:21:50,"20230907","BNL19790","20230907_Aci_der_19790","NO",4.5,301,139,1.57,32.67,33.64,175.06,168.75,31.528,36.704,73.91,499.7,1999,99.86
"7",12:23:12,"20230907","BNL19790","20230907_Aci_der_19790","NO",2.23,310,106,1.56,32.67,33.64,125.04,121.7,31.524,36.81,74.1,499.7,2000,99.86
"8",12:24:34,"20230907","BNL19790","20230907_Aci_der_19790","NO",-0.276,321,69.7,1.54,32.59,33.6,70.05,69.99,31.52,36.904,74.63,499.7,2000,99.86
"9",12:25:56,"20230907","BNL19790","20230907_Aci_der_19790","NO",-1.02,333,55,1.52,32.59,33.59,49.95,50.89,31.531,37.031,74.92,499.7,1999,99.85
"10",12:28:02,"20230907","BNL19790","20230907_Aci_der_19790","YES",15.4,349,327,1.49,32.58,33.53,435.11,414.21,31.546,37.178,75.23,499.7,1999,99.85
"11",12:29:24,"20230907","BNL19790","20230907_Aci_der_19790","NO",15.6,358,328,1.48,32.58,33.52,435.12,413.95,31.539,37.254,75.4,499.7,1999,99.84
"12",12:30:59,"20230907","BNL19790","20230907_Aci_der_19790","NO",17.2,366,359,1.47,32.57,33.5,475.07,451.75,31.506,37.292,75.48,499.7,1999,99.83
"13",12:32:54,"20230907","BNL19790","20230907_Aci_der_19790","NO",22.6,366,520,1.47,32.55,33.45,674.96,643.99,31.45,37.211,75.39,499.7,2000,99.81
"14",12:34:25,"20230907","BNL19790","20230907_Aci_der_19790","NO",24.9,360,626,1.48,32.55,33.44,800.11,765.65,31.395,37.109,75.21,499.7,2000,99.81
"15",12:36:15,"20230907","BNL19790","20230907_Aci_der_19790","NO",27.3,349,802,1.49,32.55,33.45,1000.19,961.78,31.34,36.961,74.91,499.7,1999,99.81
"16",12:37:55,"20230907","BNL19790","20230907_Aci_der_19790","NO",29.8,340,1170,1.51,32.55,33.46,1400.08,1356.47,31.297,36.843,74.66,499.7,1999,99.81
"17",12:40:04,"20230907","BNL19790","20230907_Aci_der_19790","NO",30.7,326,1550,1.53,32.55,33.48,1800.4,1753.71,31.262,36.68,74.31,499.7,1999,99.8
"18",12:41:42,"20230907","BNL19790","20230907_Aci_der_19790","YES",13.8,316,330,1.55,32.56,33.51,434.82,415.9,31.288,36.62,74.15,499.5,2000,99.79
"1",10:00:30,"20230907","BNL19788","20230907_Aci_Ron_19788","YES",10.8,115,251,2.29,32.73,34.38,433.81,419.47,28.569,31.655,63.56,500.1,1699,99.94
"2",10:01:46,"20230907","BNL19788","20230907_Aci_Ron_19788","YES",10.7,109,246,2.32,32.73,34.52,434.93,420.84,28.812,31.769,63.8,500.1,1700,99.94
"3",10:02:47,"20230907","BNL19788","20230907_Aci_Ron_19788","NO",10.5,111,252,2.15,32.74,33.95,434.91,421.04,28.99,31.788,63.79,500.1,1701,99.94
"4",10:03:48,"20230907","BNL19788","20230907_Aci_Ron_19788","NO",6.17,105,186,2.16,32.75,34,300.14,291.94,29.167,31.827,63.84,500.1,1700,99.94
"5",10:05:10,"20230907","BNL19788","20230907_Aci_Ron_19788","NO",4.57,93.1,155,2.36,32.76,34.72,250.02,243.89,29.396,31.985,64.12,500.1,1700,99.94
"6",10:06:32,"20230907","BNL19788","20230907_Aci_Ron_19788","NO",1.81,90.6,110,2.37,32.77,34.78,149.94,147.39,29.576,32.107,64.35,500.1,1700,99.94
"7",10:07:54,"20230907","BNL19788","20230907_Aci_Ron_19788","NO",0.233,98.9,92.3,2.16,32.77,34.11,100.15,99.61,29.685,32.19,64.5,500.1,1700,99.94
"8",10:09:16,"20230907","BNL19788","20230907_Aci_Ron_19788","NO",-1.07,104,66.2,2.13,32.77,34.08,50.08,51.23,29.769,32.363,64.84,500.1,1700,99.93
"9",10:11:13,"20230907","BNL19788","20230907_Aci_Ron_19788","YES",10.4,104,243,2.28,32.77,34.66,434.3,420.58,29.837,32.629,65.39,500.1,1700,99.93
"10",10:12:40,"20230907","BNL19788","20230907_Aci_Ron_19788","YES",10.7,108,244,2.27,32.77,34.66,434.63,420.57,29.854,32.715,65.57,500.1,1700,99.93
"11",10:13:41,"20230907","BNL19788","20230907_Aci_Ron_19788","NO",11.8,107,263,2.27,32.76,34.64,474.81,459.31,29.858,32.698,65.54,500.1,1700,99.93
"12",10:15:13,"20230907","BNL19788","20230907_Aci_Ron_19788","NO",13.9,103,317,2.29,32.77,34.69,574.84,556.6,29.885,32.64,65.4,500.1,1699,99.93
"13",10:16:38,"20230907","BNL19788","20230907_Aci_Ron_19788","NO",15.7,104,387,2.13,32.79,34.12,674.95,654.41,29.91,32.496,65.03,500.1,1699,99.93
"14",10:18:09,"20230907","BNL19788","20230907_Aci_Ron_19788","NO",16.6,82.3,423,2.38,32.81,34.88,800.22,778.39,29.991,32.308,64.6,500.1,1700,99.92
"15",10:20:09,"20230907","BNL19788","20230907_Aci_Ron_19788","NO",17.4,69.2,539,2.26,32.83,34.37,1000.34,977.64,30.139,31.992,63.88,500.1,1700,99.92
"16",10:22:13,"20230907","BNL19788","20230907_Aci_Ron_19788","NO",19.4,48.4,681,2.53,32.84,35.16,1400.21,1374.87,30.29,31.752,63.36,500.1,1699,99.92
"17",10:24:35,"20230907","BNL19788","20230907_Aci_Ron_19788","NO",19.5,36.6,853,2.61,32.86,35.37,1799.97,1774.42,30.442,31.589,62.97,500.1,1699,99.92
"18",10:26:15,"20230907","BNL19788","20230907_Aci_Ron_19788","YES",3.66,35,248,2.4,32.87,34.7,434.76,429.93,30.593,31.602,62.96,500.1,1699,99.92
"1",12:52:28,"20230907","BNL19791","20230907_Aci_Ron_19791","YES",9.45,103,259,2.15,31.97,34.94,434.78,422.3,32.305,34.913,72.99,500.1,1801,99.64
"2",12:54:50,"20230907","BNL19791","20230907_Aci_Ron_19791","YES",8.96,102,265,2.27,32.41,35.35,434.61,422.67,32.257,34.982,71.31,500,1801,99.64
"3",12:55:51,"20230907","BNL19791","20230907_Aci_Ron_19791","NO",9.1,99.4,259,2.23,31.96,35.19,434.98,422.91,32.239,34.853,72.89,500,1800,99.64
"4",12:56:52,"20230907","BNL19791","20230907_Aci_Ron_19791","NO",5.38,99.6,195,2.19,31.72,35.04,300.02,292.78,32.212,34.786,73.73,500.1,1800,99.64
"5",12:58:14,"20230907","BNL19791","20230907_Aci_Ron_19791","NO",4.14,103,171,2.15,31.66,34.91,250.06,244.44,32.166,34.77,73.94,500,1801,99.64
"6",12:59:36,"20230907","BNL19791","20230907_Aci_Ron_19791","NO",1.55,109,119,2.12,31.79,34.83,149.97,147.7,32.134,34.845,73.57,500,1801,99.64
"7",13:00:58,"20230907","BNL19791","20230907_Aci_Ron_19791","NO",0.148,116,94,2.11,31.91,34.84,100.03,99.55,32.106,34.979,73.35,500,1801,99.65
"8",13:02:20,"20230907","BNL19791","20230907_Aci_Ron_19791","NO",-1.31,125,66.8,2.11,31.99,34.89,50,51.41,32.109,35.175,73.46,500.1,1800,99.64
"9",13:04:18,"20230907","BNL19791","20230907_Aci_Ron_19791","YES",10,137,287,2.08,32.01,34.88,434.59,421.09,32.113,35.425,73.89,500,1800,99.64
"10",13:05:45,"20230907","BNL19791","20230907_Aci_Ron_19791","YES",10.2,144,290,2.07,32.02,34.9,434.28,420.48,32.142,35.603,74.22,500.1,1800,99.64
"11",13:07:07,"20230907","BNL19791","20230907_Aci_Ron_19791","NO",11.4,147,318,2.06,32.02,34.89,475.71,460.34,32.151,35.665,74.33,500,1800,99.64
"12",13:09:08,"20230907","BNL19791","20230907_Aci_Ron_19791","NO",13.3,140,382,2.09,32.03,34.92,574.94,557.02,32.137,35.516,73.99,500.1,1799,99.64
"13",13:11:10,"20230907","BNL19791","20230907_Aci_Ron_19791","NO",14.3,119,436,2.15,32.03,35,674.73,655.53,32.083,35.075,73.06,500,1800,99.63
"14",13:12:38,"20230907","BNL19791","20230907_Aci_Ron_19791","NO",15.4,103,509,2.2,32.03,35.04,800.11,779.45,32.04,34.709,72.31,500.1,1800,99.63
"15",13:14:34,"20230907","BNL19791","20230907_Aci_Ron_19791","NO",16.3,85.3,634,2.26,32.03,35.1,1000.45,978.54,31.997,34.282,71.4,500,1800,99.62
"16",13:16:37,"20230907","BNL19791","20230907_Aci_Ron_19791","NO",18.2,68.5,896,2.32,31.83,35.14,1400.15,1375.57,31.981,33.871,71.33,500.1,1800,99.61
"17",13:18:35,"20230907","BNL19791","20230907_Aci_Ron_19791","NO",19.2,56.2,1160,2.35,31.78,35.13,1800.07,1774.17,31.954,33.534,70.83,500.1,1800,99.6
"18",13:20:11,"20230907","BNL19791","20230907_Aci_Ron_19791","YES",4.61,49.2,263,2.34,31.51,35.04,434.65,428.51,31.995,33.374,71.59,500,1800,99.6
"1",10:37:16,"20230908","BNL19794","20230908_ACi_der_19794","YES",5.24,52.9,259,1.44,30.11,32.42,434.66,427.97,33.594,34.498,80.32,499.7,1800,99.98
"2",10:39:35,"20230908","BNL19794","20230908_ACi_der_19794","NO",5.35,54.1,259,1.43,30.17,32.41,435.02,428.19,33.646,34.566,80.35,499.7,1800,99.98
"3",10:40:57,"20230908","BNL19794","20230908_ACi_der_19794","NO",5.26,54.5,263,1.42,30.15,32.38,434.92,428.19,33.645,34.565,80.43,499.7,1800,99.98
"4",10:42:23,"20230908","BNL19794","20230908_ACi_der_19794","NO",3.25,55.5,195,1.41,30.11,32.31,299.94,295.76,33.615,34.541,80.53,499.7,1800,99.98
"5",10:43:45,"20230908","BNL19794","20230908_ACi_der_19794","NO",2.59,59.6,171,1.39,30.11,32.28,250.04,246.68,33.597,34.581,80.62,499.7,1799,99.98
"6",10:45:07,"20230908","BNL19794","20230908_ACi_der_19794","NO",1.54,68.7,133,1.37,30.12,32.26,174.86,172.81,33.606,34.72,80.91,500.7,1799,99.97
"7",10:46:29,"20230908","BNL19794","20230908_ACi_der_19794","NO",0.841,83,105,1.35,30.12,32.24,125.08,123.9,33.612,34.927,81.4,499.7,1799,99.98
"8",10:47:51,"20230908","BNL19794","20230908_ACi_der_19794","NO",-0.0644,97.3,69.6,1.32,30.11,32.18,70.11,70.08,33.609,35.105,81.86,499.7,1799,99.97
"9",10:49:13,"20230908","BNL19794","20230908_ACi_der_19794","NO",-0.422,111,55.5,1.29,30.11,32.15,49.97,50.39,33.605,35.277,82.25,499.7,1799,99.97
"10",10:51:22,"20230908","BNL19794","20230908_ACi_der_19794","NO",7.04,126,325,1.27,30.12,32.14,435.15,425.88,33.619,35.47,82.65,499.6,1800,99.97
"11",10:52:44,"20230908","BNL19794","20230908_ACi_der_19794","YES",6.88,121,323,1.27,30.12,32.13,434.99,425.95,33.654,35.43,82.57,499.7,1799,99.97
"12",10:54:19,"20230908","BNL19794","20230908_ACi_der_19794","NO",7.4,106,341,1.29,30.1,32.14,474.94,465.29,33.66,35.247,82.21,499.7,1800,99.97
"13",10:56:17,"20230908","BNL19794","20230908_ACi_der_19794","NO",9.12,91.4,487,1.31,30.09,32.14,674.98,663.07,33.669,35.071,81.87,499.7,1800,99.96
"14",10:57:47,"20230908","BNL19794","20230908_ACi_der_19794","NO",9.49,82.5,584,1.32,30.07,32.12,800.19,787.75,33.644,34.92,81.61,499.7,1800,99.96
"15",10:59:45,"20230908","BNL19794","20230908_ACi_der_19794","NO",9.76,71,743,1.33,30.05,32.11,1000.07,987.2,33.593,34.711,81.22,499.7,1800,99.96
"16",11:01:24,"20230908","BNL19794","20230908_ACi_der_19794","NO",10.2,63,1090,1.36,30.05,32.14,1399.84,1386.11,33.563,34.574,80.88,499.7,1801,99.96
"17",11:03:31,"20230908","BNL19794","20230908_ACi_der_19794","NO",10.2,54.4,1450,1.4,30.09,32.25,1800.22,1786.36,33.566,34.469,80.44,499.7,1799,99.95
"18",11:05:09,"20230908","BNL19794","20230908_ACi_der_19794","YES",3.74,49.1,298,1.41,30.1,32.28,434.73,429.87,33.603,34.427,80.3,499.6,1799,99.95
"1",11:07:28,"20230908","BNL19792","20230908_ACi_ron_19792","NO",9.4,97.7,252,2.17,31.44,35.52,435.41,423.04,34.012,36.503,78.77,500.1,1798,99.82
"2",11:08:58,"20230908","BNL19792","20230908_ACi_ron_19792","YES",9.5,100,254,2.18,31.47,35.56,434.96,422.44,34.013,36.568,78.78,500,1800,99.82
"3",11:09:59,"20230908","BNL19792","20230908_ACi_ron_19792","NO",9.48,101,256,2.16,31.47,35.52,434.96,422.46,34.017,36.588,78.81,500.1,1800,99.82
"4",11:11:00,"20230908","BNL19792","20230908_ACi_ron_19792","NO",5.77,101,190,2.16,31.47,35.52,300.17,292.46,34.023,36.595,78.83,500.1,1800,99.82
"5",11:12:22,"20230908","BNL19792","20230908_ACi_ron_19792","NO",4.47,102,164,2.16,31.47,35.54,250.19,244.16,34.013,36.604,78.85,500.1,1800,99.82
"6",11:13:44,"20230908","BNL19792","20230908_ACi_ron_19792","NO",1.7,113,119,1.88,31.46,34.6,149.99,147.57,33.983,36.473,78.62,500.1,1801,99.82
"7",11:15:06,"20230908","BNL19792","20230908_ACi_ron_19792","NO",0.284,115,92.3,1.87,31.46,34.56,100.04,99.44,33.986,36.491,78.65,500.1,1801,99.81
"8",11:16:28,"20230908","BNL19792","20230908_ACi_ron_19792","NO",-1.11,117,65.1,1.87,31.46,34.57,50.03,51.23,34.018,36.561,78.78,500.1,1800,99.81
"9",11:18:27,"20230908","BNL19792","20230908_ACi_ron_19792","YES",10,121,273,1.85,31.47,34.56,434.46,421.3,34.068,36.669,78.97,500.1,1800,99.8
"10",11:19:55,"20230908","BNL19792","20230908_ACi_ron_19792","YES",10.2,123,273,1.85,31.49,34.61,434.18,420.8,34.135,36.792,79.14,500.1,1799,99.8
"11",11:21:04,"20230908","BNL19792","20230908_ACi_ron_19792","NO",11.3,122,294,1.87,31.5,34.69,474.2,459.41,34.195,36.847,79.21,500.1,1800,99.8
"12",11:23:10,"20230908","BNL19792","20230908_ACi_ron_19792","NO",13.6,128,366,1.86,31.52,34.73,574.93,556.99,34.325,37.095,79.69,500.1,1800,99.8
"13",11:24:33,"20230908","BNL19792","20230908_ACi_ron_19792","NO",15.6,121,424,1.86,31.53,34.72,674.77,654.3,34.41,37.037,79.51,500.1,1800,99.8
"14",11:25:58,"20230908","BNL19792","20230908_ACi_ron_19792","NO",17.3,117,512,1.87,31.52,34.7,800.03,777.23,34.441,36.983,79.43,500.1,1801,99.8
"15",11:27:59,"20230908","BNL19792","20230908_ACi_ron_19792","NO",19.8,100,619,2.14,31.51,35.58,1000.23,973.87,34.434,36.96,79.43,500.1,1801,99.79
"16",11:30:03,"20230908","BNL19792","20230908_ACi_ron_19792","NO",23.2,83.8,872,2.21,31.5,35.66,1399.65,1368.65,34.396,36.582,78.63,500.1,1800,99.79
"17",11:31:59,"20230908","BNL19792","20230908_ACi_ron_19792","NO",24.2,67.4,1130,2,31.5,34.81,1800.05,1768.02,34.359,35.959,77.3,500.1,1800,99.79
"18",11:33:33,"20230908","BNL19792","20230908_ACi_ron_19792","YES",5.36,51.3,244,2.36,31.51,35.9,434.81,427.74,34.421,35.866,77.05,500.1,1799,99.78
"1",14:11:27,"20230908","BNL19795","20230908_ACi_ron_19795","YES",5.92,56.3,243,2.44,30.71,35.37,435.42,427.58,31.776,33.419,74.96,500.1,1799,99.53
"2",14:12:38,"20230908","BNL19795","20230908_ACi_ron_19795","NO",5.64,55,247,2.44,30.72,35.38,434.85,427.37,31.81,33.419,74.93,500.1,1800,99.52
"3",14:13:39,"20230908","BNL19795","20230908_ACi_ron_19795","NO",5.57,53.6,245,2.45,30.72,35.42,435.07,427.69,31.842,33.42,74.89,500.1,1800,99.52
"4",14:14:40,"20230908","BNL19795","20230908_ACi_ron_19795","NO",3.17,53.5,189,2.46,30.73,35.45,300.13,295.85,31.873,33.45,74.95,500.1,1799,99.52
"5",14:16:02,"20230908","BNL19795","20230908_ACi_ron_19795","NO",2.53,56.3,165,2.45,30.74,35.45,250.17,246.72,31.901,33.555,75.14,500.1,1799,99.52
"6",14:17:24,"20230908","BNL19795","20230908_ACi_ron_19795","NO",0.885,63.3,121,2.21,30.73,34.69,150.1,148.78,31.927,33.595,75.24,500.1,1800,99.52
"7",14:18:46,"20230908","BNL19795","20230908_ACi_ron_19795","NO",-0.0353,68.9,97.2,2.19,30.74,34.7,100.11,99.96,31.969,33.77,75.58,500.1,1799,99.51
"8",14:20:08,"20230908","BNL19795","20230908_ACi_ron_19795","NO",-0.881,74.4,68.2,2.18,30.75,34.69,50.07,51.03,32.004,33.928,75.91,500.1,1800,99.51
"9",14:22:19,"20230908","BNL19795","20230908_ACi_ron_19795","YES",6.14,77.6,284,2.19,30.76,34.76,434.92,426.66,32.013,34.029,76.1,500.1,1800,99.51
"10",14:23:41,"20230908","BNL19795","20230908_ACi_ron_19795","YES",5.5,63.9,274,2.22,30.76,34.76,434.89,427.54,32.035,33.725,75.42,500.1,1799,99.51
"11",14:24:42,"20230908","BNL19795","20230908_ACi_ron_19795","NO",6.38,59.5,278,2.24,30.76,34.8,474.75,466.32,32.041,33.634,75.19,500.1,1799,99.51
"12",14:26:12,"20230908","BNL19795","20230908_ACi_ron_19795","NO",7.45,54.3,325,2.26,30.77,34.82,574.68,564.89,32.065,33.531,74.93,500,1800,99.5
"13",14:27:46,"20230908","BNL19795","20230908_ACi_ron_19795","NO",8.5,46.1,344,2.5,30.78,35.59,674.84,663.69,32.117,33.504,74.83,500.1,1799,99.5
"14",14:29:17,"20230908","BNL19795","20230908_ACi_ron_19795","NO",9.21,45.3,435,2.28,30.77,34.85,800.1,788.05,32.159,33.399,74.62,500,1799,99.5
"15",14:31:18,"20230908","BNL19795","20230908_ACi_ron_19795","NO",10.1,34.3,484,2.32,30.78,34.91,1000.37,987.31,32.227,33.185,74.12,500.1,1799,99.51
"16",14:33:18,"20230908","BNL19795","20230908_ACi_ron_19795","NO",12.3,27.1,614,2.36,30.79,35.01,1400.54,1384.7,32.281,33.055,73.78,500.1,1799,99.5
"17",14:35:27,"20230908","BNL19795","20230908_ACi_ron_19795","NO",13.1,22,769,2.4,30.81,35.09,1800.24,1783.32,32.319,32.957,73.49,500.1,1800,99.49
"18",14:37:04,"20230908","BNL19795","20230908_ACi_ron_19795","YES",1.72,20.4,282,2.41,30.81,35.13,434.92,432.58,32.386,32.983,73.53,500.1,1799,99.49
"1",10:46:22,"20230912","BNL19846","20230912_ACi_ron_19846","YES",4.18,41.9,257,1.79,29.22,32.61,434.61,429.2,30.677,31.57,77.47,500.1,1800,99.96
"2",10:50:14,"20230912","BNL19846","20230912_ACi_ron_19846","NO",4.39,41.7,248,1.92,29.23,33.18,434.93,429.23,30.887,31.844,78.09,500.1,1799,99.95
"3",10:51:15,"20230912","BNL19846","20230912_ACi_ron_19846","NO",4.44,41.9,247,1.92,29.23,33.2,435.11,429.36,30.93,31.891,78.2,500.1,1799,99.95
"4",10:52:16,"20230912","BNL19846","20230912_ACi_ron_19846","NO",2.38,42.5,198,1.92,29.23,33.2,300.02,296.87,30.953,31.926,78.3,500,1800,99.96
"5",10:53:38,"20230912","BNL19846","20230912_ACi_ron_19846","NO",1.97,42.7,166,1.91,29.23,33.2,250.12,247.51,31.01,31.985,78.43,500,1800,99.96
"6",10:55:00,"20230912","BNL19846","20230912_ACi_ron_19846","NO",0.599,43.3,122,1.91,29.24,33.21,149.96,149.09,31.08,32.067,78.61,500.1,1800,99.96
"7",10:56:22,"20230912","BNL19846","20230912_ACi_ron_19846","NO",-0.0288,44.6,97.9,1.9,29.24,33.21,100.02,99.95,31.118,32.13,78.76,500.1,1800,99.96
"8",10:57:44,"20230912","BNL19846","20230912_ACi_ron_19846","NO",-0.662,45.2,72.6,1.88,29.24,33.19,50.06,50.8,31.203,32.219,78.97,500,1800,99.96
"9",10:59:42,"20230912","BNL19846","20230912_ACi_ron_19846","YES",5.1,48.6,249,1.68,29.25,32.49,434.96,428.41,31.368,32.339,79.22,500,1799,99.95
"10",11:01:04,"20230912","BNL19846","20230912_ACi_ron_19846","YES",4.74,49.1,262,1.67,29.26,32.51,434.92,428.8,31.465,32.443,79.42,500.1,1799,99.95
"11",11:02:05,"20230912","BNL19846","20230912_ACi_ron_19846","NO",5.54,48.8,273,1.67,29.26,32.53,474.7,467.58,31.509,32.482,79.51,500.1,1800,99.96
"12",11:03:42,"20230912","BNL19846","20230912_ACi_ron_19846","NO",6.4,48.1,338,1.67,29.26,32.52,574.9,566.66,31.547,32.503,79.57,500.1,1800,99.96
"13",11:05:06,"20230912","BNL19846","20230912_ACi_ron_19846","NO",7.31,47.6,402,1.67,29.26,32.52,674.97,665.56,31.601,32.545,79.66,500.1,1800,99.96
"14",11:06:34,"20230912","BNL19846","20230912_ACi_ron_19846","NO",7.82,46.9,502,1.66,29.27,32.51,800.44,790.3,31.673,32.599,79.78,500.1,1800,99.95
"15",11:08:44,"20230912","BNL19846","20230912_ACi_ron_19846","NO",8.5,45.7,664,1.66,29.27,32.54,1000,988.87,31.799,32.7,80.01,500.1,1800,99.94
"16",11:10:42,"20230912","BNL19846","20230912_ACi_ron_19846","NO",9.59,43.6,999,1.66,29.27,32.56,1400.53,1387.79,31.878,32.74,80.09,500.1,1799,99.94
"17",11:12:52,"20230912","BNL19846","20230912_ACi_ron_19846","NO",10.3,41.6,1340,1.65,29.27,32.56,1800.11,1786.21,31.961,32.781,80.22,500.1,1800,99.94
"18",11:14:29,"20230912","BNL19846","20230912_ACi_ron_19846","YES",2.51,40.1,320,1.65,29.26,32.57,434.98,431.62,32.001,32.793,80.27,500.1,1801,99.94
"1",13:10:24,"20230912","BNL19847","20230912_ACi_ron_19847","YES",2.75,28.8,265,2.08,31.96,34.9,434.97,431.35,34.75,35.472,74.24,500.1,1799,99.7
"2",14:24:40,"20230912","BNL19847","20230912_ACi_ron_19847","YES",5.29,55.5,262,1.81,32.03,34.13,434.91,428.02,34.703,35.901,74.69,500.1,1800,99.53
"3",14:25:41,"20230912","BNL19847","20230912_ACi_ron_19847","NO",5.24,49.2,243,2.1,32.04,35.12,434.82,427.98,34.726,35.967,74.81,500.1,1800,99.53
"4",14:26:42,"20230912","BNL19847","20230912_ACi_ron_19847","NO",2.91,49.1,191,2.1,32.04,35.12,300.01,296.14,34.761,35.997,74.87,500.1,1800,99.53
"5",14:28:04,"20230912","BNL19847","20230912_ACi_ron_19847","NO",2.17,49.3,168,2.1,32.04,35.11,250.13,247.2,34.762,36.003,74.89,500.1,1800,99.53
"6",14:29:26,"20230912","BNL19847","20230912_ACi_ron_19847","NO",0.639,49.9,123,2.09,32.03,35.1,149.99,149.04,34.769,36.02,74.94,500.1,1800,99.53
"7",14:30:48,"20230912","BNL19847","20230912_ACi_ron_19847","NO",-0.195,56.7,103,1.8,32.04,34.13,100.03,100.13,34.823,36.038,74.95,500.1,1800,99.53
"8",14:32:10,"20230912","BNL19847","20230912_ACi_ron_19847","NO",-0.921,57.6,75.3,1.8,32.04,34.16,50.09,51.13,34.879,36.112,75.09,500.1,1799,99.53
"9",14:34:11,"20230912","BNL19847","20230912_ACi_ron_19847","NO",5.84,52.6,236,2.08,32.05,35.14,435.06,427.47,34.991,36.301,75.45,500.1,1799,99.53
"10",14:35:33,"20230912","BNL19847","20230912_ACi_ron_19847","YES",5.52,53.7,249,2.07,32.06,35.16,434.89,427.68,35.086,36.418,75.66,500.1,1799,99.53
"11",14:36:34,"20230912","BNL19847","20230912_ACi_ron_19847","NO",6.57,53.2,253,2.07,32.06,35.16,474.77,466.25,35.17,36.486,75.8,500.1,1800,99.53
"12",14:38:05,"20230912","BNL19847","20230912_ACi_ron_19847","NO",7.96,52.2,302,2.06,32.06,35.18,574.84,564.53,35.294,36.584,75.99,500.1,1800,99.52
"13",14:39:38,"20230912","BNL19847","20230912_ACi_ron_19847","NO",9.11,50.8,354,2.06,32.06,35.19,674.91,663.12,35.41,36.662,76.14,500.1,1800,99.52
"14",14:41:06,"20230912","BNL19847","20230912_ACi_ron_19847","NO",10,48.8,432,2.07,32.07,35.23,800.35,787.32,35.507,36.714,76.22,500.1,1799,99.52
"15",14:43:22,"20230912","BNL19847","20230912_ACi_ron_19847","NO",11.7,50.7,582,2.11,32.1,35.39,999.66,984.32,35.545,36.825,76.32,500.1,1800,99.52
"16",14:45:21,"20230912","BNL19847","20230912_ACi_ron_19847","NO",13.9,39.6,775,2.11,32.09,35.32,1400.45,1382.28,35.579,36.583,75.85,500,1799,99.53
"17",14:47:31,"20230912","BNL19847","20230912_ACi_ron_19847","NO",15.2,34.7,1020,2.12,32.09,35.35,1800.48,1780.66,35.621,36.509,75.7,500.1,1801,99.53
"18",14:49:09,"20230912","BNL19847","20230912_ACi_ron_19847","YES",2.15,31.6,309,2.13,32.08,35.36,434.92,431.98,35.689,36.5,75.72,500.1,1801,99.53
"1",11:56:41,"20230913","BNL19853","20230913_ACi_der_19853","YES",7.98,101,284,1.61,32.37,33.65,434.66,424.26,34.369,36.27,74.38,500.6,1799,99.98
"2",11:58:03,"20230913","BNL19853","20230913_ACi_der_19853","NO",8.17,101,281,1.62,32.4,33.72,434.94,424.31,34.506,36.411,74.54,500.5,1799,99.98
"3",11:59:25,"20230913","BNL19853","20230913_ACi_der_19853","NO",8.17,100,281,1.62,32.41,33.76,435.04,424.41,34.665,36.558,74.78,500.5,1800,99.98
"4",12:00:59,"20230913","BNL19853","20230913_ACi_der_19853","NO",5.16,100,202,1.6,32.39,33.73,299.99,293.23,34.794,36.664,75.09,500.6,1801,99.97
"5",12:02:21,"20230913","BNL19853","20230913_ACi_der_19853","NO",4,101,174,1.58,32.38,33.7,250.09,244.82,34.851,36.714,75.24,500.6,1801,99.97
"6",12:03:43,"20230913","BNL19853","20230913_ACi_der_19853","NO",2.26,102,131,1.57,32.37,33.68,175,171.96,34.884,36.759,75.36,500.6,1801,99.97
"7",12:05:05,"20230913","BNL19853","20230913_ACi_der_19853","NO",0.944,103,105,1.57,32.37,33.69,124.98,123.61,34.931,36.815,75.46,500.5,1799,99.96
"8",12:06:27,"20230913","BNL19853","20230913_ACi_der_19853","NO",-0.254,106,72.2,1.55,32.37,33.63,69.9,70.07,34.943,36.858,75.56,500.6,1799,99.96
"9",12:07:49,"20230913","BNL19853","20230913_ACi_der_19853","NO",-0.666,108,59.4,1.54,32.38,33.62,49.93,50.63,34.966,36.9,75.62,500.6,1799,99.96
"10",12:10:01,"20230913","BNL19853","20230913_ACi_der_19853","YES",7.79,109,298,1.54,32.39,33.64,435.03,424.82,35.007,36.97,75.69,500.6,1800,99.95
"11",12:11:23,"20230913","BNL19853","20230913_ACi_der_19853","NO",7.8,111,299,1.55,32.41,33.68,435.11,424.89,35.04,37.03,75.76,500.6,1800,99.95
"12",12:12:57,"20230913","BNL19853","20230913_ACi_der_19853","NO",8.74,111,323,1.54,32.41,33.67,474.88,463.44,35.072,37.067,75.82,500.5,1800,99.95
"13",12:14:55,"20230913","BNL19853","20230913_ACi_der_19853","NO",11.2,112,481,1.53,32.41,33.65,675.06,660.29,35.121,37.112,75.91,500.5,1800,99.95
"14",12:16:25,"20230913","BNL19853","20230913_ACi_der_19853","NO",11.9,112,591,1.53,32.41,33.66,800.16,784.25,35.184,37.171,76,500.5,1799,99.94
"15",12:18:14,"20230913","BNL19853","20230913_ACi_der_19853","NO",12.4,109,773,1.52,32.39,33.62,1000.17,983.31,35.211,37.139,76.04,500.5,1800,99.93
"16",12:20:14,"20230913","BNL19853","20230913_ACi_der_19853","NO",13.6,106,1140,1.53,32.39,33.64,1399.25,1380.21,35.227,37.11,75.96,500.6,1799,99.93
"17",12:22:32,"20230913","BNL19853","20230913_ACi_der_19853","NO",14.2,102,1510,1.53,32.38,33.62,1799.83,1779.5,35.209,37.026,75.84,500.6,1799,99.93
"18",12:24:34,"20230913","BNL19853","20230913_ACi_der_19853","YES",6.35,99.2,312,1.54,32.36,33.61,434.85,426.45,35.169,36.949,75.78,500.5,1800,99.93
"1",14:00:56,"20230913","BNL19855","20230913_Aci_der_19855","YES",6.95,68.2,248,1.69,33.42,34.31,433.42,424.48,36.199,37.566,72.45,499.6,2001,99.71
"2",14:04:36,"20230913","BNL19855","20230913_Aci_der_19855","NO",6.59,67.9,258,1.68,33.33,34.2,434.84,426.33,35.986,37.34,72.36,499.7,2001,99.71
"3",14:05:58,"20230913","BNL19855","20230913_Aci_der_19855","NO",6.67,68,257,1.67,33.3,34.14,435.11,426.51,35.899,37.247,72.29,499.7,2000,99.71
"4",14:07:32,"20230913","BNL19855","20230913_Aci_der_19855","NO",3.94,68.9,195,1.68,33.29,34.15,299.98,294.83,35.79,37.164,72.14,499.6,2000,99.7
"5",14:08:54,"20230913","BNL19855","20230913_Aci_der_19855","NO",2.91,69.2,171,1.69,33.29,34.13,250.04,246.19,35.679,37.063,71.96,499.7,2000,99.7
"6",14:10:16,"20230913","BNL19855","20230913_Aci_der_19855","NO",1.5,70,134,1.69,33.28,34.11,174.95,172.9,35.566,36.969,71.81,499.7,2000,99.7
"7",14:11:38,"20230913","BNL19855","20230913_Aci_der_19855","NO",0.529,71.1,109,1.7,33.28,34.11,125.07,124.25,35.433,36.867,71.62,499.7,2001,99.69
"8",14:13:00,"20230913","BNL19855","20230913_Aci_der_19855","NO",-0.578,73,81.3,1.71,33.28,34.1,69.92,70.5,35.315,36.791,71.47,499.6,2001,99.69
"9",14:14:22,"20230913","BNL19855","20230913_Aci_der_19855","NO",-0.76,74.4,65.8,1.71,33.27,34.09,49.89,50.73,35.201,36.71,71.34,499.6,2001,99.69
"10",14:16:33,"20230913","BNL19855","20230913_Aci_der_19855","NO",6.86,77.4,271,1.72,33.28,34.08,435.05,426.12,35.026,36.599,71.1,499.7,1999,99.68
"11",14:17:59,"20230913","BNL19855","20230913_Aci_der_19855","YES",6.9,78.3,271,1.73,33.29,34.11,434.85,425.85,34.943,36.546,70.94,499.7,1999,99.68
"12",14:19:34,"20230913","BNL19855","20230913_Aci_der_19855","NO",7.63,75.8,289,1.75,33.3,34.13,474.83,464.91,34.871,36.44,70.68,499.7,1999,99.67
"13",14:21:29,"20230913","BNL19855","20230913_Aci_der_19855","NO",10.7,68.2,389,1.78,33.33,34.18,675.15,661.26,34.819,36.264,70.23,499.6,1999,99.67
"14",14:22:59,"20230913","BNL19855","20230913_Aci_der_19855","NO",12,61.4,448,1.81,33.36,34.24,800.14,784.68,34.814,36.139,69.88,499.7,1999,99.67
"15",14:24:49,"20230913","BNL19855","20230913_Aci_der_19855","NO",13.7,53,540,1.84,33.37,34.28,1000.26,982.65,34.818,35.983,69.53,499.7,1999,99.67
"16",14:26:28,"20230913","BNL19855","20230913_Aci_der_19855","NO",17.1,45.9,742,1.86,33.37,34.3,1399.85,1377.9,34.793,35.816,69.22,499.7,1999,99.67
"17",14:28:31,"20230913","BNL19855","20230913_Aci_der_19855","NO",18.3,38.4,962,1.9,33.38,34.34,1800.08,1776.52,34.744,35.617,68.77,499.7,2000,99.66
"18",14:30:06,"20230913","BNL19855","20230913_Aci_der_19855","YES",3.18,33,264,1.91,33.38,34.36,434.89,430.73,34.734,35.494,68.53,499.7,2000,99.66
"1",16:22:42,"20230913","BNL19856","20230913_Aci_der_19856","YES",3.56,26.8,205,2,33.23,34.37,434.93,430.37,34.027,34.675,67.46,499.7,1801,99.54
"2",16:24:14,"20230913","BNL19856","20230913_Aci_der_19856","NO",3.58,26.4,201,1.99,33.21,34.33,434.96,430.38,34.019,34.655,67.46,499.7,1801,99.54
"3",16:25:34,"20230913","BNL19856","20230913_Aci_der_19856","NO",3.53,26.1,202,1.99,33.21,34.32,435.08,430.56,34.007,34.636,67.46,499.7,1801,99.53
"4",16:27:08,"20230913","BNL19856","20230913_Aci_der_19856","NO",1.99,25.9,166,1.98,33.19,34.29,299.97,297.38,33.997,34.618,67.48,499.6,1801,99.53
"5",16:28:28,"20230913","BNL19856","20230913_Aci_der_19856","NO",1.37,25.9,157,1.97,33.17,34.25,250.15,248.35,33.985,34.603,67.51,499.7,1801,99.54
"6",16:29:48,"20230913","BNL19856","20230913_Aci_der_19856","NO",0.672,25.8,127,1.97,33.16,34.25,175.05,174.13,33.979,34.594,67.53,499.7,1801,99.54
"7",16:31:08,"20230913","BNL19856","20230913_Aci_der_19856","NO",0.123,26.5,113,1.97,33.16,34.23,125.05,124.82,33.976,34.605,67.57,499.7,1801,99.54
"8",16:32:28,"20230913","BNL19856","20230913_Aci_der_19856","NO",-0.546,27.1,100,1.97,33.16,34.22,70.04,70.65,33.967,34.61,67.59,499.7,1801,99.54
"9",16:33:48,"20230913","BNL19856","20230913_Aci_der_19856","YES",-0.563,27.8,81.2,1.97,33.16,34.23,50,50.64,33.938,34.598,67.55,499.6,1801,99.53
"10",16:35:52,"20230913","BNL19856","20230913_Aci_der_19856","YES",3.97,28.8,197,1.97,33.16,34.22,435.06,429.99,33.875,34.561,67.47,499.7,1801,99.53
"11",16:37:12,"20230913","BNL19856","20230913_Aci_der_19856","NO",3.78,29.1,210,1.98,33.17,34.23,435.06,430.21,33.845,34.539,67.42,499.7,1800,99.53
"12",16:38:44,"20230913","BNL19856","20230913_Aci_der_19856","NO",4.07,27.6,220,1.98,33.16,34.24,474.87,469.65,33.802,34.462,67.27,499.7,1800,99.53
"13",16:40:38,"20230913","BNL19856","20230913_Aci_der_19856","NO",5.33,23.3,283,2,33.17,34.25,674.82,668.03,33.757,34.32,66.99,499.7,1800,99.54
"14",16:42:06,"20230913","BNL19856","20230913_Aci_der_19856","NO",5.63,19.8,317,2.01,33.17,34.26,799.98,792.82,33.728,34.213,66.77,499.7,1800,99.54
"15",16:43:55,"20230913","BNL19856","20230913_Aci_der_19856","NO",6.33,17,370,2.03,33.16,34.27,1000.24,992.21,33.709,34.127,66.63,499.7,1800,99.55
"16",16:45:39,"20230913","BNL19856","20230913_Aci_der_19856","NO",8.32,15.1,470,2.04,33.17,34.28,1400.04,1389.52,33.699,34.071,66.5,499.7,1800,99.55
"17",16:47:40,"20230913","BNL19856","20230913_Aci_der_19856","NO",9.07,12.8,612,2.04,33.17,34.29,1800.27,1788.78,33.702,34.02,66.41,499.7,1800,99.55
"18",16:49:14,"20230913","BNL19856","20230913_Aci_der_19856","YES",0.894,10.6,286,2.03,33.14,34.24,434.88,433.69,33.746,34.006,66.51,499.7,1800,99.57
"1",13:01:56,"20230913","BNL19854","20230913_ACi_ron_19854","YES",5.37,49.1,238,2.03,32.17,34.8,434.26,427.28,34.483,35.675,73.78,500.1,1800,99.69
"2",13:58:18,"20230913","BNL19854","20230913_ACi_ron_19854","NO",5.98,63.8,262,2.03,32.22,35.05,434.89,427.03,34.94,36.481,75.16,500.1,1800,99.59
"3",13:59:40,"20230913","BNL19854","20230913_ACi_ron_19854","NO",6.09,63.9,260,2.04,32.21,35.04,435.16,427.17,34.855,36.403,75.03,500.1,1800,99.59
"4",14:00:41,"20230913","BNL19854","20230913_ACi_ron_19854","NO",3.17,64.4,207,2.03,32.2,35,299.97,295.69,34.802,36.356,74.99,500.1,1800,99.59
"5",14:02:03,"20230913","BNL19854","20230913_ACi_ron_19854","NO",2.52,64.4,176,2.02,32.19,34.96,250.22,246.8,34.716,36.269,74.85,500.1,1799,99.58
"6",14:03:25,"20230913","BNL19854","20230913_ACi_ron_19854","NO",0.602,65.4,129,2.02,32.17,34.92,149.99,149.03,34.614,36.187,74.72,500.1,1800,99.58
"7",14:04:47,"20230913","BNL19854","20230913_ACi_ron_19854","NO",-0.388,65.2,107,2.03,32.16,34.9,100.1,100.4,34.503,36.076,74.56,500.1,1801,99.58
"8",14:06:09,"20230913","BNL19854","20230913_ACi_ron_19854","NO",-1.19,65.6,78.8,2.02,32.15,34.85,50.12,51.46,34.377,35.954,74.35,500.1,1801,99.57
"9",14:08:10,"20230913","BNL19854","20230913_ACi_ron_19854","YES",6.05,66,266,2.03,32.13,34.82,434.84,426.88,34.171,35.767,74.03,500.1,1800,99.57
"10",14:09:32,"20230913","BNL19854","20230913_ACi_ron_19854","YES",5.87,66.5,271,2.03,32.13,34.77,434.76,427.01,34.037,35.642,73.77,500.1,1800,99.57
"11",14:10:33,"20230913","BNL19854","20230913_ACi_ron_19854","NO",7.06,66.9,281,2.04,32.13,34.78,474.76,465.51,33.945,35.569,73.63,500.1,1799,99.56
"12",14:12:03,"20230913","BNL19854","20230913_ACi_ron_19854","NO",8.52,66.8,340,2.05,32.13,34.79,574.76,563.58,33.826,35.458,73.37,500.1,1799,99.56
"13",14:13:35,"20230913","BNL19854","20230913_ACi_ron_19854","NO",9.81,67.7,407,2.07,32.14,34.82,674.74,661.83,33.726,35.391,73.21,500.1,1799,99.56
"14",14:15:24,"20230913","BNL19854","20230913_ACi_ron_19854","NO",10.7,67.6,506,2.08,32.15,34.84,800.33,786.18,33.632,35.307,72.99,500.1,1799,99.55
"15",14:17:13,"20230913","BNL19854","20230913_ACi_ron_19854","NO",11.7,67.3,672,2.11,32.17,34.92,1000.1,984.37,33.578,35.271,72.83,500.1,1799,99.55
"16",14:19:10,"20230913","BNL19854","20230913_ACi_ron_19854","NO",12.9,67.6,1030,2.14,32.17,35.02,1400.2,1382.27,33.533,35.259,72.78,500.1,1799,99.55
"17",14:21:08,"20230913","BNL19854","20230913_ACi_ron_19854","NO",13.6,66.6,1390,2.15,32.18,35.02,1800.32,1780.87,33.488,35.194,72.61,500.1,1799,99.55
"18",14:22:46,"20230913","BNL19854","20230913_ACi_ron_19854","YES",4.17,66,313,2.14,32.21,34.99,434.96,429.2,33.505,35.189,72.51,500.1,1799,99.55
"1",16:03:08,"20230913","BNL19857","20230913_Aci_ron_19857","YES",6.88,72.8,253,2.24,32.16,35.15,429.12,420.02,32.774,34.717,71.65,500,2000,99.44
"2",16:04:43,"20230913","BNL19857","20230913_Aci_ron_19857","YES",6.72,76.8,269,2.24,32.15,35.13,434.09,425.12,32.603,34.652,71.55,500.1,2001,99.45
"3",16:05:44,"20230913","BNL19857","20230913_Aci_ron_19857","NO",7,72,254,2.25,32.16,35.13,434.98,425.73,32.629,34.559,71.35,500.1,2001,99.45
"4",16:06:45,"20230913","BNL19857","20230913_Aci_ron_19857","NO",3.94,72.4,196,2.26,32.15,35.13,300.24,294.91,32.575,34.518,71.27,500.1,2001,99.46
"5",16:08:07,"20230913","BNL19857","20230913_Aci_ron_19857","NO",2.94,71.1,171,2.27,32.15,35.14,250.09,246.08,32.524,34.443,71.12,500.1,2001,99.46
"6",16:09:29,"20230913","BNL19857","20230913_Aci_ron_19857","NO",0.762,71.1,126,2.26,32.15,35.12,149.94,148.73,32.475,34.392,71.03,500.1,2001,99.46
"7",16:10:51,"20230913","BNL19857","20230913_Aci_ron_19857","NO",-0.349,70.9,104,2.27,32.15,35.14,100.13,100.35,32.445,34.364,70.97,500.1,2000,99.46
"8",16:12:13,"20230913","BNL19857","20230913_Aci_ron_19857","NO",-1.35,71.5,79.8,2.28,32.15,35.14,50.05,51.56,32.424,34.362,70.96,500.1,2001,99.46
"9",16:14:11,"20230913","BNL19857","20230913_Aci_ron_19857","NO",7.09,71.9,251,2.27,32.15,35.1,434.68,425.32,32.383,34.322,70.89,500.1,2001,99.45
"10",16:15:33,"20230913","BNL19857","20230913_Aci_ron_19857","YES",6.9,72.3,257,2.26,32.15,35.09,435.03,425.9,32.375,34.325,70.89,500.1,2001,99.45
"11",16:16:52,"20230913","BNL19857","20230913_Aci_ron_19857","NO",7.84,73.9,277,2.28,32.16,35.16,474.9,464.52,32.387,34.392,71,500.1,2000,99.45
"12",16:18:22,"20230913","BNL19857","20230913_Aci_ron_19857","NO",10.1,72.7,317,2.27,32.15,35.11,574.67,561.39,32.39,34.352,70.93,500.1,2001,99.44
"13",16:20:05,"20230913","BNL19857","20230913_Aci_ron_19857","NO",11.9,72.5,372,2.25,32.15,35.07,675.31,659.73,32.441,34.384,71.02,500.1,2001,99.44
"14",16:21:32,"20230913","BNL19857","20230913_Aci_ron_19857","NO",13.5,71.3,449,2.26,32.14,35.08,799.99,782.21,32.433,34.352,70.96,500.1,2000,99.44
"15",16:23:35,"20230913","BNL19857","20230913_Aci_ron_19857","NO",16.6,67.3,547,2.27,32.14,35.07,1000.16,978.4,32.36,34.183,70.64,500.1,1999,99.44
"16",16:25:36,"20230913","BNL19857","20230913_Aci_ron_19857","NO",20.6,57.6,750,2.3,32.12,35.08,1400.26,1373.27,32.315,33.902,70.12,500.1,2001,99.45
"17",16:27:54,"20230913","BNL19857","20230913_Aci_ron_19857","NO",22.4,43.5,882,2.38,32.13,35.2,1799.9,1770.69,32.244,33.491,69.25,500.1,1999,99.45
"18",16:29:30,"20230913","BNL19857","20230913_Aci_ron_19857","YES",3.45,33.9,252,2.42,32.13,35.26,435.06,430.48,32.241,33.234,68.72,500.1,2000,99.44
"1",10:03:00,"20230914","BNL19859","20230914_ACi_der_19859","NO",7.05,90.9,289,1.38,30.34,31.83,434.3,425.19,31.943,33.409,77.06,499.7,1800,100.2
"2",10:05:36,"20230914","BNL19859","20230914_ACi_der_19859","YES",7.24,89.5,285,1.38,30.36,31.86,435.15,425.83,32.077,33.519,77.24,499.7,1800,100.2
"3",10:06:58,"20230914","BNL19859","20230914_ACi_der_19859","NO",7.24,90.2,286,1.38,30.38,31.89,435,425.67,32.147,33.601,77.33,499.7,1799,100.2
"4",10:08:31,"20230914","BNL19859","20230914_ACi_der_19859","NO",4.64,90.8,204,1.38,30.39,31.91,299.93,293.92,32.216,33.676,77.47,499.7,1799,100.2
"5",10:09:53,"20230914","BNL19859","20230914_ACi_der_19859","NO",3.7,91.8,174,1.38,30.4,31.94,250.08,245.26,32.265,33.741,77.58,499.7,1799,100.2
"6",10:11:15,"20230914","BNL19859","20230914_ACi_der_19859","NO",2.19,93.4,130,1.38,30.41,31.97,174.99,172.09,32.323,33.825,77.71,499.7,1800,100.2
"7",10:12:37,"20230914","BNL19859","20230914_ACi_der_19859","NO",1.05,96.3,103,1.37,30.42,31.96,124.96,123.51,32.356,33.892,77.84,499.7,1800,100.2
"8",10:13:59,"20230914","BNL19859","20230914_ACi_der_19859","NO",-0.201,99.1,71.8,1.36,30.43,31.98,69.94,70.07,32.397,33.974,77.98,499.7,1799,100.2
"9",10:15:21,"20230914","BNL19859","20230914_ACi_der_19859","NO",-0.378,102,55.3,1.35,30.43,31.94,50.03,50.4,32.43,34.035,78.13,499.5,1800,100.2
"10",10:17:29,"20230914","BNL19859","20230914_ACi_der_19859","YES",7.6,106,299,1.34,30.43,31.96,435.23,425.38,32.485,34.141,78.35,499.7,1799,100.2
"11",10:18:51,"20230914","BNL19859","20230914_ACi_der_19859","NO",7.33,108,305,1.34,30.44,31.96,435.08,425.54,32.537,34.213,78.49,499.7,1799,100.2
"12",10:20:28,"20230914","BNL19859","20230914_ACi_der_19859","NO",8.17,108,330,1.34,30.45,31.99,474.9,464.29,32.585,34.264,78.54,499.7,1799,100.2
"13",10:22:26,"20230914","BNL19859","20230914_ACi_der_19859","NO",10.4,107,488,1.34,30.47,32.02,674.86,661.24,32.645,34.315,78.57,499.7,1800,100.2
"14",10:23:57,"20230914","BNL19859","20230914_ACi_der_19859","NO",10.9,105,600,1.34,30.47,32.03,800.19,785.8,32.691,34.337,78.6,499.7,1800,100.2
"15",10:25:48,"20230914","BNL19859","20230914_ACi_der_19859","NO",11.1,105,791,1.33,30.48,32.01,1000.41,985.42,32.75,34.375,78.65,499.7,1800,100.2
"16",10:27:28,"20230914","BNL19859","20230914_ACi_der_19859","NO",11.5,104,1170,1.34,30.49,32.05,1400.19,1384.08,32.808,34.424,78.73,499.7,1799,100.2
"17",10:29:44,"20230914","BNL19859","20230914_ACi_der_19859","NO",11.8,101,1550,1.35,30.51,32.11,1799.96,1782.88,32.886,34.474,78.77,499.7,1799,100.2
"18",10:31:25,"20230914","BNL19859","20230914_ACi_der_19859","YES",5.6,99,326,1.35,30.52,32.14,434.96,427.54,32.98,34.542,78.86,499.7,1800,100.2
"1",12:20:40,"20230914","BNL19860","20230914_Aci_der_19860","YES",12.2,232,320,1.55,33.45,34.86,436.57,420.12,36.545,40.573,78.28,499.6,2001,100
"2",12:24:59,"20230914","BNL19860","20230914_Aci_der_19860","NO",11.6,232,324,1.54,33.46,34.85,434.91,419.23,36.597,40.596,78.29,499.7,2000,99.99
"3",12:26:21,"20230914","BNL19860","20230914_Aci_der_19860","NO",11.5,231,325,1.54,33.46,34.83,435.12,419.53,36.608,40.583,78.29,499.7,2000,99.98
"4",12:27:55,"20230914","BNL19860","20230914_Aci_der_19860","NO",7.44,231,228,1.54,33.46,34.84,300.06,289.92,36.63,40.606,78.32,499.7,2000,99.98
"5",12:29:17,"20230914","BNL19860","20230914_Aci_der_19860","NO",5.74,231,194,1.55,33.49,34.89,250.09,242.19,36.666,40.678,78.33,499.7,2000,99.98
"6",12:30:39,"20230914","BNL19860","20230914_Aci_der_19860","NO",3.29,234,142,1.56,33.51,34.94,175.03,170.36,36.685,40.759,78.37,499.7,2000,99.97
"7",12:32:01,"20230914","BNL19860","20230914_Aci_der_19860","NO",1.47,237,109,1.56,33.53,34.96,124.92,122.62,36.686,40.812,78.42,499.7,2000,99.98
"8",12:33:23,"20230914","BNL19860","20230914_Aci_der_19860","NO",-0.412,240,71.4,1.56,33.53,34.98,70.09,70.28,36.685,40.853,78.47,499.7,1999,99.97
"9",12:34:45,"20230914","BNL19860","20230914_Aci_der_19860","NO",-0.95,241,56.2,1.55,33.52,34.95,49.92,50.84,36.648,40.827,78.49,499.7,2000,99.97
"10",12:36:58,"20230914","BNL19860","20230914_Aci_der_19860","YES",11.3,246,331,1.54,33.52,34.92,434.91,419.49,36.594,40.826,78.47,499.7,1999,99.96
"11",12:38:20,"20230914","BNL19860","20230914_Aci_der_19860","NO",11.3,249,332,1.55,33.54,34.96,435.08,419.66,36.582,40.88,78.48,499.7,2001,99.96
"12",12:39:55,"20230914","BNL19860","20230914_Aci_der_19860","NO",12.3,249,363,1.54,33.53,34.94,474.89,458.13,36.596,40.88,78.51,499.7,2000,99.95
"13",12:41:48,"20230914","BNL19860","20230914_Aci_der_19860","NO",16,249,527,1.54,33.52,34.91,674.84,652.7,36.591,40.848,78.49,499.7,1999,99.95
"14",12:43:20,"20230914","BNL19860","20230914_Aci_der_19860","NO",17.5,248,637,1.54,33.52,34.89,800.09,775.69,36.583,40.824,78.45,499.7,2000,99.94
"15",12:45:12,"20230914","BNL19860","20230914_Aci_der_19860","NO",19,247,818,1.54,33.52,34.89,1000.26,973.21,36.578,40.804,78.39,499.7,2000,99.94
"16",12:46:52,"20230914","BNL19860","20230914_Aci_der_19860","NO",20.7,245,1190,1.56,33.56,34.97,1399.96,1368.96,36.574,40.839,78.3,499.7,1999,99.93
"17",12:48:56,"20230914","BNL19860","20230914_Aci_der_19860","NO",21.6,240,1570,1.57,33.56,34.99,1800.3,1766.59,36.549,40.764,78.15,499.7,2001,99.93
"18",12:50:35,"20230914","BNL19860","20230914_Aci_der_19860","YES",9.68,237,341,1.58,33.56,35.02,434.93,421.47,36.534,40.732,78.07,499.7,2000,99.93
"1",14:33:06,"20230914","BNL19862","20230914_Aci_der_19862","NO",3.12,25.6,223,2.04,33.58,35.02,434.94,430.9,35.628,36.258,69.29,499.7,2000,99.74
"2",14:34:27,"20230914","BNL19862","20230914_Aci_der_19862","NO",3.12,26.6,231,2.04,33.59,35.04,435.01,430.97,35.626,36.281,69.28,499.6,1999,99.74
"3",14:36:01,"20230914","BNL19862","20230914_Aci_der_19862","NO",1.83,27.5,182,2.04,33.59,35.02,300.05,297.64,35.597,36.272,69.26,499.7,1999,99.74
"4",14:37:21,"20230914","BNL19862","20230914_Aci_der_19862","NO",1.36,29.1,166,2.04,33.59,35.03,250.13,248.31,35.559,36.276,69.27,499.7,1999,99.74
"5",14:38:41,"20230914","BNL19862","20230914_Aci_der_19862","NO",0.5,30.6,142,2.04,33.6,35.04,174.9,174.16,35.517,36.271,69.23,499.7,2000,99.74
"6",14:40:02,"20230914","BNL19862","20230914_Aci_der_19862","NO",0.19,32,111,2.04,33.61,35.04,125.17,124.84,35.475,36.262,69.17,499.7,2000,99.73
"7",14:41:23,"20230914","BNL19862","20230914_Aci_der_19862","NO",-0.456,31.6,91.1,2.05,33.61,35.06,70.03,70.52,35.445,36.226,69.12,499.6,2000,99.73
"8",14:42:44,"20230914","BNL19862","20230914_Aci_der_19862","NO",-0.451,31.1,71.7,2.06,33.6,35.06,49.88,50.38,35.427,36.198,69.08,499.7,2000,99.74
"9",14:44:59,"20230914","BNL19862","20230914_Aci_der_19862","NO",3.26,26.7,222,2.07,33.61,35.07,435.03,430.82,35.401,36.068,68.82,499.7,1999,99.73
"10",14:46:19,"20230914","BNL19862","20230914_Aci_der_19862","YES",2.23,18.6,227,2.11,33.61,35.11,434.89,432.01,35.401,35.874,68.44,499.7,1999,99.73
"11",14:47:53,"20230914","BNL19862","20230914_Aci_der_19862","YES",2.14,15.2,233,2.11,33.6,35.11,475,472.24,35.407,35.795,68.31,499.7,2000,99.72
"12",14:49:47,"20230914","BNL19862","20230914_Aci_der_19862","YES",3.01,14.4,318,2.13,33.62,35.15,675.09,671.22,35.416,35.787,68.23,499.7,1999,99.72
"13",14:51:15,"20230914","BNL19862","20230914_Aci_der_19862","NO",3.4,14.3,392,2.13,33.64,35.18,800.13,795.75,35.431,35.8,68.19,499.7,2000,99.72
"14",14:53:04,"20230914","BNL19862","20230914_Aci_der_19862","NO",4.41,14.1,466,2.13,33.63,35.18,1000.34,994.68,35.439,35.803,68.21,499.7,2000,99.71
"15",14:54:42,"20230914","BNL19862","20230914_Aci_der_19862","NO",6.57,13.7,583,2.13,33.61,35.15,1400.15,1391.74,35.385,35.738,68.15,499.7,2000,99.71
"16",14:56:43,"20230914","BNL19862","20230914_Aci_der_19862","NO",7.37,12.5,798,2.12,33.59,35.08,1800.01,1790.56,35.31,35.632,68.04,499.7,2000,99.71
"17",14:58:19,"20230914","BNL19862","20230914_Aci_der_19862","YES",0.711,11.4,320,2.12,33.57,35.07,434.91,433.93,35.284,35.577,68,499.7,2001,99.71
"1",11:17:50,"20230914","BNL19858","20230914_ACi_Ron_19858","YES",2.87,18.6,173,2.04,31.29,34.87,435.17,431.53,35.287,35.742,77.89,500,1801,99.98
"2",11:53:05,"20230914","BNL19858","20230914_ACi_Ron_19858","NO",4.48,40.9,239,2.21,32.37,35.96,435.02,429.15,36.438,37.519,76.9,500,1800,99.91
"3",11:54:27,"20230914","BNL19858","20230914_ACi_Ron_19858","NO",4.47,41.3,241,2.22,32.37,36.01,434.89,429.03,36.465,37.561,76.98,500,1799,99.91
"4",11:55:28,"20230914","BNL19858","20230914_ACi_Ron_19858","NO",2.32,42.1,199,2.2,32.36,35.96,300.12,297,36.459,37.568,77.02,500.1,1800,99.91
"5",11:56:50,"20230914","BNL19858","20230914_ACi_Ron_19858","NO",1.65,41.8,176,2.2,32.35,35.94,250.19,247.93,36.46,37.561,77.03,500,1801,99.91
"6",11:58:12,"20230914","BNL19858","20230914_ACi_Ron_19858","NO",0.109,42.3,140,2.2,32.35,35.97,149.75,149.45,36.485,37.598,77.11,500.1,1800,99.91
"7",11:59:34,"20230914","BNL19858","20230914_ACi_Ron_19858","NO",-0.518,43.1,116,2.19,32.34,35.94,100,100.51,36.476,37.606,77.16,500.1,1799,99.91
"8",12:00:56,"20230914","BNL19858","20230914_ACi_Ron_19858","NO",-1.22,43.4,94.5,2.17,32.34,35.89,50.1,51.5,36.498,37.627,77.23,500.1,1800,99.91
"9",12:02:54,"20230914","BNL19858","20230914_ACi_Ron_19858","YES",5.04,44.3,232,2.18,32.34,35.93,434.91,428.36,36.551,37.707,77.37,500.1,1799,99.9
"10",12:04:16,"20230914","BNL19858","20230914_ACi_Ron_19858","NO",4.76,45,245,2.16,32.33,35.89,434.96,428.73,36.587,37.75,77.5,500,1799,99.9
"11",12:05:17,"20230914","BNL19858","20230914_ACi_Ron_19858","NO",5.84,45.4,246,2.14,32.33,35.84,474.74,467.17,36.612,37.775,77.58,500.1,1800,99.9
"12",12:06:49,"20230914","BNL19858","20230914_ACi_Ron_19858","NO",7.02,46.2,304,2.14,32.32,35.83,574.86,565.75,36.597,37.78,77.63,500.1,1800,99.89
"13",12:08:22,"20230914","BNL19858","20230914_ACi_Ron_19858","NO",8.33,44.8,343,2.28,32.31,36.24,674.8,663.97,36.56,37.781,77.64,500.1,1801,99.89
"14",12:09:50,"20230914","BNL19858","20230914_ACi_Ron_19858","NO",9.17,45.4,438,2.14,32.31,35.79,799.99,788.04,36.513,37.672,77.44,500.1,1801,99.89
"15",12:12:03,"20230914","BNL19858","20230914_ACi_Ron_19858","NO",11,44,553,2.14,32.3,35.75,1000,985.63,36.439,37.565,77.25,500.1,1801,99.89
"16",12:14:13,"20230914","BNL19858","20230914_ACi_Ron_19858","NO",13.9,42.6,815,2.15,32.31,35.76,1399.9,1381.67,36.368,37.465,77.03,500.1,1801,99.89
"17",12:16:23,"20230914","BNL19858","20230914_ACi_Ron_19858","NO",15.5,40,1100,2.17,32.31,35.79,1800.62,1780.1,36.356,37.394,76.86,500.1,1800,99.88
"18",12:18:02,"20230914","BNL19858","20230914_ACi_Ron_19858","YES",3.12,38.5,287,2.19,32.32,35.89,435.05,430.86,36.444,37.456,76.92,500.1,1800,99.88
"1",14:24:11,"20230914","BNL19861","20230914_aci_Ron_19861","NO",11.3,145,276,2.28,34.13,36.38,435.13,419.94,34.464,38.285,70.87,500.1,2001,99.65
"2",14:25:33,"20230914","BNL19861","20230914_aci_Ron_19861","NO",11.3,145,276,2.27,34.13,36.35,434.96,419.73,34.413,38.232,70.79,500.1,2001,99.65
"3",14:26:34,"20230914","BNL19861","20230914_aci_Ron_19861","NO",6.79,145,203,2.27,34.13,36.35,300.11,290.8,34.417,38.238,70.81,500,2001,99.65
"4",14:27:56,"20230914","BNL19861","20230914_aci_Ron_19861","NO",5.23,151,177,2.25,34.11,36.31,249.89,242.63,34.453,38.372,71.11,500.1,2001,99.64
"5",14:29:18,"20230914","BNL19861","20230914_aci_Ron_19861","NO",1.85,164,123,2.2,34.11,36.25,150.03,147.18,34.477,38.628,71.58,500.1,2000,99.64
"6",14:30:41,"20230914","BNL19861","20230914_aci_Ron_19861","NO",0.137,182,94.7,2.15,34.11,36.18,100.05,99.43,34.464,38.944,72.17,500.1,2000,99.64
"7",14:32:04,"20230914","BNL19861","20230914_aci_Ron_19861","NO",-1.63,203,63.4,2.09,34.1,36.08,50.08,51.78,34.403,39.216,72.72,500.1,2001,99.64
"8",14:34:03,"20230914","BNL19861","20230914_aci_Ron_19861","YES",12.3,228,313,2.03,34.1,35.97,434.95,417.92,34.28,39.486,73.21,500.1,2000,99.64
"9",14:35:25,"20230914","BNL19861","20230914_aci_Ron_19861","YES",12.3,226,312,2.04,34.1,35.99,434.76,417.75,34.235,39.434,73.13,500.1,2001,99.63
"10",14:36:26,"20230914","BNL19861","20230914_aci_Ron_19861","NO",13.7,208,330,2.09,34.1,36.06,474.67,455.9,34.217,39.138,72.58,500.1,2000,99.64
"11",14:38:00,"20230914","BNL19861","20230914_aci_Ron_19861","NO",16.1,181,385,2.17,34.1,36.15,574.8,552.85,34.19,38.667,71.72,500.1,2001,99.64
"12",14:39:22,"20230914","BNL19861","20230914_aci_Ron_19861","NO",18.2,165,445,2.21,34.09,36.19,674.74,650.07,34.17,38.372,71.18,500.1,2001,99.63
"13",14:40:50,"20230914","BNL19861","20230914_aci_Ron_19861","NO",19.8,140,513,2.29,34.09,36.28,800.19,773.5,34.184,37.903,70.31,500.1,2001,99.63
"14",14:43:10,"20230914","BNL19861","20230914_aci_Ron_19861","NO",21,97.4,584,2.45,34.1,36.52,999.9,971.81,34.199,37.018,68.65,500.1,2000,99.63
"15",14:45:11,"20230914","BNL19861","20230914_aci_Ron_19861","NO",24.6,74.7,782,2.53,34.11,36.58,1399.78,1367.05,34.223,36.47,67.59,500.1,2000,99.62
"16",14:47:01,"20230914","BNL19861","20230914_aci_Ron_19861","NO",26.4,60.8,997,2.6,34.12,36.69,1800.56,1765.42,34.253,36.141,66.94,500.1,2000,99.62
"17",14:48:36,"20230914","BNL19861","20230914_aci_Ron_19861","YES",4.97,53.6,262,2.62,34.12,36.72,434.66,427.95,34.322,36.008,66.7,500,2001,99.61
"1",10:50:48,"20230915","BNL23103","20230915_aci_Ron_23103","NO",4.75,44.2,242,2.21,32.25,35.27,434.84,428.62,34.056,35.229,72.61,500.1,1999,99.84
"2",10:52:10,"20230915","BNL23103","20230915_aci_Ron_23103","NO",4.79,43.5,238,2.21,32.25,35.27,435.26,429.01,34.202,35.352,72.86,500.1,1999,99.83
"3",10:53:11,"20230915","BNL23103","20230915_aci_Ron_23103","NO",2.47,43.9,196,2.22,32.27,35.34,300.05,296.72,34.292,35.457,73.02,500.1,1999,99.83
"4",10:54:33,"20230915","BNL23103","20230915_aci_Ron_23103","NO",1.84,44.5,173,2.21,32.27,35.36,250.11,247.6,34.365,35.542,73.17,500.1,2000,99.83
"5",10:55:55,"20230915","BNL23103","20230915_aci_Ron_23103","NO",0.316,45.9,133,2.2,32.28,35.35,149.99,149.42,34.416,35.625,73.31,500.1,1999,99.83
"6",10:57:17,"20230915","BNL23103","20230915_aci_Ron_23103","NO",-0.375,48.6,109,2.19,32.27,35.34,100.01,100.33,34.426,35.698,73.49,500.1,2001,99.83
"7",10:58:39,"20230915","BNL23103","20230915_aci_Ron_23103","NO",-1.18,51.1,86.5,2.17,32.27,35.29,50.08,51.43,34.426,35.751,73.62,500.1,2001,99.83
"8",11:00:39,"20230915","BNL23103","20230915_aci_Ron_23103","YES",5.64,55.4,249,2.14,32.25,35.19,434.5,427.12,34.388,35.798,73.8,500.1,2001,99.82
"9",11:02:07,"20230915","BNL23103","20230915_aci_Ron_23103","YES",5.39,53.5,251,2.14,32.24,35.19,434.39,427.32,34.391,35.756,73.76,500.1,2001,99.82
"10",11:03:26,"20230915","BNL23103","20230915_aci_Ron_23103","NO",5.94,51.5,267,2.14,32.24,35.19,474.86,467.1,34.427,35.744,73.71,500.1,2000,99.82
"11",11:05:27,"20230915","BNL23103","20230915_aci_Ron_23103","NO",7.02,50.7,325,2.14,32.24,35.21,574.84,565.66,34.525,35.82,73.85,500.1,2000,99.81
"12",11:07:34,"20230915","BNL23103","20230915_aci_Ron_23103","NO",7.75,48.9,388,2.16,32.27,35.29,674.65,664.47,34.624,35.886,73.88,500.1,2000,99.81
"13",11:09:03,"20230915","BNL23103","20230915_aci_Ron_23103","NO",8.47,45.3,463,2.17,32.26,35.31,800.31,789.18,34.689,35.865,73.85,500.1,2000,99.8
"14",11:11:03,"20230915","BNL23103","20230915_aci_Ron_23103","NO",9.12,40.4,593,2.19,32.28,35.37,1000.07,988.04,34.754,35.814,73.69,500.1,2000,99.8
"15",11:13:25,"20230915","BNL23103","20230915_aci_Ron_23103","NO",11,34.3,828,2.23,32.29,35.45,1399.98,1385.51,34.798,35.716,73.45,500.1,2000,99.8
"16",11:15:30,"20230915","BNL23103","20230915_aci_Ron_23103","NO",11.3,29.4,1110,2.24,32.29,35.47,1799.36,1784.35,34.829,35.623,73.26,500.1,2000,99.8
"17",11:17:05,"20230915","BNL23103","20230915_aci_Ron_23103","YES",1.83,26.3,306,2.24,32.28,35.46,434.78,432.27,34.906,35.615,73.28,500.1,2001,99.8
"1",14:38:26,"20230915","BNL23104","20230915_aci_Ron_23104","YES",4.35,36.5,221,2.95,32.44,37.31,435.17,429.38,33.536,34.837,70.78,500.1,2001,99.48
"2",14:39:38,"20230915","BNL23104","20230915_aci_Ron_23104","NO",4.19,37.1,230,2.96,32.44,37.34,435.12,429.5,33.425,34.756,70.61,500.1,2001,99.48
"3",14:41:00,"20230915","BNL23104","20230915_aci_Ron_23104","NO",4.14,37.2,233,2.96,32.43,37.31,434.98,429.41,33.321,34.654,70.45,500.1,2001,99.48
"4",14:42:01,"20230915","BNL23104","20230915_aci_Ron_23104","NO",2,37.1,197,3.01,32.43,37.42,300.17,297.36,33.26,34.609,70.36,500.1,2001,99.48
"5",14:43:23,"20230915","BNL23104","20230915_aci_Ron_23104","NO",1.44,37.7,176,2.97,32.43,37.3,250.09,248.02,33.194,34.549,70.25,500.1,2001,99.47
"6",14:44:45,"20230915","BNL23104","20230915_aci_Ron_23104","NO",0.142,37.9,136,2.97,32.43,37.3,149.97,149.59,33.166,34.529,70.19,500.1,2000,99.47
"7",14:46:07,"20230915","BNL23104","20230915_aci_Ron_23104","NO",-0.605,38.4,121,2.97,32.43,37.28,100,100.59,33.149,34.528,70.19,500.1,2000,99.47
"8",14:47:29,"20230915","BNL23104","20230915_aci_Ron_23104","NO",-1.22,38.6,98.9,2.96,32.43,37.27,50,51.4,33.149,34.534,70.22,500.1,2000,99.47
"9",14:49:26,"20230915","BNL23104","20230915_aci_Ron_23104","YES",4.16,39.5,242,2.95,32.42,37.24,434.68,429.06,33.127,34.537,70.25,500.1,2000,99.47
"10",14:50:54,"20230915","BNL23104","20230915_aci_Ron_23104","YES",4.31,39.6,236,2.95,32.41,37.23,434.46,428.67,33.118,34.53,70.26,500.1,2000,99.47
"11",14:52:04,"20230915","BNL23104","20230915_aci_Ron_23104","NO",4.84,39.6,252,2.94,32.41,37.19,474.29,467.79,33.112,34.517,70.27,500.1,2000,99.47
"12",14:53:54,"20230915","BNL23104","20230915_aci_Ron_23104","NO",6.12,39.3,293,2.93,32.39,37.15,574.24,566.09,33.06,34.453,70.21,500.1,2001,99.47
"13",14:55:52,"20230915","BNL23104","20230915_aci_Ron_23104","NO",7.38,38.8,333,2.92,32.38,37.1,674.9,665.1,33.005,34.374,70.1,500.1,2001,99.47
"14",14:57:53,"20230915","BNL23104","20230915_aci_Ron_23104","NO",8.93,37.1,369,2.92,32.37,37.07,799.53,787.75,32.96,34.268,69.91,500.1,2001,99.47
"15",14:59:45,"20230915","BNL23104","20230915_aci_Ron_23104","NO",10.5,35,464,2.95,32.38,37.11,999.74,985.87,32.89,34.137,69.61,500.1,2000,99.46
"16",15:01:40,"20230915","BNL23104","20230915_aci_Ron_23104","NO",12.7,31.7,682,2.97,32.37,37.12,1400.03,1383.11,32.819,33.958,69.25,500.1,2000,99.46
"17",15:03:33,"20230915","BNL23104","20230915_aci_Ron_23104","NO",13.9,27.9,910,3,32.37,37.15,1800.14,1781.59,32.728,33.744,68.84,500.1,2001,99.46
"18",15:05:08,"20230915","BNL23104","20230915_aci_Ron_23104","YES",2.31,24.9,265,3.02,32.37,37.17,434.96,431.78,32.707,33.622,68.6,500.1,2001,99.47
"1",09:56:50,"20230919","BNL23112","20230919_Aci_der_23112","YES",8.81,211,344,1.24,30.65,31.95,434.87,423.01,32.229,35.179,79.55,499.8,1999,100
"2",10:07:50,"20230919","BNL23112","20230919_Aci_der_23112","YES",8.62,213,346,1.36,31.53,32.67,434.93,423.15,32.752,36.005,77.46,499.7,2000,100
"3",10:09:12,"20230919","BNL23112","20230919_Aci_der_23112","NO",8.59,211,345,1.35,31.52,32.67,434.91,423.19,32.837,36.056,77.59,499.7,2000,100
"4",10:10:46,"20230919","BNL23112","20230919_Aci_der_23112","NO",5.67,212,241,1.34,31.53,32.67,299.94,292.15,32.938,36.146,77.76,499.7,1999,100
"5",10:12:08,"20230919","BNL23112","20230919_Aci_der_23112","NO",4.36,213,204,1.34,31.54,32.7,250.01,243.97,33.01,36.233,77.9,499.7,2000,100
"6",10:13:30,"20230919","BNL23112","20230919_Aci_der_23112","NO",2.51,217,148,1.33,31.54,32.69,175,171.41,33.068,36.31,78.07,499.7,2000,100
"7",10:14:52,"20230919","BNL23112","20230919_Aci_der_23112","NO",1.14,220,112,1.33,31.54,32.69,125,123.2,33.105,36.381,78.19,499.7,2000,99.99
"8",10:16:14,"20230919","BNL23112","20230919_Aci_der_23112","NO",-0.258,223,70.5,1.32,31.55,32.71,70.01,70.08,33.154,36.463,78.35,499.7,1999,99.99
"9",10:17:36,"20230919","BNL23112","20230919_Aci_der_23112","NO",-0.746,227,55.3,1.32,31.57,32.75,50.11,50.82,33.22,36.581,78.51,499.7,2000,99.99
"10",10:19:49,"20230919","BNL23112","20230919_Aci_der_23112","YES",8.37,232,353,1.31,31.57,32.73,434.9,423.37,33.29,36.682,78.69,499.7,2000,99.98
"11",10:21:11,"20230919","BNL23112","20230919_Aci_der_23112","NO",8.36,233,354,1.31,31.58,32.76,435.03,423.49,33.326,36.739,78.77,499.7,1999,99.98
"12",10:22:47,"20230919","BNL23112","20230919_Aci_der_23112","NO",9.08,233,387,1.31,31.59,32.78,475.06,462.52,33.375,36.786,78.83,499.7,1999,99.98
"13",10:24:40,"20230919","BNL23112","20230919_Aci_der_23112","NO",11.1,233,564,1.32,31.63,32.84,674.92,659.2,33.471,36.898,78.91,499.7,2000,99.98
"14",10:26:12,"20230919","BNL23112","20230919_Aci_der_23112","NO",11.6,230,682,1.32,31.63,32.87,800.21,783.56,33.576,36.972,79.03,499.7,1999,99.98
"15",10:28:10,"20230919","BNL23112","20230919_Aci_der_23112","NO",12.4,228,869,1.32,31.66,32.92,999.98,981.69,33.713,37.092,79.18,499.7,2000,99.97
"16",10:29:50,"20230919","BNL23112","20230919_Aci_der_23112","NO",13.3,225,1250,1.32,31.67,32.95,1399.83,1379.04,33.843,37.181,79.3,499.7,2000,99.96
"17",10:31:55,"20230919","BNL23112","20230919_Aci_der_23112","NO",14,222,1630,1.32,31.69,33,1800.32,1777.4,34.01,37.299,79.47,499.7,1999,99.96
"18",10:33:34,"20230919","BNL23112","20230919_Aci_der_23112","YES",6.66,218,365,1.32,31.7,33.04,434.86,425.43,34.188,37.428,79.7,499.7,1999,99.96
"1",11:50:28,"20230919","BNL23115","20230919_Aci_der_23115","YES",13.7,201,292,1.59,33.37,34.47,434.69,416.69,35.339,38.967,75.33,499.5,2000,99.83
"2",12:19:52,"20230919","BNL23115","20230919_Aci_der_23115","YES",15.3,293,314,1.56,33.88,34.74,434.99,414.4,35.203,40.217,75.63,499.7,1999,99.78
"3",12:21:14,"20230919","BNL23115","20230919_Aci_der_23115","NO",15.3,292,314,1.56,33.88,34.76,434.93,414.37,35.235,40.249,75.65,499.7,1999,99.77
"4",12:22:48,"20230919","BNL23115","20230919_Aci_der_23115","NO",9.92,293,221,1.55,33.87,34.75,299.99,286.58,35.281,40.282,75.76,499.7,1999,99.77
"5",12:24:11,"20230919","BNL23115","20230919_Aci_der_23115","NO",7.81,298,188,1.55,33.89,34.77,250.04,239.4,35.317,40.383,75.88,499.7,2000,99.77
"6",12:25:34,"20230919","BNL23115","20230919_Aci_der_23115","NO",4.56,306,139,1.56,33.94,34.87,174.96,168.57,35.358,40.587,76.05,499.7,1999,99.77
"7",12:26:57,"20230919","BNL23115","20230919_Aci_der_23115","NO",2.28,318,106,1.55,33.97,34.93,125.01,121.58,35.415,40.801,76.32,499.7,2001,99.77
"8",12:28:20,"20230919","BNL23115","20230919_Aci_der_23115","NO",-0.243,327,69.4,1.54,33.97,34.91,69.95,69.85,35.436,40.916,76.52,499.7,2000,99.76
"9",12:29:43,"20230919","BNL23115","20230919_Aci_der_23115","NO",-0.939,337,54.6,1.52,33.96,34.88,50.18,51.01,35.403,40.971,76.68,499.7,2000,99.76
"10",12:31:58,"20230919","BNL23115","20230919_Aci_der_23115","YES",14.6,349,332,1.51,33.95,34.8,434.93,414.93,35.224,40.907,76.59,499.7,2000,99.75
"11",12:33:20,"20230919","BNL23115","20230919_Aci_der_23115","YES",15,355,330,1.5,33.93,34.76,434.82,414.31,35.077,40.824,76.5,499.7,2001,99.75
"12",12:34:55,"20230919","BNL23115","20230919_Aci_der_23115","NO",16.8,352,357,1.51,33.92,34.74,474.78,451.95,34.901,40.649,76.23,499.7,2001,99.75
"13",12:36:55,"20230919","BNL23115","20230919_Aci_der_23115","NO",20.9,343,524,1.53,33.92,34.73,674.94,645.98,34.736,40.431,75.84,499.7,2001,99.75
"14",12:38:26,"20230919","BNL23115","20230919_Aci_der_23115","NO",21.9,334,636,1.55,33.93,34.74,800.1,769.34,34.686,40.302,75.54,499.7,2001,99.74
"15",12:40:16,"20230919","BNL23115","20230919_Aci_der_23115","NO",22.4,313,819,1.58,33.93,34.8,1000.29,967.91,34.726,40.146,75.22,499.7,2000,99.73
"16",12:42:17,"20230919","BNL23115","20230919_Aci_der_23115","NO",23.2,291,1190,1.62,33.96,34.88,1399.48,1364.22,34.847,40.036,74.91,499.7,1999,99.73
"17",12:44:37,"20230919","BNL23115","20230919_Aci_der_23115","NO",24.1,263,1560,1.67,33.98,34.98,1799.54,1761.62,35.009,39.873,74.51,499.7,2000,99.73
"18",12:46:31,"20230919","BNL23115","20230919_Aci_der_23115","YES",12.4,240,319,1.7,33.96,35.01,434.83,417.96,35.1,39.656,74.17,499.7,2001,99.72
"1",09:31:54,"20230919","BNL23113","20230919_Aci_ron_23113","YES",3.3,29.3,238,1.95,30.4,33.92,435.08,430.81,33.017,33.703,77.19,500,1999,99.86
"2",09:35:00,"20230919","BNL23113","20230919_Aci_ron_23113","NO",3.29,31.4,251,1.87,30.3,33.74,434.88,430.62,33.29,33.995,78.32,500.1,2001,99.87
"3",09:36:07,"20230919","BNL23113","20230919_Aci_ron_23113","NO",3.38,32.2,251,1.86,30.3,33.74,435.01,430.64,33.398,34.116,78.59,500.1,1999,99.87
"4",09:37:08,"20230919","BNL23113","20230919_Aci_ron_23113","NO",1.64,31.5,206,1.85,30.3,33.74,300.12,297.93,33.484,34.184,78.78,500.1,2001,99.87
"5",09:38:29,"20230919","BNL23113","20230919_Aci_ron_23113","NO",1.28,30.5,173,2.07,30.3,34.51,250.32,248.59,33.6,34.357,79.18,500.1,2000,99.87
"6",09:39:50,"20230919","BNL23113","20230919_Aci_ron_23113","NO",0.107,35.8,141,1.83,30.3,33.77,150.05,149.8,33.729,34.513,79.54,500,2000,99.87
"7",09:41:11,"20230919","BNL23113","20230919_Aci_ron_23113","NO",-0.311,36.7,111,2.02,30.3,34.49,100.24,100.52,33.857,34.745,80.07,500.1,2000,99.87
"8",09:42:33,"20230919","BNL23113","20230919_Aci_ron_23113","NO",-1.02,41.3,88.9,1.99,30.29,34.45,49.93,51.11,33.97,34.952,80.56,500.1,2000,99.86
"9",09:44:43,"20230919","BNL23113","20230919_Aci_ron_23113","NO",4.43,53.4,284,1.74,30.3,33.72,435.05,429.24,34.108,35.216,81.15,500.1,1999,99.86
"10",09:46:11,"20230919","BNL23113","20230919_Aci_ron_23113","YES",4.56,52.1,275,1.94,30.3,34.44,434.8,428.79,34.22,35.422,81.59,500,2000,99.86
"11",09:47:12,"20230919","BNL23113","20230919_Aci_ron_23113","NO",5.28,52.6,292,1.94,30.3,34.47,474.52,467.6,34.29,35.506,81.78,500.1,1999,99.86
"12",09:48:59,"20230919","BNL23113","20230919_Aci_ron_23113","NO",5.78,47.8,356,1.94,30.31,34.48,574.6,567.02,34.403,35.511,81.75,500,1999,99.86
"13",09:50:51,"20230919","BNL23113","20230919_Aci_ron_23113","NO",6.36,39.6,389,1.97,30.33,34.55,674.89,666.62,34.542,35.475,81.6,500,1999,99.85
"14",09:52:19,"20230919","BNL23113","20230919_Aci_ron_23113","NO",6.88,34.4,447,1.99,30.34,34.62,800.04,791.12,34.641,35.462,81.52,500.1,1999,99.85
"15",09:54:38,"20230919","BNL23113","20230919_Aci_ron_23113","NO",7.48,26.6,512,2.01,30.35,34.67,1000.02,990.38,34.793,35.437,81.38,500.1,1999,99.85
"16",09:56:45,"20230919","BNL23113","20230919_Aci_ron_23113","NO",8.94,20,633,2.05,30.36,34.78,1399.58,1388.15,34.905,35.398,81.26,500.1,2001,99.85
"17",09:58:35,"20230919","BNL23113","20230919_Aci_ron_23113","NO",9.47,15.4,758,2.05,30.36,34.78,1800.36,1788.3,34.982,35.364,81.2,500.1,2000,99.85
"18",10:00:09,"20230919","BNL23113","20230919_Aci_ron_23113","YES",0.787,12.9,322,2.06,30.37,34.86,434.82,433.73,35.137,35.458,81.34,500,1999,99.85
"1",11:44:39,"20230919","BNL23114","20230919_ACi_ron_23114","YES",6.24,94.9,304,2.33,33.93,37.04,435.35,426.7,37.336,39.948,74.85,500.1,2000,99.71
"2",12:08:40,"20230919","BNL23114","20230919_ACi_ron_23114","NO",8.03,117,297,2.24,33.61,37.01,435.03,424.03,37.69,40.774,77.72,500.1,1999,99.66
"3",12:09:41,"20230919","BNL23114","20230919_ACi_ron_23114","NO",7.99,118,298,2.25,33.61,37.01,434.95,424,37.669,40.76,77.7,500.1,2000,99.66
"4",12:10:42,"20230919","BNL23114","20230919_ACi_ron_23114","NO",4.56,119,220,2.24,33.62,37,300.06,293.64,37.654,40.765,77.67,500.1,1999,99.66
"5",12:12:04,"20230919","BNL23114","20230919_ACi_ron_23114","NO",3.41,123,191,2.2,33.63,36.9,249.93,245.03,37.644,40.81,77.71,500.1,2000,99.66
"6",12:13:26,"20230919","BNL23114","20230919_ACi_ron_23114","NO",1.2,129,128,2.22,33.63,37.01,150.17,148.21,37.641,40.993,78.05,500.1,1999,99.66
"7",12:14:48,"20230919","BNL23114","20230919_ACi_ron_23114","NO",0.0317,155,96.1,1.97,33.64,36.33,100.09,99.69,37.654,41.189,78.39,500.1,1999,99.65
"8",12:16:10,"20230919","BNL23114","20230919_ACi_ron_23114","NO",-1.4,156,64.5,2.13,33.64,36.9,50.05,51.52,37.661,41.498,78.96,500.1,1999,99.65
"9",12:18:03,"20230919","BNL23114","20230919_ACi_ron_23114","YES",8.59,175,327,2.06,33.63,36.78,434.85,422.71,37.651,41.799,79.57,500.1,1999,99.65
"10",12:19:26,"20230919","BNL23114","20230919_ACi_ron_23114","NO",8.99,181,326,2.05,33.65,36.78,435.05,422.4,37.69,41.935,79.77,500.1,1999,99.65
"11",12:20:27,"20230919","BNL23114","20230919_ACi_ron_23114","NO",10.2,177,349,2.08,33.67,36.88,474.67,460.38,37.74,41.975,79.73,500.1,1999,99.65
"12",12:22:02,"20230919","BNL23114","20230919_ACi_ron_23114","NO",12.6,173,418,2.11,33.69,36.97,574.86,557.36,37.837,42.012,79.71,500.1,2001,99.65
"13",12:23:31,"20230919","BNL23114","20230919_ACi_ron_23114","NO",14.2,166,491,2.12,33.69,36.98,675.14,655.31,37.885,41.936,79.57,500.1,2001,99.64
"14",12:25:00,"20230919","BNL23114","20230919_ACi_ron_23114","NO",15.5,158,589,2.15,33.68,37.02,800.11,778.36,37.897,41.801,79.34,500.1,2001,99.64
"15",12:27:11,"20230919","BNL23114","20230919_ACi_ron_23114","NO",17.2,146,748,2.18,33.68,37.04,999.93,975.53,37.867,41.56,78.87,500.1,2001,99.63
"16",12:29:24,"20230919","BNL23114","20230919_ACi_ron_23114","NO",19,135,1090,2.21,33.67,37.04,1399.82,1372.13,37.792,41.248,78.35,500.1,2000,99.63
"17",12:31:44,"20230919","BNL23114","20230919_ACi_ron_23114","NO",20.1,125,1440,2.26,33.67,37.1,1799.99,1769.81,37.607,40.909,77.69,500.1,2000,99.63
"18",12:33:18,"20230919","BNL23114","20230919_ACi_ron_23114","YES",6,118,327,2.3,33.68,37.17,434.69,426.07,37.551,40.729,77.32,500.1,2000,99.62
"1",11:14:34,"20230920","BNL23118","20230920_Aci_ron_23118","YES",8.12,68.7,221,2.04,32.14,35.16,435.38,424.9,35.042,36.702,76.11,500.1,2000,99.79
"2",11:15:46,"20230920","BNL23118","20230920_Aci_ron_23118","YES",5.6,55.7,252,2.06,32.15,35.16,434.96,427.64,35.044,36.414,75.46,500.1,1999,99.79
"3",11:17:13,"20230920","BNL23118","20230920_Aci_ron_23118","NO",5.62,50.7,235,2.3,32.15,35.9,434.89,427.52,35.075,36.467,75.56,500.1,1999,99.79
"4",11:18:14,"20230920","BNL23118","20230920_Aci_ron_23118","NO",3.24,51.6,184,2.32,32.15,35.98,300.17,295.84,35.12,36.55,75.73,500.1,1999,99.79
"5",11:19:36,"20230920","BNL23118","20230920_Aci_ron_23118","NO",2.39,52.1,164,2.32,32.15,35.99,250.16,246.92,35.154,36.595,75.82,500.1,1999,99.79
"6",11:21:02,"20230920","BNL23118","20230920_Aci_ron_23118","NO",0.778,57.9,122,2.08,32.15,35.26,149.92,148.77,35.14,36.575,75.77,500.1,2000,99.78
"7",11:22:24,"20230920","BNL23118","20230920_Aci_ron_23118","NO",-0.23,56.9,103,2.06,32.15,35.19,99.98,100.11,35.124,36.523,75.67,500,2000,99.78
"8",11:23:46,"20230920","BNL23118","20230920_Aci_ron_23118","NO",-0.988,57.5,76.9,2.07,32.15,35.19,50.03,51.14,35.113,36.528,75.67,500.1,1999,99.77
"9",11:25:45,"20230920","BNL23118","20230920_Aci_ron_23118","YES",6.07,58.9,248,2.05,32.15,35.15,434.71,426.79,35.103,36.541,75.72,500.1,1999,99.76
"10",11:27:12,"20230920","BNL23118","20230920_Aci_ron_23118","YES",6.13,59.9,248,2.05,32.16,35.19,434.58,426.58,35.169,36.633,75.84,500,1999,99.75
"11",11:28:28,"20230920","BNL23118","20230920_Aci_ron_23118","NO",6.78,55.8,254,2.32,32.18,36.05,474.68,465.8,35.229,36.774,76.06,500.1,1999,99.75
"12",11:30:26,"20230920","BNL23118","20230920_Aci_ron_23118","NO",8.54,56.5,300,2.34,32.2,36.15,574.72,563.55,35.321,36.896,76.19,500.1,1999,99.74
"13",11:32:27,"20230920","BNL23118","20230920_Aci_ron_23118","NO",9.63,54.1,353,2.36,32.22,36.23,674.94,662.33,35.421,36.946,76.21,500,1999,99.73
"14",11:34:41,"20230920","BNL23118","20230920_Aci_ron_23118","NO",11,50.4,406,2.39,32.24,36.34,799.79,785.38,35.527,36.973,76.18,500.1,1999,99.72
"15",11:36:43,"20230920","BNL23118","20230920_Aci_ron_23118","NO",12.6,46.3,511,2.4,32.24,36.37,1000.5,983.97,35.658,36.991,76.19,500,1999,99.71
"16",11:39:02,"20230920","BNL23118","20230920_Aci_ron_23118","NO",14.7,45.3,814,2.14,32.25,35.58,1400.02,1380.68,35.809,36.974,76.11,500.1,1999,99.71
"17",11:41:12,"20230920","BNL23118","20230920_Aci_ron_23118","NO",16.6,37.9,1010,2.44,32.26,36.5,1800.39,1778.48,35.939,37.051,76.23,500.1,1999,99.7
"18",11:42:50,"20230920","BNL23118","20230920_Aci_ron_23118","YES",3.15,35.2,271,2.46,32.26,36.59,434.7,430.45,36.097,37.14,76.4,500.1,2000,99.7
"1",14:55:47,"20230921","BNL23038","20230921_Aci_and_23038","NO",13,118,225,2.05,31.7,35.05,434.89,418.06,33.532,36.372,76.98,500.3,2000,99.37
"2",14:57:09,"20230921","BNL23038","20230921_Aci_and_23038","NO",7.95,117,169,2.05,31.69,35.06,300.07,289.68,33.549,36.369,77.02,500.3,2000,99.37
"3",14:58:31,"20230921","BNL23038","20230921_Aci_and_23038","NO",6.23,119,148,2.05,31.7,35.06,250.18,241.99,33.535,36.389,77.03,500.2,2000,99.36
"4",14:59:53,"20230921","BNL23038","20230921_Aci_and_23038","NO",3.67,120,114,2.06,31.7,35.08,174.8,169.88,33.514,36.402,77.03,500.3,2001,99.36
"5",15:01:15,"20230921","BNL23038","20230921_Aci_and_23038","NO",1.67,122,96.2,2.06,31.71,35.08,125.11,122.72,33.491,36.426,77.06,500.2,1999,99.36
"6",15:02:37,"20230921","BNL23038","20230921_Aci_and_23038","NO",-0.344,124,72.3,2.07,31.74,35.15,69.95,70.14,33.494,36.504,77.1,500.2,2001,99.36
"7",15:03:59,"20230921","BNL23038","20230921_Aci_and_23038","NO",-0.874,127,60.5,2.06,31.73,35.13,50.12,51,33.506,36.562,77.24,500.2,2001,99.36
"8",15:05:42,"20230921","BNL23038","20230921_Aci_and_23038","YES",12.7,129,243,2.03,31.7,35.03,434.9,418.32,33.491,36.539,77.31,500.3,2001,99.36
"9",15:07:10,"20230921","BNL23038","20230921_Aci_and_23038","NO",12.5,125,242,2.02,31.69,34.97,435.33,419.07,33.509,36.448,77.2,500.3,2001,99.36
"10",15:08:32,"20230921","BNL23038","20230921_Aci_and_23038","YES",12.7,120,233,2.02,31.68,34.96,434.95,418.53,33.57,36.412,77.16,500.3,2001,99.35
"11",15:09:54,"20230921","BNL23038","20230921_Aci_and_23038","NO",14.5,119,241,2.02,31.67,34.96,474.62,455.87,33.591,36.398,77.18,500.2,2000,99.35
"12",15:11:25,"20230921","BNL23038","20230921_Aci_and_23038","NO",20.7,117,338,2.01,31.64,34.89,674.74,648.03,33.573,36.321,77.12,500.2,2001,99.36
"13",15:12:56,"20230921","BNL23038","20230921_Aci_and_23038","NO",23.3,112,404,2.01,31.62,34.86,800.05,769.97,33.516,36.151,76.85,500.2,2000,99.36
"14",15:14:27,"20230921","BNL23038","20230921_Aci_and_23038","NO",26.7,103,512,2.03,31.6,34.84,1000.87,966.34,33.466,35.918,76.44,500.2,2000,99.36
"15",15:15:59,"20230921","BNL23038","20230921_Aci_and_23038","NO",32.7,90.1,726,2.06,31.59,34.84,1400.47,1358.2,33.417,35.613,75.86,500.2,2000,99.36
"16",15:17:53,"20230921","BNL23038","20230921_Aci_and_23038","NO",34.5,71.1,916,2.13,31.6,34.92,1800.3,1755.68,33.322,35.127,74.78,500.3,2000,99.35
"17",15:19:21,"20230921","BNL23038","20230921_Aci_and_23038","YES",6.63,58.4,229,2.2,31.6,35.07,434.95,426.32,33.334,34.874,74.21,500.3,2000,99.36
"1",10:18:12,"20230921","BNL23122","20230921_Aci_ron_23122","NO",7.06,63.1,232,2.05,30.1,33.73,434.87,425.72,30.585,32.119,74.98,500,2000,100
"2",10:19:28,"20230921","BNL23122","20230921_Aci_ron_23122","YES",7.19,62.9,228,2.03,30.11,33.75,435.02,425.73,30.835,32.351,75.47,500.1,2000,100
"3",10:20:29,"20230921","BNL23122","20230921_Aci_ron_23122","NO",7.23,63.2,228,2.04,30.14,33.85,435.08,425.73,31.059,32.587,75.9,500.1,1999,100
"4",10:21:30,"20230921","BNL23122","20230921_Aci_ron_23122","NO",3.99,62.7,183,2.03,30.16,33.89,300.05,294.8,31.26,32.772,76.25,500.1,2000,100
"5",10:22:52,"20230921","BNL23122","20230921_Aci_ron_23122","NO",3.21,63.6,157,2.05,30.21,34.07,250.1,245.85,31.52,33.069,76.72,500.1,2001,100
"6",10:24:14,"20230921","BNL23122","20230921_Aci_ron_23122","NO",1.11,64.5,116,2.04,30.23,34.12,149.98,148.41,31.776,33.339,77.25,500.1,2001,100
"7",10:25:36,"20230921","BNL23122","20230921_Aci_ron_23122","NO",0.0505,66.8,95.3,2.01,30.23,34.1,100.03,99.8,32.009,33.6,77.86,500.1,1999,100
"8",10:26:58,"20230921","BNL23122","20230921_Aci_ron_23122","NO",-0.974,70,71.8,2,30.23,34.13,49.97,51.05,32.195,33.847,78.43,500.1,2001,100
"9",10:28:56,"20230921","BNL23122","20230921_Aci_ron_23122","YES",7.69,74.2,244,1.92,30.2,33.94,434.52,424.56,32.412,34.09,79.15,500.1,1999,100
"10",10:30:25,"20230921","BNL23122","20230921_Aci_ron_23122","YES",7.83,77.6,249,1.88,30.16,33.84,434.53,424.39,32.444,34.162,79.47,500,2001,100
"11",10:31:34,"20230921","BNL23122","20230921_Aci_ron_23122","NO",8.72,78.9,271,1.84,30.13,33.72,474.14,462.86,32.433,34.147,79.58,500.1,2001,100
"12",10:33:33,"20230921","BNL23122","20230921_Aci_ron_23122","NO",10.6,87.6,351,1.58,30.08,32.74,574.73,561.12,32.349,33.974,79.41,500.1,2001,100
"13",10:35:32,"20230921","BNL23122","20230921_Aci_ron_23122","NO",12.1,76.3,384,1.81,30.05,33.5,674.79,659.18,32.244,33.868,79.28,500.1,2001,100
"14",10:37:48,"20230921","BNL23122","20230921_Aci_ron_23122","NO",13.5,72.3,458,1.88,30.12,33.75,799.83,782.36,32.3,33.904,79.06,500.1,1999,100
"15",10:39:40,"20230921","BNL23122","20230921_Aci_ron_23122","NO",16,67.7,567,1.92,30.16,33.91,999.69,978.87,32.375,33.917,78.91,500.1,2000,100
"16",10:41:43,"20230921","BNL23122","20230921_Aci_ron_23122","NO",17.9,59.5,851,1.91,30.11,33.78,1400.1,1376.68,32.323,33.672,78.58,500,2001,100
"17",10:43:43,"20230921","BNL23122","20230921_Aci_ron_23122","NO",19.2,51.9,1130,1.92,30.07,33.71,1800,1774.75,32.213,33.398,78.1,500.1,2001,100
"18",10:45:18,"20230921","BNL23122","20230921_Aci_ron_23122","YES",4.63,46.3,255,1.93,30.04,33.7,434.68,428.65,32.172,33.237,77.84,500.1,2001,100
"1",13:55:08,"20230921","BNL23123","20230921_Aci_ron_23123","YES",5.42,39.7,196,2.21,32.31,34.8,435.3,428.33,32.763,33.817,69.41,500.1,2001,99.72
"2",13:56:18,"20230921","BNL23123","20230921_Aci_ron_23123","YES",5.38,40,199,2.22,32.3,34.82,435.06,428.13,32.769,33.834,69.45,500.1,2001,99.71
"3",13:57:19,"20230921","BNL23123","20230921_Aci_ron_23123","NO",5.53,45.5,221,1.93,32.31,33.86,435.18,428.08,32.762,33.813,69.4,500,2001,99.71
"4",13:58:20,"20230921","BNL23123","20230921_Aci_ron_23123","NO",3,45.2,181,1.92,32.31,33.82,300.09,296.17,32.742,33.781,69.32,500.1,2000,99.71
"5",13:59:42,"20230921","BNL23123","20230921_Aci_ron_23123","NO",2.35,46,158,1.91,32.3,33.79,250.08,246.99,32.719,33.771,69.32,500,2001,99.71
"6",14:01:04,"20230921","BNL23123","20230921_Aci_ron_23123","NO",0.864,47.5,115,1.91,32.3,33.78,149.94,148.73,32.689,33.774,69.34,500.1,2001,99.71
"7",14:02:26,"20230921","BNL23123","20230921_Aci_ron_23123","NO",0.0325,49.2,95.8,1.91,32.3,33.76,100.15,99.99,32.646,33.766,69.33,500,2000,99.7
"8",14:03:48,"20230921","BNL23123","20230921_Aci_ron_23123","NO",-0.865,50.7,76.6,1.91,32.31,33.79,49.98,50.96,32.659,33.815,69.37,500.1,2000,99.7
"9",14:05:44,"20230921","BNL23123","20230921_Aci_ron_23123","YES",6.47,53.9,221,1.91,32.32,33.82,434.63,426.33,32.655,33.884,69.46,500.1,2000,99.69
"10",14:07:09,"20230921","BNL23123","20230921_Aci_ron_23123","YES",6.67,54.8,218,1.91,32.32,33.8,434.66,426.11,32.647,33.891,69.48,500.1,2000,99.68
"11",14:08:18,"20230921","BNL23123","20230921_Aci_ron_23123","NO",7.34,54.8,236,1.9,32.32,33.79,474.49,465.08,32.642,33.886,69.48,500,1999,99.68
"12",14:10:25,"20230921","BNL23123","20230921_Aci_ron_23123","NO",9.28,54.9,275,1.9,32.31,33.78,575.33,563.47,32.638,33.883,69.48,500.1,2000,99.67
"13",14:12:13,"20230921","BNL23123","20230921_Aci_ron_23123","NO",11.1,54.6,314,1.9,32.32,33.8,674.48,660.33,32.669,33.909,69.5,500.1,1999,99.66
"14",14:14:16,"20230921","BNL23123","20230921_Aci_ron_23123","NO",13.5,54.1,358,1.91,32.34,33.84,799.96,782.75,32.73,33.965,69.55,500.1,1999,99.65
"15",14:16:07,"20230921","BNL23123","20230921_Aci_ron_23123","NO",15.9,52.2,462,1.92,32.35,33.86,1000.35,980.05,32.791,33.985,69.55,500.1,1999,99.65
"16",14:18:20,"20230921","BNL23123","20230921_Aci_ron_23123","NO",21.5,48,614,1.92,32.35,33.87,1400.35,1372.98,32.857,33.96,69.5,500.1,1999,99.65
"17",14:20:11,"20230921","BNL23123","20230921_Aci_ron_23123","NO",24.9,42.6,781,1.94,32.35,33.91,1800.56,1768.88,32.9,33.89,69.32,500.1,1999,99.64
"18",14:21:46,"20230921","BNL23123","20230921_Aci_ron_23123","YES",4.17,38.8,244,1.96,32.37,33.99,434.73,429.32,33.031,33.942,69.37,500.1,1999,99.64
